time;inlet door drive right motor status S1 slow (1 = on);Inlet side seq is running;zone 1 heating controller setpoint;zone 1 heating controller process value;zone 1 heating controller controller manipulated variable;zone 1 temperature detection wind ahead of charge SP;zone 1 temperature detection wind ahead of charge PV;zone 1 temperature detection wind beyond of charge SP;zone 1 temperature detection wind beyond charge;zone 1 control error temperature wind ahead of charge;zone 1 control error temperature wind beyond of charge;zone 1 combustion air controller setpoint;zone 1 combustion air controller process value;zone 1 combustion air controller controller manipulated variable;zone 1 combustion air control flow metering;zone 1 fuel gas controller setpoint;zone 1 fuel gas controller process value;zone 1 fuel gas controller controller manipulated variable;zone 1 fuel gas control flow metering;zone 1 combustion air/ fuel gas ratio;zone 2 heating controller setpoint;zone 2 heating controller process value;zone 2 heating controller controller manipulated variable;zone 2 temperature detection wind ahead of charge SP;zone 2 temperature detection wind ahead of charge PV;zone 2 temperature detection wind beyond of charge SP;zone 2 temperature detection wind beyond charge;zone 2 control error temperature wind ahead of charge;zone 2 control error temperature wind beyond of charge;zone 2 combustion air controller sepoint;zone 2 combustion air controller controller manipulated variable;zone 2 combustion air control flow metering;zone 2 combustion air controller process value;zone 2 fuel gas controller setpoint;zone 2 fuel gas control flow metering;zone 2 fuel gas controller process value;zone 2 fuel gas controller controller manipulated variable;zone 2 combustion air/ fuel gas ratio;zone 3 heating controller controller manipulated variable;zone 3 heating controller process value;zone 3 heating controller setpoint;zone 3 temperature detection wind ahead of charge PV;zone 3 temperature detection wind ahead of charge SP;zone 3 temperature detection wind beyond of charge SP;zone 3 temperature detection wind beyond charge;zone 3 control error temperature wind beyond of charge;zone 3 control error temperature wind ahead of charge;zone 3 combustion air controller setpoint;zone 3 combustion air controller process value;zone 3 combustion air controller controller manipulated variable;zone 3 combustion air control flow metering;zone 3 fuel gas controller setpoint;zone 3 fuel gas controller process value;zone 3 fuel gas controller controller manipulated variable;zone 3 fuel gas control flow metering;zone 3 combustion air/ fuel gas ratio;zone 4 heating controller setpoint;zone 4 heating controller process value;zone 4 heating controller controller manipulated variable;zone 4 temperature detection wind ahead of charge SP;zone 4 temperature detection wind ahead of charge PV;zone 4 temperature detection wind beyond of charge SP;zone 4 temperature detection wind beyond charge;zone 4 control error temperature wind ahead of charge;zone 4 control error temperature wind beyond of charge;zone 4 combustion air controller setpoint;zone 4 combustion air controller process value;zone 4 combustion air controller controller manipulated variable;zone 4 combustion air control flow metering;zone 4 fuel gas controller setpoint;zone 4 fuel gas controller process value;zone 4 fuel gas controller controller manipulated variable;zone 4 fuel gas control flow metering;zone 4 combustion air/ fuel gas ratio;zone 5 heating controller setpoint;zone 5 heating controller process value;zone 5 heating controller controller manipulated variable;zone 5 temperature detection wind ahead of charge SP;zone 5 temperature detection wind ahead of charge PV;zone 5 temperature detection wind beyond of charge SP;zone 5 temperature detection wind beyond charge;zone 5 control error temperature wind ahead of charge;zone 5 control error temperature wind beyond of charge;zone 5 combustion air controller setpoint;zone 5 combustion air controller process value;zone 5 combustion air controller controller manipulated variable;zone 5 combustion air control flow metering;zone 5 fuel gas controller setpoint;zone 5 fuel gas controller process value;zone 5 fuel gas controller controller manipulated variable;zone 5 fuel gas control flow metering;zone 5 combustion air/ fuel gas ratio;zone 6 heating controller setpoint;zone 6 heating controller process value;zone 6 heating controller controller manipulated variable;zone 6 temperature detection wind ahead of charge SP;zone 6 temperature detection wind ahead of charge PV;zone 6 temperature detection wind beyond of charge SP;zone 6 temperature detection wind beyond charge;zone 6 control error temperature wind ahead of charge;zone 6 control error temperature wind beyond of charge;zone 6 combustion air controller setpoint;zone 6 combustion air controller process value;zone 6 combustion air controller controller manipulated variable;zone 6 combustion air control flow metering;zone 6 fuel gas controller setpoint;zone 6 fuel gas controller process value;zone 6 fuel gas controller controller manipulated variable;zone 6 fuel gas control flow metering;zone 6 combustion air/ fuel gas ratio
10.10.2025 00:03:42.320000;0;0;670;671,4;86,801;670;671,4;645;615,8;-1,40002;29,2;86,801;88,3992;70,821;3536,1;86,801;87,3142;60,9764;286,249;12,3532;670;670,6;69,0602;670;670,6;645;611,3;-0,599976;33,7;69,0602;70,3269;2769,17;69,2049;69,0602;225,769;68,8555;50,2481;12,2655;61,0432;670,3;670;670,3;670;645;617,8;-0,299988;27,2;61,0432;60,9892;62,7552;2500,88;61,0432;60,966;44,7794;200,045;12,5015;670;670,8;54,4197;670;670,8;645;625,8;-0,799988;19,2;54,4197;54,821;59,9837;2193,08;54,4197;54,8901;46,1762;180,04;12,1811;670;670,3;49,7324;670;670,3;645;637,1;-0,299988;7,90002;49,7324;49,7462;51,3636;2121,18;49,7324;50,0992;42,8946;164,377;12,9044;670;670,1;41,5347;670;670,1;645;634,8;-0,0999756;10,2;41,5347;41,7087;45,2694;1710,54;41,5347;41,5162;36,8106;136,238;12,5555
10.10.2025 00:03:42.820000;0;0;670;671,4;86,7915;670;671,4;645;615,7;-1,40002;29,3;86,7915;88,5564;70,5735;3544,31;86,7915;87,1135;61,0322;285,659;12,4075;670;670,7;68,9659;670;670,7;645;611,3;-0,700012;33,7;68,9659;70,3286;2765,84;69,0979;68,9659;225,555;68,7901;50,2417;12,2624;61,0422;670,3;670;670,3;670;645;617,8;-0,299988;27,2;61,0422;61,0227;62,7605;2502,89;61,0422;61,0245;44,7794;200,198;12,5021;670;670,8;54,4146;670;670,8;645;625,8;-0,799988;19,2;54,4146;54,9535;59,9837;2199,82;54,4146;54,8997;46,1454;180,03;12,2192;670;670,2;49,8212;670;670,3;645;637;-0,299988;8;49,8212;49,8286;51,3566;2125,8;49,8212;50,1378;42,896;164,487;12,9238;670;670,1;41,5347;670;670,2;645;634,9;-0,200012;10,1;41,5347;41,7404;45,2979;1711,68;41,5347;41,632;36,8106;136,676;12,5236
10.10.2025 00:03:43.320000;0;0;670;671,3;86,8728;670;671,2;645;615,6;-1,20001;29,4;86,8728;88,4608;70,4691;3542,08;86,8728;86,9841;61,11;285,254;12,4173;670;670,7;68,9616;670;670,7;645;611,3;-0,700012;33,7;68,9616;70,2533;2771,01;69,2302;68,9616;225,287;68,6913;50,2882;12,2999;60,9503;670,4;670;670,5;670;645;617,8;-0,5;27,2;60,9503;61,0416;62,7557;2503,23;60,9503;61,078;44,7682;200,39;12,4918;670;670,8;54,4095;670;670,8;645;625,8;-0,799988;19,2;54,4095;54,8286;59,9837;2194,02;54,4095;54,8159;46,1538;179,785;12,2036;670;670,3;49,7298;670;670,3;645;637;-0,299988;8;49,7298;49,8997;51,3706;2128,37;49,7298;50,2143;42,8076;164,767;12,9174;670;670,2;41,444;670;670,2;645;634,9;-0,200012;10,1;41,444;41,7598;45,302;1712,16;41,444;41,7435;36,722;136,929;12,5039
10.10.2025 00:03:43.820000;0;0;670;671,1;87,0448;670;671,1;645;615,6;-1,09998;29,4;87,0448;88,0025;70,6067;3521,35;87,0448;86,8991;61,1138;284,99;12,356;670;670,7;68,9572;670;670,8;645;611,3;-0,799988;33,7;68,9572;70,252;2769,21;69,2069;68,9572;225,117;68,6567;50,3124;12,3012;60,8575;670,5;670;670,5;670;645;617,8;-0,5;27,2;60,8575;61,0223;62,7801;2505,32;60,8575;61,167;44,686;200,641;12,4866;670;670,6;54,5854;670;670,6;645;625,9;-0,599976;19,1;54,5854;54,861;59,9837;2194,84;54,5854;54,7781;46,226;179,672;12,2158;670;670,3;49,7284;670;670,3;645;637,1;-0,299988;7,90002;49,7284;49,9044;51,4064;2125,83;49,7284;50,2615;42,7603;164,896;12,8919;670;670,2;41,4437;670;670,2;645;635;-0,200012;10;41,4437;41,7872;45,302;1713,96;41,4437;41,8239;36,7135;137,259;12,487
10.10.2025 00:03:44.320000;0;0;670;671;87,1276;670;671;645;615,6;-1;29,4;87,1276;87,4526;70,8828;3494,07;87,1276;86,8001;61,1751;284,679;12,2737;670;670,8;68,8622;670;670,8;645;611,3;-0,799988;33,7;68,8622;70,1334;2773,15;69,3119;68,8622;224,896;68,5659;50,3232;12,3308;60,7646;670,6;670;670,6;670;645;617,5;-0,599976;27,5;60,7646;61,3247;62,7231;2515,66;60,7646;61,1564;44,6757;200,631;12,5387;670;670,7;54,4913;670;670,7;645;626;-0,700012;19;54,4913;54,8114;59,9837;2196,37;54,4913;54,7141;46,2064;179,398;12,243;670;670,3;49,7269;670;670,3;645;637,1;-0,299988;7,90002;49,7269;49,9065;51,4021;2128,79;49,7269;50,2183;42,7485;164,652;12,9291;670;670,2;41,443;670;670,2;645;635;-0,200012;10;41,443;41,8161;45,302;1713,82;41,443;41,8531;36,6452;137,227;12,489
10.10.2025 00:03:44.820000;0;0;670;670,9;87,2111;670;670,9;645;615,6;-0,900024;29,4;87,2111;87,05;71,0365;3482,75;87,2111;86,7874;61,1985;284,583;12,2381;670;670,9;68,7669;670;670,9;645;611,3;-0,900024;33,7;68,7669;70,0532;2775,89;69,3335;68,7669;224,887;68,5759;50,2929;12,3435;60,8506;670,5;670;670,5;670;645;617,4;-0,5;27,6;60,8506;61,2756;62,7532;2512,96;60,8506;61,1762;44,5706;200,595;12,5276;670;670,7;54,4869;670;670,8;645;626,1;-0,799988;18,9;54,4869;54,9686;59,8936;2201,7;54,4869;54,7009;46,2024;179,372;12,2745;670;670,3;49,7254;670;670,3;645;637,1;-0,299988;7,90002;49,7254;49,9601;51,3274;2131,12;49,7254;50,1059;42,7702;164,24;12,9757;670;670,2;41,4423;670;670,1;645;635;-0,0999756;10;41,4423;41,7727;45,302;1712,67;41,4423;41,8013;36,6472;137,057;12,4961
10.10.2025 00:03:45.320000;0;0;670;670,9;87,2053;670;670,9;645;615,6;-0,900024;29,4;87,2053;86,8417;71,1798;3474,7;87,2053;86,7048;61,1542;284,392;12,218;670;670,9;68,7611;670;670,9;645;611,3;-0,900024;33,7;68,7611;69,9752;2775,27;69,4172;68,7611;224,79;68,5415;50,3118;12,346;60,7573;670,6;670;670,7;670;645;617,2;-0,700012;27,8;60,7573;61,252;62,722;2511,86;60,7573;61,0968;44,6221;200,384;12,5352;670;670,9;54,3018;670;670,9;645;626,1;-0,900024;18,9;54,3018;55,0846;59,802;2204,59;54,3018;54,6624;46,1696;179,318;12,2943;670;670,3;49,724;670;670,4;645;637,1;-0,400024;7,90002;49,724;49,9645;51,3047;2130,85;49,724;49,9551;42,8164;163,724;13,0149;670;670,2;41,442;670;670,2;645;635,1;-0,200012;9,90002;41,442;41,7332;45,302;1711,39;41,442;41,7272;36,6651;136,762;12,5136
10.10.2025 00:03:45.820000;0;0;670;670,9;87,1998;670;670,9;645;615,6;-0,900024;29,4;87,1998;86,5951;71,3257;3465,03;87,1998;86,7294;61,1261;284,485;12,18;670;671;68,6649;670;671;645;611,3;-1;33,7;68,6649;69,9387;2777,66;69,3337;68,6649;224,947;68,5734;50,2689;12,3481;60,663;670,7;670;670,7;670;645;617;-0,700012;28;60,663;61,15;62,7477;2507,63;60,663;61,0878;44,5674;200,317;12,5183;670;671;54,206;670;671;645;626,2;-1;18,8;54,206;55,1447;59,7846;2206,03;54,206;54,7264;46,0866;179,528;12,2879;670;670,4;49,6319;670;670,4;645;637,1;-0,400024;7,90002;49,6319;49,9645;51,2762;2130,33;49,6319;49,8103;42,8297;163,352;13,0413;670;670,2;41,4417;670;670,2;645;635,1;-0,200012;9,90002;41,4417;41,7648;45,2889;1712,82;41,4417;41,6392;36,7307;136,577;12,5411
10.10.2025 00:03:46.320000;0;0;670;670,7;87,3744;670;670,7;645;615,5;-0,700012;29,5;87,3744;86,6048;71,4396;3464,65;87,3744;86,7199;61,1328;284,454;12,18;670;671;68,6584;670;671;645;611,3;-1;33,7;68,6584;69,8748;2776,87;69,3741;68,6584;224,802;68,5331;50,2802;12,3526;60,5682;670,8;670;670,8;670;645;617;-0,799988;28;60,5682;61,3028;62,6508;2514,02;60,5682;61,018;44,5353;200,1;12,5638;670;671;54,1994;670;671;645;626,3;-1;18,7;54,1994;54,9565;59,8629;2202,49;54,1994;54,7208;46,0224;179,471;12,2721;670;670,4;49,6292;670;670,4;645;637,1;-0,400024;7,90002;49,6292;49,9803;51,2105;2131,16;49,6292;49,7081;42,8581;163,042;13,0712;670;670,2;41,4404;670;670,2;645;635,1;-0,200012;9,90002;41,4404;41,8661;45,1837;1716,51;41,4404;41,5467;36,6874;136,273;12,5961
10.10.2025 00:03:46.820000;0;0;670;670,7;87,3701;670;670,7;645;615,6;-0,700012;29,4;87,3701;86,6841;71,4401;3472,83;87,3701;86,7055;61,1368;284,368;12,2124;670;671;68,6519;670;671;645;611,3;-1;33,7;68,6519;69,8467;2773,9;69,3397;68,6519;224,946;68,5694;50,2702;12,3314;60,6531;670,7;670;670,7;670;645;617;-0,700012;28;60,6531;61,4157;62,5564;2517,59;60,6531;60,9719;44,5297;199,898;12,5944;670;671;54,1929;670;671;645;626,3;-1;18,7;54,1929;55,0841;59,7862;2205,52;54,1929;54,7255;45,9898;179,506;12,2866;670;670,3;49,7178;670;670,3;645;637,1;-0,299988;7,90002;49,7178;50,0494;51,1681;2134,11;49,7178;49,6344;42,8581;162,768;13,1113;670;670,3;41,3496;670;670,3;645;635,1;-0,299988;9,90002;41,3496;41,8194;45,1845;1714,93;41,3496;41,5238;36,6952;136,216;12,5898
10.10.2025 00:03:47.320000;0;0;670;670,8;87,2764;670;670,8;645;615,6;-0,799988;29,4;87,2764;86,9889;71,2615;3484,94;87,2764;86,6414;61,2402;284,128;12,2654;670;671,1;68,5563;670;671,1;645;611,3;-1,09998;33,7;68,5563;69,7225;2776,5;69,4387;68,5563;224,834;68,5674;50,2702;12,3491;60,5584;670,8;670;670,8;670;645;616,9;-0,799988;28,1;60,5584;61,4943;62,4222;2523,5;60,5584;60,8905;44,5466;199,721;12,6352;670;671,1;54,096;670;671,1;645;626,3;-1,09998;18,7;54,096;55,1218;59,7262;2205,92;54,096;54,6832;45,9384;179,361;12,2988;670;670,3;49,7163;670;670,3;645;637,1;-0,299988;7,90002;49,7163;49,9675;51,1959;2130,61;49,7163;49,592;42,8683;162,636;13,1005;670;670,3;41,3482;670;670,3;645;635,1;-0,299988;9,90002;41,3482;41,796;45,1711;1714,11;41,3482;41,497;36,7004;136,059;12,5983
10.10.2025 00:03:47.820000;0;0;670;670,9;87,1786;670;670,9;645;615,7;-0,900024;29,3;87,1786;86,657;71,3918;3463,51;87,1786;86,548;61,1714;283,865;12,2013;670;671;68,6362;670;671;645;611,3;-1;33,7;68,6362;69,7964;2766,32;69,1663;68,6362;224,89;68,5601;50,2702;12,3008;60,5528;670,8;670;670,8;670;645;616,8;-0,799988;28,2;60,5528;61,3547;62,4629;2515,7;60,5528;60,8448;44,549;199,571;12,6055;670;671,1;54,0873;670;671,1;645;626,4;-1,09998;18,6;54,0873;55,2168;59,6523;2209,72;54,0873;54,6883;45,8929;179,365;12,3197;670;670,3;49,7146;670;670,3;645;637,1;-0,299988;7,90002;49,7146;49,892;51,2231;2127,88;49,7146;49,5148;42,9038;162,421;13,101;670;670,3;41,3464;670;670,3;645;635,1;-0,299988;9,90002;41,3464;41,8149;45,1332;1714,41;41,3464;41,4783;36,7058;136,062;12,6002
10.10.2025 00:03:48.320000;0;0;670;670,9;87,1728;670;670,9;645;615,7;-0,900024;29,3;87,1728;86,2628;71,6293;3452,69;87,1728;86,5249;61,0986;283,802;12,1659;670;671;68,6297;670;671;645;611,2;-1;33,8;68,6297;69,919;2758,65;68,9468;68,6297;224,955;68,5759;50,2702;12,2632;60,5481;670,8;670;670,8;670;645;616,8;-0,799988;28,2;60,5481;61,3102;62,4438;2513,08;60,5481;60,8158;44,5511;199,489;12,5976;670;671,3;53,8987;670;671,3;645;626,4;-1,29999;18,6;53,8987;55,1979;59,6077;2208,49;53,8987;54,6382;45,7981;179,201;12,3242;670;670,2;49,8037;670;670,2;645;637,1;-0,200012;7,90002;49,8037;49,9155;51,2541;2128,56;49,8037;49,4988;42,9574;162,343;13,1115;670;670,2;41,435;670;670,2;645;635,1;-0,200012;9,90002;41,435;41,8614;45,0661;1716,32;41,435;41,4252;36,7173;135,849;12,634
10.10.2025 00:03:48.820000;0;0;670;671;87,0769;670;671;645;615,8;-1;29,2;87,0769;86,2388;71,688;3450,45;87,0769;86,5202;61,0811;283,799;12,1581;670;670,9;68,7138;670;670,9;645;611;-0,900024;34;68,7138;70,021;2754,81;68,8147;68,7138;224,935;68,5817;50,2847;12,2471;60,4525;670,9;670;670,9;670;645;616,7;-0,900024;28,3;60,4525;61,2782;62,4214;2511,61;60,4525;60,7835;44,5122;199,357;12,5985;670;671,4;53,7999;670;671,4;645;626,5;-1,40002;18,5;53,7999;55,246;59,5336;2211,37;53,7999;54,599;45,7682;179,059;12,35;670;670,2;49,803;670;670,2;645;637;-0,200012;8;49,803;49,9189;51,2518;2128,22;49,803;49,4838;42,9774;162,307;13,1123;670;670,1;41,5247;670;670,2;645;635,2;-0,200012;9,79999;41,5247;41,8336;45,1119;1714,54;41,5247;41,4193;36,7197;135,854;12,6204
10.10.2025 00:03:49.320000;0;0;670;671;87,0704;670;671;645;615,8;-1;29,2;87,0704;86,3684;71,6177;3458,84;87,0704;86,5348;61,1191;283,834;12,1861;670;670,7;68,8888;670;670,7;645;610,9;-0,700012;34,1;68,8888;70,0199;2755,85;68,8607;68,8888;224,898;68,5744;50,3539;12,2537;60,2662;671,1;670;671,1;670;645;616,8;-1,09998;28,2;60,2662;61,2275;62,4175;2510,49;60,2662;60,7753;44,4598;199,356;12,593;670;671,4;53,7905;670;671,4;645;626,5;-1,40002;18,5;53,7905;55,361;59,3764;2216,14;53,7905;54,4804;45,7337;178,657;12,4044;670;670,1;49,8924;670;670,1;645;637;-0,0999756;8;49,8924;49,8624;51,2595;2125,97;49,8924;49,4742;42,996;162,262;13,102;670;670,2;41,434;670;670,2;645;635,1;-0,200012;9,90002;41,434;41,7839;45,0773;1713,46;41,434;41,3773;36,7177;135,705;12,6264
10.10.2025 00:03:49.820000;0;0;670;671;87,0639;670;671;645;615,7;-1;29,3;87,0639;86,6079;71,5192;3464,1;87,0639;86,5103;61,1461;283,754;12,2081;670;670,6;68,9746;670;670,6;645;610,8;-0,599976;34,2;68,9746;70,0766;2746,73;68,6769;68,9746;224,858;68,5659;50,2907;12,2154;60,2589;671,1;670;671,1;670;645;616,8;-1,09998;28,2;60,2589;61,3014;62,3288;2511,76;60,2589;60,7256;44,4149;199,167;12,6113;670;671,3;53,8713;670;671,3;645;626,5;-1,29999;18,5;53,8713;55,3671;59,2624;2216,25;53,8713;54,3617;45,7785;178,255;12,433;670;670,1;49,8924;670;670,1;645;637,1;-0,0999756;7,90002;49,8924;49,7978;51,2595;2123,22;49,8924;49,4428;43,0245;162,172;13,0924;670;670,3;41,3432;670;670,3;645;635,1;-0,299988;9,90002;41,3432;41,7107;45,0999;1709,98;41,3432;41,3988;36,7177;135,814;12,5906
10.10.2025 00:03:50.320000;0;0;670;670,9;87,1475;670;670,9;645;615,6;-0,900024;29,4;87,1475;86,2983;71,7511;3453,63;87,1475;86,536;61,0871;283,842;12,1674;670;670,5;69,0613;670;670,5;645;610,7;-0,5;34,3;69,0613;70,2178;2745,03;68,6063;69,0613;225,008;68,5833;50,2864;12,1997;60,3419;671;670;671;670;645;616,7;-1;28,3;60,3419;61,1145;62,3891;2506,17;60,3419;60,7057;44,4333;199,105;12,5872;670;671,3;53,8626;670;671,3;645;626,4;-1,29999;18,6;53,8626;55,3847;59,1098;2216,43;53,8626;54,1991;45,8192;177,711;12,4721;670;670;49,8924;670;670;645;637,1;0;7,90002;49,8924;49,7009;51,3075;2118,45;49,8924;49,4475;42,9981;162,19;13,0615;670;670,3;41,3418;670;670,3;645;635,1;-0,299988;9,90002;41,3418;41,6062;45,11;1705,37;41,3418;41,3701;36,7177;135,67;12,57
10.10.2025 00:03:50.820000;0;0;670;670,8;87,232;670;670,8;645;615,5;-0,799988;29,5;87,232;86,2355;71,8735;3450,48;87,232;86,5272;61,0548;283,809;12,1578;670;670,3;69,2393;670;670,3;645;610,7;-0,299988;34,3;69,2393;70,2551;2751,89;68,7577;69,2393;225,516;68,7275;50,2864;12,2026;60,2448;671,1;670;671,1;670;645;616,8;-1,09998;28,2;60,2448;61,0591;62,3617;2502,46;60,2448;60,6364;44,4029;198,875;12,5831;670;671,2;53,9442;670;671,2;645;626,3;-1,20001;18,7;53,9442;55,2587;59,0494;2211,23;53,9442;54,0844;45,888;177,371;12,4667;670;670;49,8924;670;670;645;637,1;0;7,90002;49,8924;49,7217;51,3029;2120,13;49,8924;49,4279;43,0251;162,136;13,0763;670;670,3;41,3403;670;670,3;645;635;-0,299988;10;41,3403;41,5673;45,1209;1704,9;41,3403;41,3681;36,7177;135,7;12,5637
10.10.2025 00:03:51.320000;0;0;670;670,6;87,4076;670;670,6;645;615,4;-0,599976;29,6;87,4076;85,9508;72,168;3440,04;87,4076;86,5239;60,9238;283,798;12,1214;670;670,2;69,3282;670;670,2;645;610,6;-0,200012;34,4;69,3282;70,2865;2754,66;68,8309;69,3282;226,16;68,9277;50,2864;12,1801;60,2376;671,1;670;671,1;670;645;616,9;-1,09998;28,1;60,2376;60,9507;62,3788;2498,34;60,2376;60,5938;44,3991;198,722;12,572;670;671;54,1173;670;671;645;626,2;-1;18,8;54,1173;55,2419;59,0078;2211,2;54,1173;54,026;45,9026;177,18;12,48;670;669,9;49,8924;670;669,9;645;637,2;0,0999756;7,79999;49,8924;49,6771;51,3308;2119,51;49,8924;49,4087;43,0265;162,048;13,0796;670;670,3;41,3393;670;670,3;645;635;-0,299988;10;41,3393;41,5975;45,0859;1705,18;41,3393;41,3096;36,7177;135,457;12,5883
10.10.2025 00:03:51.820000;0;0;670;670,5;87,4943;670;670,5;645;615,2;-0,5;29,8;87,4943;86,247;72,1382;3449,66;87,4943;86,4732;61,0445;283,61;12,1634;670;670,1;69,418;670;670,1;645;610,6;-0,0999756;34,4;69,418;70,3522;2754,92;68,8416;69,418;226,796;69,1245;50,2081;12,1472;60,3207;671;670;671;670;645;617;-1;28;60,3207;60,9751;62,3085;2499,02;60,3207;60,5167;44,4498;198,459;12,5921;670;670,8;54,2918;670;670,8;645;626,2;-0,799988;18,8;54,2918;55,2468;59,0313;2208,84;54,2918;54,0119;45,9809;177,149;12,4688;670;669,9;49,8924;670;669,9;645;637,2;0,0999756;7,79999;49,8924;49,6614;51,3429;2117,72;49,8924;49,3752;43,0497;161,966;13,0751;670;670,3;41,3379;670;670,3;645;635;-0,299988;10;41,3379;41,5474;45,1023;1703,6;41,3379;41,3079;36,7177;135,517;12,5711
10.10.2025 00:03:52.320000;0;0;670;670,5;87,4914;670;670,5;645;615;-0,5;30;87,4914;85,6972;72,5047;3427,98;87,4914;86,4084;60,8215;283,394;12,0962;670;669,9;69,418;670;669,9;645;610,6;0,0999756;34,4;69,418;70,4377;2751,65;68,7399;69,418;227,093;69,22;50,108;12,1169;60,3137;671;670;671;670;645;617,2;-1;27,8;60,3137;60,9404;62,2526;2497,28;60,3137;60,4201;44,4794;198,165;12,602;670;670,7;54,3773;670;670,6;645;626,1;-0,599976;18,9;54,3773;55,2219;59,0413;2210,72;54,3773;53,9935;46,0388;177,099;12,483;670;669,9;49,8924;670;669,9;645;637,2;0,0999756;7,79999;49,8924;49,557;51,4061;2112,79;49,8924;49,3528;43,0268;161,864;13,0529;670;670,4;41,246;670;670,4;645;635;-0,400024;10;41,246;41,5274;45,0725;1703,26;41,246;41,2735;36,7177;135,3;12,5888
10.10.2025 00:03:52.820000;0;0;670;670,4;87,5795;670;670,4;645;615;-0,400024;30;87,5795;85,6601;72,6564;3428,26;87,5795;86,3759;60,785;283,283;12,1019;670;669,9;69,418;670;669,9;645;610,6;0,0999756;34,4;69,418;70,3733;2758,91;68,9173;69,418;227,369;69,3169;50,1216;12,1341;60,3988;670,9;670;671;670;645;617,3;-1;27,7;60,3988;60,8103;62,2903;2493,38;60,3988;60,384;44,4813;198,031;12,5909;670;670,6;54,4644;670;670,6;645;626;-0,599976;19;54,4644;55,0975;59,1155;2205,26;54,4644;54,0123;46,0837;177,184;12,4462;670;669,9;49,8924;670;669,9;645;637,3;0,0999756;7,70001;49,8924;49,5645;51,4142;2113,59;49,8924;49,3168;43,0507;161,757;13,0665;670;670,4;41,2443;670;670,4;645;634,9;-0,400024;10,1;41,2443;41,5672;45,0288;1704,09;41,2443;41,2455;36,7177;135,322;12,5929
10.10.2025 00:03:53.320000;0;0;670;670,3;87,6674;670;670,3;645;614,7;-0,299988;30,3;87,6674;85,9255;72,6984;3440,63;87,6674;86,3411;60,8657;283,173;12,1503;670;669,8;69,508;670;669,8;645;610,8;0,200012;34,2;69,508;70,5475;2746,52;68,6396;69,508;227,615;69,3869;49,9501;12,0665;60,3914;670,9;670;670,9;670;645;617,2;-0,900024;27,8;60,3914;60,9277;62,1963;2496,44;60,3914;60,3322;44,4813;197,877;12,6161;670;670,4;54,6409;670;670,4;645;625,9;-0,400024;19,1;54,6409;55,0482;59,1519;2202,97;54,6409;54,0033;46,1552;177,131;12,4369;670;670;49,8924;670;670;645;637,4;0;7,59998;49,8924;49,6311;51,3955;2117,24;49,8924;49,288;43,1041;161,664;13,0965;670;670,4;41,2414;670;670,4;645;634,9;-0,400024;10,1;41,2414;41,6146;44,9865;1705,72;41,2414;41,2202;36,7176;135,151;12,6209
10.10.2025 00:03:53.820000;0;0;670;670,3;87,6659;670;670,3;645;614,7;-0,299988;30,3;87,6659;86,3435;72,5777;3456,24;87,6659;86,3218;60,9849;283,123;12,2076;670;669,8;69,5088;670;669,8;645;610,8;0,200012;34,2;69,5088;70,5606;2753,35;68,7903;69,5088;227,899;69,4892;49,9275;12,0815;60,4758;670,8;670;670,8;670;645;617,4;-0,799988;27,6;60,4758;60,6663;62,3503;2486,2;60,4758;60,3031;44,5113;197,768;12,5713;670;670,4;54,6387;670;670,4;645;625,8;-0,400024;19,2;54,6387;55,0714;59,1638;2203,1;54,6387;54,0589;46,2018;177,325;12,4241;670;670;49,8924;670;670;645;637,4;0;7,59998;49,8924;49,7292;51,3534;2120,79;49,8924;49,2602;43,1751;161,585;13,1249;670;670,4;41,2388;670;670,4;645;634,8;-0,400024;10,2;41,2388;41,5262;45,0133;1701,77;41,2388;41,2375;36,7176;135,297;12,5781
10.10.2025 00:03:54.320000;0;0;670;670,3;87,6648;670;670,3;645;614,6;-0,299988;30,4;87,6648;86,3674;72,6241;3457,2;87,6648;86,2731;60,9852;282,946;12,2185;670;669,8;69,5093;670;669,8;645;610,9;0,200012;34,1;69,5093;70,5127;2758,23;68,9402;69,5093;227,75;69,4555;49,9744;12,1108;60,5618;670,7;670;670,6;670;645;617,5;-0,599976;27,5;60,5618;60,5536;62,3939;2482,7;60,5618;60,2517;44,5357;197,614;12,5634;670;670,3;54,727;670;670,3;645;625,8;-0,299988;19,2;54,727;55,0638;59,1512;2203,84;54,727;54,0793;46,2182;177,46;12,4188;670;670;49,8924;670;670;645;637,4;0;7,59998;49,8924;49,7077;51,3668;2119,54;49,8924;49,2933;43,1728;161,75;13,1038;670;670,4;41,237;670;670,4;645;634,8;-0,400024;10,2;41,237;41,525;45,0052;1702,04;41,237;41,2253;36,7176;135,147;12,594
10.10.2025 00:03:54.820000;0;0;670;670,2;87,7538;670;670,2;645;614,5;-0,200012;30,5;87,7538;86,6204;72,6114;3466,52;87,7538;86,2186;61,1164;282,784;12,2585;670;669,7;69,6001;670;669,7;645;611,1;0,299988;33,9;69,6001;70,5254;2763,78;68,975;69,6001;227,409;69,3516;50,0049;12,1533;60,6482;670,6;670;670,5;670;645;617,4;-0,5;27,6;60,6482;60,4875;62,4259;2479,35;60,6482;60,223;44,5651;197,544;12,5508;670;670,4;54,6353;670;670,4;645;625,7;-0,400024;19,3;54,6353;55,0217;59,157;2201,71;54,6353;54,1686;46,2141;177,75;12,3866;670;670;49,8924;670;670;645;637,4;0;7,59998;49,8924;49,6706;51,3922;2119,07;49,8924;49,4496;43,1105;162,336;13,0536;670;670,4;41,2348;670;670,4;645;634,8;-0,400024;10,2;41,2348;41,479;45,0175;1700,96;41,2348;41,1865;36,7176;135,143;12,5864
10.10.2025 00:03:55.320000;0;0;670;670,3;87,6624;670;670,3;645;614,4;-0,299988;30,6;87,6624;86,3479;72,7693;3455,14;87,6624;86,1337;61,0566;282,493;12,2309;670;669,8;69,5112;670;669,9;645;611,2;0,0999756;33,8;69,5112;70,3772;2774,83;69,3151;69,5112;226,757;69,1451;50,1388;12,237;60,7352;670,5;670;670,5;670;645;617,5;-0,5;27,5;60,7352;60,6045;62,4172;2482,55;60,7352;60,2395;44,6174;197,637;12,5611;670;670,5;54,543;670;670,5;645;625,7;-0,5;19,3;54,543;54,8773;59,1666;2192,42;54,543;54,2281;46,1746;177,907;12,3234;670;670;49,8924;670;670;645;637,4;0;7,59998;49,8924;49,769;51,3466;2122,95;49,8924;49,6383;43,08;162,929;13,0299;670;670,4;41,2327;670;670,3;645;634,9;-0,299988;10,1;41,2327;41,5535;44,9681;1704,33;41,2327;41,2027;36,7176;135,081;12,6171
10.10.2025 00:03:55.820000;0;0;670;670,3;87,6607;670;670,3;645;614,3;-0,299988;30,7;87,6607;86,0297;73,0246;3442,4;87,6607;86,0632;61,0186;282,287;12,1947;670;669,9;69,4213;670;670;645;611,3;0;33,7;69,4213;70,3306;2779,96;69,4585;69,4213;225,909;68,9101;50,2932;12,3056;60,8223;670,4;670;670,4;670;645;617,5;-0,400024;27,5;60,8223;60,4725;62,5399;2480,53;60,8223;60,3179;44,5433;197,855;12,5371;670;670,5;54,5395;670;670,5;645;625,7;-0,5;19,3;54,5395;54,7777;59,2063;2194,22;54,5395;54,279;46,1671;178,048;12,3238;670;670,1;49,8924;670;670,1;645;637,5;-0,0999756;7,5;49,8924;49,8039;51,3352;2126,03;49,8924;49,8028;43,0682;163,456;13,0068;670;670,3;41,3209;670;670,4;645;634,9;-0,400024;10,1;41,3209;41,5646;44,993;1703,96;41,3209;41,1636;36,7447;135,055;12,6168
10.10.2025 00:03:56.320000;0;0;670;670,2;87,7496;670;670,2;645;614,3;-0,200012;30,7;87,7496;85,9854;73,1245;3438,08;87,7496;86,0829;61,0186;282,378;12,1755;670;670;69,4213;670;670;645;611,4;0;33,6;69,4213;70,3376;2771,49;69,3076;69,4213;225,547;68,7879;50,3202;12,2879;60,7302;670,5;670;670,5;670;645;617,5;-0,5;27,5;60,7302;60,5983;62,4382;2485,49;60,7302;60,3697;44,5783;198,047;12,55;670;670,6;54,4468;670;670,6;645;625,7;-0,599976;19,3;54,4468;54,8663;59,1035;2196,12;54,4468;54,3135;46,1221;178,183;12,3251;670;670,2;49,8021;670;670,2;645;637,5;-0,200012;7,5;49,8021;49,9174;51,3352;2127,36;49,8021;49,9339;43,0553;163,87;12,982;670;670,4;41,2292;670;670,4;645;634,9;-0,400024;10,1;41,2292;41,5166;44,962;1702,18;41,2292;41,1552;36,7226;134,935;12,6148
10.10.2025 00:03:56.820000;0;0;670;670,1;87,839;670;670,1;645;614,4;-0,0999756;30,6;87,839;86,0503;73,2434;3446,27;87,839;86,0952;61,0142;282,38;12,2044;670;670;69,4213;670;670;645;611,4;0;33,6;69,4213;70,3809;2770,2;69,2314;69,4213;225,189;68,6827;50,3587;12,3017;60,7273;670,5;670;670,5;670;645;617,5;-0,5;27,5;60,7273;60,8143;62,4223;2493,87;60,7273;60,4524;44,6083;198,309;12,5756;670;670,8;54,2622;670;670,8;645;625,7;-0,799988;19,3;54,2622;54,8459;59,0487;2195,85;54,2622;54,3609;46,1092;178,355;12,3117;670;670,3;49,7111;670;670,3;645;637,5;-0,299988;7,5;49,7111;49,9466;51,3358;2130,04;49,7111;50,0205;42,9772;164,119;12,9787;670;670,2;41,4073;670;670,2;645;634,9;-0,200012;10,1;41,4073;41,5079;44,9992;1701,34;41,4073;41,136;36,7563;135,003;12,6023
10.10.2025 00:03:57.320000;0;0;670;670,1;87,839;670;670,1;645;614,8;-0,0999756;30,2;87,839;86,4811;73,1579;3462,07;87,839;86,0431;61,1636;282,183;12,2689;670;670;69,4213;670;669,9;645;611,3;0,0999756;33,7;69,4213;70,3949;2770,08;69,2163;69,4213;224,942;68,5916;50,4214;12,3147;60,5438;670,7;670;670,7;670;645;617,5;-0,700012;27,5;60,5438;60,7474;62,4142;2489,84;60,5438;60,4867;44,5653;198,435;12,5474;670;670,9;54,1665;670;670,9;645;625,7;-0,900024;19,3;54,1665;54,751;59,0848;2190,41;54,1665;54,3836;46,0588;178,378;12,2796;670;670,4;49,6191;670;670,4;645;637,5;-0,400024;7,5;49,6191;50,0222;51,336;2133,75;49,6191;50,1138;42,883;164,373;12,9811;670;670,1;41,4969;670;670,1;645;634,9;-0,0999756;10,1;41,4969;41,4958;45,0438;1701,65;41,4969;41,1471;36,8338;134,924;12,6119
10.10.2025 00:03:57.820000;0;0;670;670,2;87,7487;670;670,2;645;614,9;-0,200012;30,1;87,7487;86,6872;73,0816;3471,11;87,7487;85,989;61,2986;282,022;12,3079;670;670;69,4213;670;670;645;611,3;0;33,7;69,4213;70,3453;2774,88;69,3242;69,4213;225,091;68,6087;50,4967;12,3278;60,4491;670,8;670;670,8;670;645;617,4;-0,799988;27,6;60,4491;60,7201;62,3778;2492,08;60,4491;60,5433;44,5465;198,585;12,5492;670;670,9;54,1607;670;671;645;625,7;-1;19,3;54,1607;54,8227;59,0463;2196,66;54,1607;54,413;46,036;178,529;12,3043;670;670,5;49,5264;670;670,5;645;637,5;-0,5;7,5;49,5264;49,9318;51,4023;2128,16;49,5264;50,159;42,7972;164,601;12,9292;670;670,1;41,4969;670;670,1;645;634,9;-0,0999756;10,1;41,4969;41,5117;45,0438;1701,98;41,4969;41,1496;36,8509;134,985;12,6086
10.10.2025 00:03:58.320000;0;0;670;670;87,8387;670;670;645;615;0;30;87,8387;86,7586;73,1508;3472,85;87,8387;85,9117;61,4047;281,79;12,3242;670;670;69,4213;670;670;645;611,2;0;33,8;69,4213;70,3453;2781,1;69,4998;69,4213;225,412;68,6878;50,5468;12,3379;60,4441;670,8;670;670,8;670;645;617,3;-0,799988;27,7;60,4441;60,9254;62,2548;2500,18;60,4441;60,5302;44,5465;198,526;12,5937;670;671;54,0643;670;671;645;625,8;-1;19,2;54,0643;54,8031;59,036;2194,28;54,0643;54,413;45,9822;178,475;12,2946;670;670,7;49,3425;670;670,8;645;637,6;-0,799988;7,40002;49,3425;49,8534;51,4681;2125,1;49,3425;50,1873;42,6689;164,563;12,9136;670;670,1;41,4969;670;670,1;645;634,9;-0,0999756;10,1;41,4969;41,4873;45,0438;1701,78;41,4969;41,125;36,8732;134,826;12,6221
10.10.2025 00:03:58.820000;0;0;670;670,1;87,8387;670;670,1;645;615,1;-0,0999756;29,9;87,8387;86,8194;73,178;3473,52;87,8387;85,9144;61,4817;281,799;12,3262;670;670;69,4213;670;670;645;611,1;0;33,9;69,4213;70,3449;2776,01;69,4443;69,4213;226,305;68,9486;50,4767;12,2666;60,5292;670,7;670;670,6;670;645;617,3;-0,599976;27,7;60,5292;60,9515;62,2306;2496,45;60,5292;60,5499;44,5461;198,552;12,5733;670;671;54,0578;670;671;645;625,9;-1;19,1;54,0578;54,8074;59,0386;2193,97;54,0578;54,4584;45,9434;178,624;12,2827;670;670,8;49,2475;670;670,8;645;637,6;-0,799988;7,40002;49,2475;49,8083;51,4455;2125,42;49,2475;50,071;42,6274;164,156;12,9475;670;670,1;41,4969;670;670,2;645;634,9;-0,200012;10,1;41,4969;41,4835;45,0438;1699,71;41,4969;41,1043;36,8997;134,874;12,6022
10.10.2025 00:03:59.320000;0;0;670;670;87,8387;670;670;645;615,3;0;29,7;87,8387;86,911;73,1894;3478,63;87,8387;85,8138;61,6155;281,409;12,3615;670;670;69,4213;670;670;645;610,8;0;34,2;69,4213;70,3589;2771,59;69,294;69,4213;226,982;69,1578;50,355;12,2106;60,7056;670,5;670;670,5;670;645;617,1;-0,5;27,9;60,7056;60,6333;62,3741;2481,97;60,7056;60,5106;44,5485;198,491;12,5042;670;670,8;54,2317;670;670,8;645;626,1;-0,799988;18,9;54,2317;54,8592;58,9841;2195,72;54,2317;54,4365;46,0033;178,567;12,2964;670;670,8;49,2424;670;670,8;645;637,7;-0,799988;7,29999;49,2424;49,8677;51,3685;2127,32;49,2424;49,9406;42,633;163,653;12,9989;670;670,2;41,4063;670;670,2;645;634,9;-0,200012;10,1;41,4063;41,4787;45,0438;1700,43;41,4063;41,0976;36,8851;134,738;12,6203
10.10.2025 00:03:59.820000;0;0;670;669,9;87,8387;670;669,9;645;615,4;0,0999756;29,6;87,8387;86,9669;73,2066;3476,39;87,8387;85,7668;61,7325;281,354;12,3559;670;670;69,4213;670;670;645;610,7;0;34,3;69,4213;70,4956;2764,3;69,0398;69,4213;227,711;69,3889;50,2355;12,1395;60,7927;670,4;670;670,4;670;645;616,9;-0,400024;28,1;60,7927;60,2832;62,5448;2470,17;60,7927;60,5537;44,475;198,603;12,4377;670;670,9;54,1362;670;670,9;645;626,5;-0,900024;18,5;54,1362;54,995;58,919;2202,76;54,1362;54,4874;45,9346;178,719;12,3253;670;670,8;49,2373;670;670,8;645;637,7;-0,799988;7,29999;49,2373;49,8071;51,3685;2123,63;49,2373;49,7291;42,6827;163,009;13,0277;670;670,3;41,3154;670;670,3;645;634,9;-0,299988;10,1;41,3154;41,5013;45,0004;1702,21;41,3154;41,078;36,8717;134,779;12,6297
10.10.2025 00:04:00.320000;0;0;670;669,9;87,8387;670;669,9;645;615,4;0,0999756;29,6;87,8387;86,5699;73,4667;3461,94;87,8387;85,7668;61,6328;281,315;12,3063;670;669,9;69,4213;670;669,9;645;610,5;0,0999756;34,5;69,4213;70,5829;2757,71;68,9865;69,4213;227,994;69,5024;50,1475;12,0955;60,8808;670,3;670;670,3;670;645;616,8;-0,299988;28,2;60,8808;60,345;62,6291;2473,85;60,8808;60,5302;44,4981;198,578;12,4578;670;671;54,0401;670;671;645;626,7;-1;18,3;54,0401;55,1626;58,7996;2207,22;54,0401;54,4795;45,8809;178,719;12,3503;670;670,8;49,2323;670;670,8;645;637,7;-0,799988;7,29999;49,2323;49,7809;51,3148;2122,64;49,2323;49,5803;42,7189;162,546;13,0587;670;670,3;41,3136;670;670,3;645;634,9;-0,299988;10,1;41,3136;41,5244;44,9814;1702,5;41,3136;41,1171;36,8642;134,864;12,6238
10.10.2025 00:04:00.820000;0;0;670;669,8;87,9292;670;669,9;645;615,5;0,0999756;29,5;87,9292;86,621;73,5621;3465,11;87,9292;85,8291;61,6736;281,611;12,3046;670;669,9;69,4213;670;669,9;645;610,5;0,0999756;34,5;69,4213;70,6277;2759,08;68,9657;69,4213;227,915;69,5101;50,1036;12,1058;60,9695;670,2;670;670,2;670;645;616,7;-0,200012;28,3;60,9695;60,537;62,5999;2483,75;60,9695;60,579;44,5293;198,722;12,4986;670;671;54,0335;670;671;645;626,8;-1;18,2;54,0335;55,0118;58,8665;2198,48;54,0335;54,527;45,835;178,858;12,2918;670;670,8;49,2272;670;670,8;645;637,6;-0,799988;7,40002;49,2272;49,8255;51,2062;2124,35;49,2272;49,4307;42,765;162,102;13,105;670;670,3;41,3125;670;670,3;645;634,9;-0,299988;10,1;41,3125;41,5288;44,9731;1702,53;41,3125;41,2595;36,8277;135,531;12,562
10.10.2025 00:04:01.320000;0;0;670;669,7;88,0197;670;669,8;645;615,6;0,200012;29,4;88,0197;86,8562;73,5606;3476,12;88,0197;85,956;61,7609;282,055;12,3242;670;669,9;69,4213;670;669,9;645;610,5;0,0999756;34,5;69,4213;70,5979;2761,78;68,9805;69,4213;227,307;69,335;50,1577;12,15;60,8786;670,3;670;670,3;670;645;616,7;-0,299988;28,3;60,8786;60,5205;62,5811;2481,96;60,8786;60,5702;44,5293;198,712;12,4903;670;671;54,027;670;671,1;645;627;-1,09998;18;54,027;54,9866;58,806;2201,62;54,027;54,4294;45,8475;178,454;12,3372;670;670,7;49,3117;670;670,7;645;637,6;-0,700012;7,40002;49,3117;49,7563;51,1635;2121,61;49,3117;49,3193;42,803;161,767;13,1152;670;670,4;41,2203;670;670,4;645;634,9;-0,400024;10,1;41,2203;41,4618;45,0277;1699,45;41,2203;41,4317;36,7813;135,921;12,5032
10.10.2025 00:04:01.820000;0;0;670;669,8;87,9305;670;669,7;645;615,6;0,299988;29,4;87,9305;86,9073;73,5515;3478,94;87,9305;86,1488;61,7524;282,722;12,3051;670;669,8;69,5118;670;669,8;645;610,5;0,200012;34,5;69,5118;70,5646;2768,99;69,1739;69,5118;226,792;69,187;50,2532;12,2094;60,9676;670,2;670;670,2;670;645;616,8;-0,200012;28,2;60,9676;60,6115;62,5948;2487,63;60,9676;60,6199;44,5293;198,82;12,5119;670;671,1;53,9298;670;671;645;627,1;-1;17,9;53,9298;54,9821;58,757;2200,32;53,9298;54,3875;45,8029;178,404;12,3334;670;670,6;49,3986;670;670,6;645;637,5;-0,599976;7,5;49,3986;49,8342;51,1454;2124,67;49,3986;49,2481;42,8243;161,508;13,1552;670;670,5;41,1278;670;670,5;645;634,9;-0,5;10,1;41,1278;41,4739;45,0298;1700,43;41,1278;41,578;36,6723;136,376;12,4687
10.10.2025 00:04:02.320000;0;0;670;669,8;87,9316;670;669,9;645;615,7;0,0999756;29,3;87,9316;87,2252;73,4473;3492,96;87,9316;86,3961;61,8244;283,587;12,3171;670;669,7;69,603;670;669,7;645;610,6;0,299988;34,4;69,603;70,6662;2761,84;69,0944;69,603;226,142;68,9727;50,2649;12,2128;60,9669;670,2;670;670,2;670;645;616,9;-0,200012;28,1;60,9669;60,7168;62,5526;2487,97;60,9669;60,5998;44,5368;198,82;12,5137;670;670,9;54,1032;670;670,9;645;627,1;-0,900024;17,9;54,1032;54,963;58,6916;2200,36;54,1032;54,3025;45,8527;178,036;12,359;670;670,7;49,3036;670;670,7;645;637,5;-0,700012;7,5;49,3036;49,8317;51,0698;2124,35;49,3036;49,1687;42,8209;161,26;13,1734;670;670,4;41,2155;670;670,4;645;634,9;-0,400024;10,1;41,2155;41,4077;45,1085;1697,88;41,2155;41,6573;36,653;136,636;12,4263
10.10.2025 00:04:02.820000;0;0;670;670;87,8417;670;670;645;615,9;0;29,1;87,8417;87,3362;73,3741;3495,22;87,8417;86,7162;61,7856;284,611;12,2807;670;669,7;69,6045;670;669,7;645;610,7;0,299988;34,3;69,6045;70,7573;2759,46;68,9748;69,6045;225,79;68,8692;50,2591;12,2214;60,876;670,3;670;670,3;670;645;616,9;-0,299988;28,1;60,876;60,7409;62,5049;2487,64;60,876;60,643;44,5301;198,885;12,5079;670;670,8;54,1875;670;670,8;645;627,2;-0,799988;17,8;54,1875;54,9182;58,6534;2199,68;54,1875;54,2539;45,9;177,89;12,3654;670;670,7;49,3001;670;670,7;645;637,4;-0,700012;7,59998;49,3001;49,8135;51,0567;2123,89;49,3001;49,1459;42,8308;161,161;13,1787;670;670,4;41,2129;670;670,4;645;635;-0,400024;10;41,2129;41,4354;45,1623;1698,85;41,2129;41,77;36,5419;137,018;12,3987
10.10.2025 00:04:03.320000;0;0;670;670,1;87,8417;670;670,2;645;616,1;-0,200012;28,9;87,8417;87,5322;73,2926;3497,64;87,8417;86,9824;61,7921;285,469;12,2522;670;669,7;69,6059;670;669,7;645;610,8;0,299988;34,2;69,6059;70,8441;2755,29;68,8738;69,6059;225,284;68,7038;50,2879;12,2303;60,7843;670,4;670;670,4;670;645;617,1;-0,400024;27,9;60,7843;60,5384;62,5701;2481,71;60,7843;60,5947;44,5301;198,738;12,4874;670;670,7;54,2727;670;670,7;645;627,4;-0,700012;17,6;54,2727;55,0229;58,5694;2203,72;54,2727;54,1623;45,9264;177,601;12,4082;670;670,6;49,3856;670;670,6;645;637,3;-0,599976;7,70001;49,3856;49,769;51,0954;2122,15;49,3856;49,0696;42,9065;160,948;13,1853;670;670,4;41,2107;670;670,4;645;635;-0,400024;10;41,2107;41,4475;45,1825;1699,51;41,2107;41,7911;36,5362;137,062;12,3996
10.10.2025 00:04:03.820000;0;0;670;670,2;87,751;670;670,3;645;616,2;-0,299988;28,8;87,751;87,0859;73,4959;3483,66;87,751;87,2152;61,609;286,207;12,1718;670;669,7;69,6069;670;669,7;645;610,8;0,299988;34,2;69,6069;70,9728;2742,3;68,6145;69,6069;224,858;68,5816;50,262;12,1957;60,8726;670,3;670;670,3;670;645;617,2;-0,299988;27,8;60,8726;60,737;62,5209;2489,28;60,8726;60,5846;44,552;198,705;12,5275;670;670,5;54,4488;670;670,5;645;627,5;-0,5;17,5;54,4488;55,2497;58,4986;2210,23;54,4488;54,0993;46,026;177,446;12,4558;670;670,5;49,4724;670;670,5;645;637,2;-0,5;7,79999;49,4724;49,7845;51,117;2122,81;49,4724;48,969;43,0034;160,618;13,2165;670;670,4;41,2086;670;670,4;645;635,1;-0,400024;9,90002;41,2086;41,4435;45,2227;1699,18;41,2086;41,8374;36,4842;137,265;12,3788
10.10.2025 00:04:04.320000;0;0;670;670,5;87,4787;670;670,5;645;616,3;-0,5;28,7;87,4787;87,0128;73,4441;3481,91;87,4787;87,4945;61,4482;286,982;12,1328;670;669,9;69,4278;670;669,9;645;611,1;0,0999756;33,9;69,4278;71,1127;2736,72;68,3907;69,4278;224,566;68,4651;50,262;12,1867;60,8709;670,3;670;670,3;670;645;617,1;-0,299988;27,9;60,8709;60,7912;62,5056;2492,6;60,8709;60,5659;44,5877;198,669;12,5465;670;670,3;54,6263;670;670,3;645;627,7;-0,299988;17,3;54,6263;55,0842;58,6283;2202,81;54,6263;54,0452;46,1462;177,255;12,4273;670;670,5;49,4695;670;670,4;645;637,1;-0,400024;7,90002;49,4695;49,8229;51,0804;2124,13;49,4695;48,9462;43,0391;160,556;13,2298;670;670,6;41,0254;670;670,6;645;635,1;-0,599976;9,90002;41,0254;41,4509;45,2388;1699,65;41,0254;41,8381;36,3687;137,203;12,3878
10.10.2025 00:04:04.820000;0;0;670;670,6;87,3861;670;670,6;645;616,4;-0,599976;28,6;87,3861;86,9109;73,5918;3479,93;87,3861;87,6349;61,323;287,558;12,1017;670;669,8;69,5183;670;669,8;645;611,1;0,200012;33,9;69,5183;71,1431;2742,36;68,5317;69,5183;224,358;68,402;50,2746;12,2231;60,8695;670,3;670;670,3;670;645;617,2;-0,299988;27,8;60,8695;60,8409;62,5056;2494,48;60,8695;60,5576;44,6221;198,629;12,5585;670;670,3;54,6248;670;670,3;645;627,7;-0,299988;17,3;54,6248;54,965;58,6695;2199,48;54,6248;54,0487;46,1761;177,28;12,4068;670;670,4;49,5572;670;670,4;645;637,1;-0,400024;7,90002;49,5572;49,7936;51,1268;2122,24;49,5572;49,0672;43,0551;161,045;13,1779;670;670,7;40,9317;670;670,7;645;635,1;-0,700012;9,90002;40,9317;41,4854;45,1843;1701,06;40,9317;41,7359;36,3638;136,903;12,4253
10.10.2025 00:04:05.320000;0;0;670;670,6;87,3818;670;670,6;645;616,5;-0,599976;28,5;87,3818;86,9301;73,7232;3478,59;87,3818;87,8222;61,2053;288,057;12,0761;670;669,8;69,5191;670;669,8;645;611,1;0,200012;33,9;69,5191;71,1897;2743,09;68,5499;69,5191;224,121;68,3296;50,3158;12,2393;60,7777;670,4;670;670,4;670;645;617,2;-0,400024;27,8;60,7777;60,7856;62,5057;2492,37;60,7777;60,5616;44,6053;198,668;12,5454;670;670,1;54,8047;670;670,1;645;627,7;-0,0999756;17,3;54,8047;55,0418;58,7115;2203,83;54,8047;54,0354;46,2932;177,21;12,4363;670;670,4;49,5551;670;670,4;645;637;-0,400024;8;49,5551;49,6766;51,1817;2117,89;49,5551;49,2876;42,9844;161,728;13,0954;670;670,7;40,9273;670;670,7;645;635,2;-0,700012;9,79999;40,9273;41,4736;45,1138;1701,22;40,9273;41,5039;36,3783;136,017;12,5074
10.10.2025 00:04:05.820000;0;0;670;670,7;87,2878;670;670,7;645;616,6;-0,700012;28,4;87,2878;86,8282;73,8481;3474,52;87,2878;87,8568;61,0903;288,17;12,0572;670;669,8;69,5198;670;669,8;645;611;0,200012;34;69,5198;71,206;2746,09;68,6249;69,5198;224,03;68,3017;50,3664;12,2577;60,5046;670,7;670;670,7;670;645;617;-0,700012;28;60,5046;60,9388;62,3758;2498,49;60,5046;60,5886;44,5621;198,731;12,5723;670;670;54,8047;670;670;645;627,8;0;17,2;54,8047;55,1459;58,6473;2206,56;54,8047;54,0428;46,3354;177,286;12,4463;670;670,3;49,6434;670;670,3;645;636,9;-0,299988;8,09998;49,6434;49,6873;51,1918;2118,83;49,6434;49,4596;42,9588;162,305;13,0546;670;670,7;40,923;670;670,7;645;635,2;-0,700012;9,79999;40,923;41,5208;45,0394;1702,19;40,923;41,2803;36,4429;135,348;12,5764
10.10.2025 00:04:06.320000;0;0;670;670,8;87,1928;670;670,8;645;616,7;-0,799988;28,3;87,1928;86,7146;73,9326;3469,97;87,1928;87,7941;61,0069;287,965;12,05;670;669,8;69,5205;670;669,8;645;611;0,200012;34;69,5205;71,2558;2746;68,6225;69,5205;223,863;68,2508;50,4048;12,2664;60,5003;670,7;670;670,7;670;645;617;-0,700012;28;60,5003;60,9616;62,3411;2499,59;60,5003;60,5807;44,5621;198,718;12,5786;670;670,1;54,8047;670;670,1;645;627,9;-0,0999756;17,1;54,8047;55,1221;58,6439;2204,97;54,8047;54,0976;46,3558;177,427;12,4274;670;670,4;49,5513;670;670,5;645;636,9;-0,5;8,09998;49,5513;49,6875;51,1911;2118,52;49,5513;49,6163;42,9262;162,767;13,0156;670;670,8;40,828;670;670,8;645;635,2;-0,799988;9,79999;40,828;41,5522;44,8854;1703;40,828;41,0374;36,4881;134,526;12,6593
10.10.2025 00:04:06.820000;0;0;670;670,8;87,1877;670;670,8;645;616,7;-0,799988;28,3;87,1877;86,5413;74,0407;3462,24;87,1877;87,702;60,9024;287,624;12,0374;670;669,8;69,5208;670;669,8;645;610,9;0,200012;34,1;69,5208;71,1927;2751,81;68,7558;69,5208;224,163;68,3306;50,4401;12,276;60,4056;670,8;670;670,8;670;645;617;-0,799988;28;60,4056;61,0819;62,2613;2504,68;60,4056;60,5821;44,5303;198,696;12,6056;670;670;54,8047;670;670;645;628,1;0;16,9;54,8047;54,943;58,7265;2199,87;54,8047;54,1811;46,3608;177,727;12,3778;670;670,5;49,4585;670;670,5;645;637;-0,5;8;49,4585;49,7004;51,1911;2118,42;49,4585;49,7192;42,8566;163,105;12,9881;670;670,7;40,9135;670;670,7;645;635,2;-0,700012;9,79999;40,9135;41,5951;44,7705;1705,56;40,9135;40,8855;36,5299;134,066;12,7218
10.10.2025 00:04:07.320000;0;0;670;671;87,002;670;671;645;616,7;-1;28,3;87,002;86,843;73,8641;3476,55;87,002;87,5337;61,0281;287,046;12,1115;670;669,8;69,5215;670;669,8;645;610,9;0,200012;34,1;69,5215;71,2605;2752,27;68,7831;69,5215;224,59;68,4569;50,4242;12,2546;60,4005;670,8;670;670,8;670;645;616,9;-0,799988;28,1;60,4005;61,0068;62,267;2501,12;60,4005;60,5677;44,5298;198,675;12,589;670;670,1;54,8047;670;670,1;645;628,3;-0,0999756;16,7;54,8047;55,1448;58,6175;2207,31;54,8047;54,2492;46,3662;177,963;12,4032;670;670,4;49,5456;670;670,4;645;637;-0,400024;8;49,5456;49,7197;51,1912;2120,53;49,5456;49,8032;42,8081;163,38;12,9791;670;670,7;40,9092;670;670,7;645;635,1;-0,700012;9,90002;40,9092;41,5903;44,7343;1705,36;40,9092;40,8133;36,5299;133,906;12,7355
10.10.2025 00:04:07.820000;0;0;670;671,1;86,9054;670;671,1;645;616,8;-1,09998;28,2;86,9054;86,6934;73,8422;3469,28;86,9054;87,2797;61,0376;286,213;12,1213;670;669,8;69,5223;670;669,8;645;611;0,200012;34;69,5223;71,3443;2748,82;68,701;69,5223;225,17;68,6337;50,3408;12,2078;60,3049;670,9;670;670,9;670;645;616,8;-0,900024;28,2;60,3049;60,9173;62,2948;2498,09;60,3049;60,5681;44,4831;198,663;12,5745;670;670;54,8047;670;670;645;628,4;0;16,6;54,8047;55,1869;58,5814;2208,52;54,8047;54,3319;46,3604;178,234;12,3911;670;670,4;49,5435;670;670,4;645;637;-0,400024;8;49,5435;49,7867;51,1912;2122,27;49,5435;49,8741;42,8013;163,6;12,9723;670;670,6;40,9955;670;670,6;645;635,1;-0,599976;9,90002;40,9955;41,4892;44,7983;1700,58;40,9955;40,9781;36,5304;134,472;12,6463
10.10.2025 00:04:08.320000;0;0;670;671,1;86,8982;670;671,1;645;616,8;-1,09998;28,2;86,8982;86,5242;73,8494;3460,91;86,8982;87,0661;61,024;285,513;12,1218;670;669,8;69,523;670;669,8;645;611;0,200012;34;69,523;71,4099;2745,75;68,6602;69,523;225,856;68,8389;50,3085;12,1571;60,2991;670,9;670;670,9;670;645;616,7;-0,900024;28,3;60,2991;60,8514;62,3004;2495,07;60,2991;60,542;44,4811;198,578;12,5647;670;670;54,8047;670;670;645;628,5;0;16,5;54,8047;55,1426;58,5862;2207,07;54,8047;54,337;46,3825;178,238;12,3827;670;670,4;49,5413;670;670,4;645;636,9;-0,400024;8,09998;49,5413;49,7336;51,2417;2120,8;49,5413;49,9261;42,7619;163,783;12,9488;670;670,7;40,9013;670;670,7;645;635,1;-0,700012;9,90002;40,9013;41,3811;44,891;1695,99;40,9013;41,1082;36,4853;134,861;12,5758
10.10.2025 00:04:08.820000;0;0;670;671;86,981;670;671;645;616,7;-1;28,3;86,981;86,3353;73,8824;3453,51;86,981;86,8682;61,0006;284,863;12,1234;670;669,9;69,4333;670;669,9;645;611;0,0999756;34;69,4333;71,4628;2744,22;68,57;69,4333;226,452;69,0284;50,1776;12,1183;60,2933;670,9;670;670,9;670;645;616,6;-0,900024;28,4;60,2933;60,451;62,3997;2477,21;60,2933;60,5394;44,4702;198,569;12,4753;670;670;54,8047;670;670;645;628,5;0;16,5;54,8047;54,9846;58,6537;2199,95;54,8047;54,3773;46,3896;178,371;12,3336;670;670,3;49,6298;670;670,3;645;636,9;-0,299988;8,09998;49,6298;49,7308;51,2548;2119,88;49,6298;49,9389;42,777;163,825;12,9399;670;670,7;40,897;670;670,6;645;635,1;-0,599976;9,90002;40,897;41,2952;44,9736;1692,94;40,897;41,258;36,4119;135,378;12,5053
10.10.2025 00:04:09.320000;0;0;670;670,9;87,0646;670;670,9;645;616,7;-0,900024;28,3;87,0646;86,2306;74,0579;3450,44;87,0646;86,6531;61,0201;284,158;12,1427;670;669,9;69,4333;670;669,9;645;611,1;0,0999756;33,9;69,4333;71,4775;2746,36;68,6315;69,4333;226,918;69,1627;50,1226;12,1029;60,2875;670,9;670;670,9;670;645;616,6;-0,900024;28,4;60,2875;60,4882;62,4005;2480,66;60,2875;60,5272;44,4633;198,516;12,496;670;669,9;54,8047;670;670,1;645;628,5;-0,0999756;16,5;54,8047;55,097;58,5903;2204,12;54,8047;54,3589;46,4194;178,336;12,3594;670;670,2;49,7188;670;670,2;645;636,9;-0,200012;8,09998;49,7188;49,7194;51,2846;2119,88;49,7188;49,9687;42,7882;163,872;12,9362;670;670,6;40,9833;670;670,6;645;635,2;-0,599976;9,79999;40,9833;41,2327;44,9736;1690,7;40,9833;41,3292;36,4014;135,573;12,4708
10.10.2025 00:04:09.820000;0;0;670;670,8;87,1492;670;670,8;645;616,6;-0,799988;28,4;87,1492;86,4917;74,011;3459,29;87,1492;86,57;61,1371;283,911;12,1844;670;670;69,4333;670;670;645;611,2;0;33,8;69,4333;71,3738;2758,5;68,911;69,4333;227,34;69,307;50,1512;12,1338;60,2817;670,9;670;670,9;670;645;616,5;-0,900024;28,5;60,2817;60,3879;62,4213;2475,1;60,2817;60,5285;44,4508;198,521;12,4677;670;670,1;54,8047;670;670,1;645;628,5;-0,0999756;16,5;54,8047;55,093;58,5802;2202,84;54,8047;54,3981;46,4253;178,413;12,3469;670;670,2;49,7185;670;670,2;645;636,8;-0,200012;8,20001;49,7185;49,6404;51,3497;2116,19;49,7185;49,9952;42,733;163,971;12,9058;670;670,5;41,0697;670;670,5;645;635,2;-0,5;9,79999;41,0697;41,1983;45,043;1689,13;41,0697;41,4322;36,3398;135,936;12,4259
10.10.2025 00:04:10.320000;0;0;670;670,7;87,2345;670;670,7;645;616,5;-0,700012;28,5;87,2345;86,0639;74,3182;3442,98;87,2345;86,5472;60,9708;283,849;12,1296;670;670,1;69,4333;670;670,1;645;611,2;-0,0999756;33,8;69,4333;71,3316;2762,76;69,0373;69,4333;227,573;69,3701;50,161;12,1401;60,366;670,8;670;670,8;670;645;616,4;-0,799988;28,6;60,366;60,3888;62,4248;2475,14;60,366;60,5329;44,4372;198,561;12,4654;670;670,1;54,8047;670;670,1;645;628,5;-0,0999756;16,5;54,8047;55,1128;58,5605;2205,23;54,8047;54,3789;46,4544;178,363;12,3638;670;670,2;49,7178;670;670,2;645;636,8;-0,200012;8,20001;49,7178;49,6348;51,3882;2116,75;49,7178;50,0308;42,6974;164,088;12,9001;670;670,6;40,9763;670;670,6;645;635,2;-0,599976;9,79999;40,9763;41,2211;45,0619;1690,23;40,9763;41,4717;36,2992;136,014;12,4268
10.10.2025 00:04:10.820000;0;0;670;670,8;87,1396;670;670,8;645;616,5;-0,799988;28,5;87,1396;85,9758;74,3891;3443,44;87,1396;86,4903;60,9242;283,662;12,1392;670;670,2;69,343;670;670,3;645;611,1;-0,299988;33,9;69,343;71,3556;2763,22;69,0648;69,343;227,912;69,4774;50,1134;12,1241;60,3609;670,8;670;670,8;670;645;616,4;-0,799988;28,6;60,3609;60,2986;62,478;2471,44;60,3609;60,5342;44,4367;198,526;12,4489;670;670,1;54,8047;670;670,1;645;628,5;-0,0999756;16,5;54,8047;55,0613;58,5727;2201,73;54,8047;54,4271;46,4554;178,521;12,3332;670;670,1;49,8072;670;670,1;645;636,8;-0,0999756;8,20001;49,8072;49,6833;51,3815;2119,93;49,8072;50,0319;42,6982;164,079;12,9202;670;670,5;41,0631;670;670,5;645;635,2;-0,5;9,79999;41,0631;41,2607;45,0816;1691,37;41,0631;41,5313;36,2837;136,236;12,415
10.10.2025 00:04:11.320000;0;0;670;670,9;87,044;670;670,9;645;616,5;-0,900024;28,5;87,044;86,1031;74,3361;3446,94;87,044;86,4472;60,9723;283,546;12,1565;670;670,4;69,1614;670;670,4;645;611,1;-0,400024;33,9;69,1614;71,4033;2763,57;69,0817;69,1614;228,166;69,5479;50,0697;12,1121;60,4464;670,7;670;670,7;670;645;616,4;-0,700012;28,6;60,4464;60,2025;62,5506;2469,26;60,4464;60,5538;44,3746;198,651;12,4302;670;670,2;54,7145;670;670,2;645;628,4;-0,200012;16,6;54,7145;54,9807;58,5617;2201,22;54,7145;54,4467;46,4289;178,593;12,3254;670;670,2;49,7171;670;670,2;645;636,8;-0,200012;8,20001;49,7171;49,7172;51,338;2119,61;49,7171;49,9574;42,7302;163,829;12,9379;670;670,5;41,0602;670;670,5;645;635,2;-0,5;9,79999;41,0602;41,3081;45,0275;1692,83;41,0602;41,453;36,2907;135,907;12,4558
10.10.2025 00:04:11.820000;0;0;670;670,8;87,1288;670;670,8;645;616,5;-0,799988;28,5;87,1288;86,3311;74,3111;3455,58;87,1288;86,4319;61,0634;283,497;12,1891;670;670,5;69,069;670;670,5;645;611,1;-0,5;33,9;69,069;71,4082;2769,24;69,1634;69,069;228,236;69,592;50,0213;12,1332;60,6227;670,5;670;670,5;670;645;616,3;-0,5;28,7;60,6227;60,3239;62,5091;2474,08;60,6227;60,5689;44,4047;198,666;12,4535;670;670,2;54,7137;670;670,2;645;628,3;-0,200012;16,7;54,7137;55,2185;58,4227;2209,78;54,7137;54,4948;46,4193;178,769;12,3611;670;670,2;49,7164;670;670,2;645;636,8;-0,200012;8,20001;49,7164;49,7957;51,2708;2123,79;49,7164;49,8227;42,7789;163,393;12,9981;670;670,4;41,1473;670;670,4;645;635,2;-0,400024;9,79999;41,1473;41,3427;45,006;1694,89;41,1473;41,3205;36,328;135,493;12,5091
10.10.2025 00:04:12.320000;0;0;670;670,7;87,2143;670;670,7;645;616,5;-0,700012;28,5;87,2143;86,7357;74,1863;3471,78;87,2143;86,473;61,1316;283,67;12,2388;670;670,6;68,976;670;670,6;645;611,1;-0,599976;33,9;68,976;71,3602;2768;69,1963;68,976;227,946;69,4995;50,0321;12,1432;60,6198;670,5;670;670,5;670;645;616,4;-0,5;28,6;60,6198;60,4323;62,4886;2478,36;60,6198;60,5898;44,4343;198,76;12,4691;670;670,3;54,6227;670;670,3;645;628,2;-0,299988;16,8;54,6227;55,271;58,3216;2211,08;54,6227;54,5234;46,377;178,862;12,3619;670;670,3;49,6253;670;670,3;645;637;-0,299988;8;49,6253;49,826;51,2708;2126,2;49,6253;49,7298;42,7793;163,062;13,0392;670;670,3;41,2354;670;670,3;645;635,2;-0,299988;9,79999;41,2354;41,3276;45,0056;1694,27;41,2354;41,153;36,3912;134,918;12,5578
10.10.2025 00:04:12.820000;0;0;670;670,7;87,21;670;670,7;645;616,5;-0,700012;28,5;87,21;86,8573;74,142;3477,6;87,21;86,5752;61,1526;283,992;12,2454;670;670,5;69,0627;670;670,6;645;611,2;-0,599976;33,8;69,0627;71,2687;2773,98;69,2817;69,0627;227,497;69,3824;50,0551;12,1935;60,7072;670,4;670;670,4;670;645;616,3;-0,400024;28,7;60,7072;60,6698;62,4468;2487,3;60,7072;60,6391;44,4553;198,87;12,5071;670;670,2;54,7117;670;670,2;645;628,2;-0,200012;16,8;54,7117;55,0035;58,4734;2200,22;54,7117;54,6222;46,3774;179,174;12,2798;670;670,3;49,6241;670;670,3;645;637;-0,299988;8;49,6241;49,9086;51,1915;2127,78;49,6241;49,6629;42,781;162,882;13,0634;670;670,2;41,3241;670;670,2;645;635,2;-0,200012;9,79999;41,3241;41,3621;45,0048;1696,64;41,3241;41,0685;36,4572;134,692;12,5965
10.10.2025 00:04:13.320000;0;0;670;670,6;87,2957;670;670,6;645;616,4;-0,599976;28,6;87,2957;87,1847;74,0213;3490,22;87,2957;86,649;61,2743;284,183;12,2816;670;670,7;68,879;670;670,7;645;611,1;-0,700012;33,9;68,879;71,2286;2775,93;69,3625;68,879;226,879;69,186;50,0478;12,2353;60,7948;670,3;670;670,3;670;645;616,4;-0,299988;28,6;60,7948;60,7341;62,4468;2490,74;60,7948;60,6582;44,4553;198,972;12,518;670;670,2;54,711;670;670,2;645;628,1;-0,200012;16,9;54,711;54,7263;58,5647;2190,25;54,711;54,6531;46,3774;179,275;12,2172;670;670,3;49,6227;670;670,3;645;637,1;-0,299988;7,90002;49,6227;49,8369;51,1995;2125,05;49,6227;49,6077;42,781;162,662;13,0642;670;670,3;41,2332;670;670,3;645;635,2;-0,299988;9,79999;41,2332;41,4163;44,9627;1698,41;41,2332;40,9742;36,4707;134,331;12,6435
10.10.2025 00:04:13.820000;0;0;670;670,5;87,3826;670;670,5;645;616,3;-0,5;28,7;87,3826;86,9546;74,1919;3476,54;87,3826;86,6698;61,2;284,277;12,2294;670;670,8;68,7846;670;670,8;645;611,1;-0,799988;33,9;68,7846;71,1318;2777,08;69,3712;68,7846;226,368;69,0225;50,1026;12,268;60,8834;670,2;670;670,2;670;645;616,5;-0,200012;28,5;60,8834;60,8317;62,4468;2492,66;60,8834;60,6748;44,4634;198,988;12,5267;670;670,1;54,8009;670;670,1;645;628;-0,0999756;17;54,8009;54,8022;58,5647;2193,44;54,8009;54,6892;46,3824;179,393;12,227;670;670,4;49,5307;670;670,4;645;637,1;-0,400024;7,90002;49,5307;49,766;51,1807;2121,86;49,5307;49,5144;42,781;162,382;13,0671;670;670,2;41,3218;670;670,2;645;635,2;-0,200012;9,79999;41,3218;41,4877;44,9182;1700,85;41,3218;40,9042;36,512;134,153;12,6784
10.10.2025 00:04:14.320000;0;0;670;670,8;87,109;670;670,8;645;616,4;-0,799988;28,6;87,109;86,655;74,3271;3468,06;87,109;86,6813;61,1283;284,315;12,198;670;670,9;68,6889;670;670,9;645;611,1;-0,900024;33,9;68,6889;70,9127;2785,08;69,6027;68,6889;225,869;68,8743;50,0816;12,3305;60,7924;670,3;670;670,2;670;645;616,5;-0,200012;28,5;60,7924;60,8637;62,4477;2496,85;60,7924;60,6581;44,4713;198,972;12,5488;670;670,1;54,8009;670;670,1;645;627,9;-0,0999756;17,1;54,8009;55,026;58,5009;2201,6;54,8009;54,6898;46,3825;179,383;12,2732;670;670,4;49,5285;670;670,4;645;637,1;-0,400024;7,90002;49,5285;49,7546;51,1774;2122,18;49,5285;49,4617;42,781;162,222;13,082;670;670,2;41,3211;670;670,2;645;635,1;-0,200012;9,90002;41,3211;41,4173;44,9937;1697,92;41,3211;40,803;36,6114;133,744;12,6953
10.10.2025 00:04:14.820000;0;0;670;670,7;87,1941;670;670,7;645;616,4;-0,700012;28,6;87,1941;86,5913;74,338;3465,45;87,1941;86,7001;61,1244;284,374;12,1862;670;671;68,5928;670;671;645;611,1;-1;33,9;68,5928;70,823;2783,54;69,5723;68,5928;225,439;68,7476;50,0903;12,3472;60,9718;670,1;670;670,1;670;645;616,6;-0,0999756;28,4;60,9718;61,0351;62,446;2503,25;60,9718;60,676;44,542;198,99;12,5798;670;670;54,8009;670;670;645;627,7;0;17,3;54,8009;55,0253;58,492;2200,77;54,8009;54,7349;46,3782;179,529;12,2586;670;670,5;49,4357;670;670,4;645;637,1;-0,400024;7,90002;49,4357;49,8021;51,0937;2122,12;49,4357;49,4282;42,781;162,111;13,0906;670;670,1;41,411;670;670,1;645;635,1;-0,0999756;9,90002;41,411;41,4245;44,9937;1698,26;41,411;40,7535;36,7015;133,683;12,7036
10.10.2025 00:04:15.320000;0;0;670;670,7;87,1898;670;670,7;645;616,5;-0,700012;28,5;87,1898;86,6293;74,345;3467,39;87,1898;86,7259;61,1278;284,461;12,1893;670;671,1;68,4961;670;671,1;645;611,2;-1,09998;33,8;68,4961;70,8379;2775,82;69,3756;68,4961;225,189;68,6592;50,0858;12,3266;60,9718;669,9;670;669,9;670;645;616,7;0,0999756;28,3;60,9718;60,9975;62,446;2501,72;60,9718;60,66;44,5623;198,99;12,5721;670;670,1;54,8009;670;670,1;645;627,6;-0,0999756;17,4;54,8009;54,9579;58,5216;2199,84;54,8009;54,7487;46,3782;179,589;12,2493;670;670,4;49,5234;670;670,4;645;637,1;-0,400024;7,90002;49,5234;49,7867;51,1348;2121,63;49,5234;49,4172;42,7838;162,076;13,0904;670;670;41,411;670;670;645;635,1;0;9,90002;41,411;41,4482;44,9937;1700,49;41,411;40,8108;36,7144;133,988;12,6914
10.10.2025 00:04:15.820000;0;0;670;670,8;87,0951;670;670,8;645;616,5;-0,799988;28,5;87,0951;86,8399;74,2144;3479,84;87,0951;86,7037;61,1425;284,375;12,2368;670;671,3;68,3082;670;671,3;645;611,2;-1,29999;33,8;68,3082;70,7619;2776,15;69,3803;68,3082;224,884;68,5897;50,0693;12,3448;60,9718;669,9;670;669,9;670;645;616,8;0,0999756;28,2;60,9718;60,9002;62,446;2496,64;60,9718;60,653;44,549;198,903;12,552;670;670,1;54,8009;670;670,1;645;627,4;-0,0999756;17,6;54,8009;55,032;58,4788;2200,72;54,8009;54,7534;46,3782;179,578;12,2549;670;670,4;49,5212;670;670,4;645;637,1;-0,400024;7,90002;49,5212;49,6585;51,1924;2116,96;49,5212;49,3787;42,8001;161,898;13,0759;670;670;41,411;670;670;645;635,1;0;9,90002;41,411;41,4904;44,9937;1700,92;41,411;41,0739;36,6345;134,864;12,6121
10.10.2025 00:04:16.320000;0;0;670;670,8;87,09;670;670,8;645;616,6;-0,799988;28,4;87,09;87,2154;74,1253;3487,02;87,09;86,6317;61,2894;284,113;12,2733;670;671,3;68,2995;670;671,3;645;611,3;-1,29999;33,7;68,2995;70,6946;2769,95;69,2736;68,2995;224,434;68,4445;50,0815;12,342;60,9718;669,9;670;670;670;645;616,8;0;28,2;60,9718;60,874;62,4462;2497,65;60,9718;60,6198;44,5618;198,833;12,5615;670;670,1;54,8009;670;670,1;645;627,1;-0,0999756;17,9;54,8009;54,8277;58,5407;2191,43;54,8009;54,7024;46,3782;179,424;12,2137;670;670,4;49,5191;670;670,4;645;637,1;-0,400024;7,90002;49,5191;49,6517;51,1932;2117,31;49,5191;49,3253;42,8256;161,723;13,0922;670;670,1;41,411;670;670,1;645;635,1;-0,0999756;9,90002;41,411;41,5299;44,984;1702,25;41,411;41,2108;36,5903;135,21;12,5896
10.10.2025 00:04:16.820000;0;0;670;670,8;87,0859;670;670,8;645;616,6;-0,799988;28,4;87,0859;87,1726;74,1373;3489,1;87,0859;86,5925;61,3238;284,036;12,284;670;671,4;68,2023;670;671,4;645;611,3;-1,40002;33,7;68,2023;70,7588;2764,6;69,0314;68,2023;224,28;68,3936;50,0615;12,3266;60,9718;670;670;670,1;670;645;616,9;-0,0999756;28,1;60,9718;60,7201;62,524;2491,6;60,9718;60,6159;44,5086;198,82;12,5319;670;670,2;54,7105;670;670,2;645;627,1;-0,200012;17,9;54,7105;54,7451;58,5407;2191,16;54,7105;54,7102;46,3782;179,449;12,2105;670;670,4;49,5173;670;670,4;645;637,1;-0,400024;7,90002;49,5173;49,5958;51,2085;2115,93;49,5173;49,294;42,8436;161,659;13,0889;670;670,1;41,411;670;670,1;645;635,1;-0,0999756;9,90002;41,411;41,4868;44,9931;1700;41,411;41,3322;36,5531;135,724;12,5254
10.10.2025 00:04:17.320000;0;0;670;670,8;87,0809;670;670,8;645;616,6;-0,799988;28,4;87,0809;87,1872;74,1343;3487,76;87,0809;86,5997;61,3443;284,025;12,2798;670;671,4;68,1928;670;671,4;645;611,3;-1,40002;33,7;68,1928;70,6531;2762,48;69,0984;68,1928;224,127;68,3266;50,0805;12,3255;60,9718;670,1;670;670,2;670;645;616,9;-0,200012;28,1;60,9718;60,8306;62,4745;2492,78;60,9718;60,5842;44,5708;198,706;12,545;670;670,2;54,7098;670;670,2;645;626,9;-0,200012;18,1;54,7098;54,8653;58,5122;2196,77;54,7098;54,6785;46,3782;179,348;12,2486;670;670,4;49,5151;670;670,4;645;637,1;-0,400024;7,90002;49,5151;49,6531;51,188;2116,38;49,5151;49,2741;42,8598;161,583;13,0978;670;670,1;41,411;670;670,1;645;635,1;-0,0999756;9,90002;41,411;41,4946;44,9931;1701,12;41,411;41,4455;36,5531;135,956;12,5123
10.10.2025 00:04:17.820000;0;0;670;670,8;87,0758;670;670,8;645;616,7;-0,799988;28,3;87,0758;87,3576;74,0439;3492,02;87,0758;86,5628;61,3833;283,875;12,3013;670;671,4;68,1834;670;671,4;645;611,4;-1,40002;33,6;68,1834;70,7413;2756,85;68,8577;68,1834;224,091;68,3281;50,0732;12,3024;60,7004;670,4;670;670,6;670;645;616,8;-0,599976;28,2;60,7004;60,7754;62,4551;2489,4;60,7004;60,5955;44,5195;198,715;12,5275;670;670,2;54,7091;670;670,2;645;626,8;-0,200012;18,2;54,7091;54,9457;58,4648;2199,19;54,7091;54,708;46,3782;179,455;12,2548;670;670,4;49,513;670;670,4;645;637,1;-0,400024;7,90002;49,513;49,6267;51,1996;2118,65;49,513;49,2473;42,8799;161,557;13,1139;670;670;41,411;670;670;645;635,1;0;9,90002;41,411;41,494;44,9931;1700,92;41,411;41,5304;36,5452;136,297;12,4795
10.10.2025 00:04:18.320000;0;0;670;670,8;87,0707;670;670,8;645;616,7;-0,799988;28,3;87,0707;87,107;74,1321;3487,43;87,0707;86,5014;61,4354;283,673;12,2938;670;671,4;68,174;670;671,4;645;611,4;-1,40002;33,6;68,174;70,7403;2749,16;68,7414;68,174;223,875;68,2664;50,0891;12,2799;60,6071;670,5;670;670,5;670;645;616,9;-0,5;28,1;60,6071;60,6793;62,4546;2486,89;60,6071;60,5572;44,5176;198,641;12,5196;670;670,2;54,7084;670;670,3;645;626,7;-0,299988;18,3;54,7084;54,9101;58,4745;2198,4;54,7084;54,6617;46,3782;179,265;12,2634;670;670,4;49,5108;670;670,4;645;637,2;-0,400024;7,79999;49,5108;49,6795;51,1681;2118,99;49,5108;49,2363;42,8943;161,495;13,1211;670;670,1;41,411;670;670,1;645;635,1;-0,0999756;9,90002;41,411;41,4466;45,0236;1699;41,411;41,6054;36,5107;136,453;12,4511
10.10.2025 00:04:18.820000;0;0;670;670,9;86,9752;670;671;645;616,7;-1;28,3;86,9752;86,9423;74,1321;3475,89;86,9752;86,4626;61,4302;283,616;12,2556;670;671,4;68,1645;670;671,4;645;611,3;-1,40002;33,7;68,1645;70,7054;2747,02;68,6999;68,1645;223,718;68,2052;50,0891;12,2789;60,5142;670,6;670;670,6;670;645;616,9;-0,599976;28,1;60,5142;60,5933;62,4546;2480,17;60,5142;60,5528;44,5176;198,605;12,488;670;670,3;54,617;670;670,3;645;626,7;-0,299988;18,3;54,617;55,0674;58,3474;2202,3;54,617;54,6432;46,3782;179,259;12,2855;670;670,5;49,4181;670;670,5;645;637,2;-0,5;7,79999;49,4181;49,6495;51,1305;2117,03;49,4181;49,2036;42,8804;161,353;13,1205;670;670,3;41,23;670;670,3;645;635,1;-0,299988;9,90002;41,23;41,4076;45,066;1697,86;41,23;41,6413;36,4114;136,651;12,4248
10.10.2025 00:04:19.320000;0;0;670;671;86,8788;670;671;645;616,7;-1;28,3;86,8788;86,7394;74,1529;3470,17;86,8788;86,447;61,3733;283,52;12,2396;670;671,3;68,2456;670;671,3;645;611,3;-1,29999;33,7;68,2456;70,8264;2741,27;68,4684;68,2456;223,546;68,166;50,0891;12,2627;60,5106;670,6;670;670,6;670;645;616,8;-0,599976;28,2;60,5106;60,4693;62,4546;2481;60,5106;60,5411;44,5176;198,588;12,4932;670;670,3;54,6156;670;670,3;645;626,7;-0,299988;18,3;54,6156;54,9869;58,37;2199,88;54,6156;54,6393;46,3782;179,204;12,2758;670;670,4;49,5057;670;670,4;645;637,2;-0,400024;7,79999;49,5057;49,7357;51,1223;2120,62;49,5057;49,1801;42,9364;161,298;13,1472;670;670,3;41,2285;670;670,3;645;635,2;-0,299988;9,79999;41,2285;41,4619;45,0672;1700,4;41,2285;41,6805;36,3721;136,686;12,4402
10.10.2025 00:04:19.820000;0;0;670;671;86,8723;670;670,9;645;616,7;-0,900024;28,3;86,8723;86,4472;74,3073;3457,99;86,8723;86,4779;61,3008;283,635;12,1917;670;671,2;68,3273;670;671,2;645;611,2;-1,20001;33,8;68,3273;70,8758;2740,41;68,4429;68,3273;223,554;68,1685;50,1145;12,2584;60,4167;670,7;670;670,7;670;645;616,8;-0,700012;28,2;60,4167;60,699;62,4375;2489,43;60,4167;60,5651;44,4983;198,602;12,5347;670;670,3;54,6141;670;670,3;645;626,7;-0,299988;18,3;54,6141;54,906;58,4123;2196,16;54,6141;54,6696;46,3782;179,355;12,2448;670;670,4;49,5035;670;670,3;645;637,2;-0,299988;7,79999;49,5035;49,7817;51,0882;2123,48;49,5035;49,1775;42,9518;161,289;13,1657;670;670,3;41,2271;670;670,3;645;635,1;-0,299988;9,90002;41,2271;41,4894;45,0464;1701,7;41,2271;41,6564;36,3583;136,569;12,4604
10.10.2025 00:04:20.320000;0;0;670;670,9;86,9564;670;670,9;645;616,6;-0,900024;28,4;86,9564;86,514;74,3391;3463,09;86,9564;86,508;61,3008;283,75;12,2047;670;671;68,5;670;671;645;611,1;-1;33,9;68,5;70,8334;2752,98;68,6899;68,5;223,503;68,1401;50,2034;12,3174;60,4123;670,7;670;670,7;670;645;616,9;-0,700012;28,1;60,4123;60,7992;62,3785;2493,3;60,4123;60,5603;44,496;198,641;12,5518;670;670,4;54,5224;670;670,4;645;626,8;-0,400024;18,2;54,5224;54,8264;58,4491;2194,25;54,5224;54,6727;46,358;179,355;12,2342;670;670,5;49,4119;670;670,5;645;637,2;-0,5;7,79999;49,4119;49,7401;51,1479;2120,6;49,4119;49,1847;43,0033;161,315;13,1457;670;670,4;41,1355;670;670,4;645;635,2;-0,400024;9,79999;41,1355;41,5093;45,0139;1701,43;41,1355;41,4677;36,4162;135,862;12,5232
10.10.2025 00:04:20.820000;0;0;670;670,9;86,9505;670;670,9;645;616,6;-0,900024;28,4;86,9505;86,3867;74,4249;3460,73;86,9505;86,4967;61,2963;283,731;12,1973;670;670,9;68,584;670;670,9;645;611;-0,900024;34;68,584;70,8718;2742,68;68,6009;68,584;223,539;68,1454;50,2545;12,2693;60,3175;670,8;670;670,8;670;645;616,8;-0,799988;28,2;60,3175;60,8947;62,3185;2498,58;60,3175;60,5598;44,4522;198,608;12,5805;670;670,5;54,43;670;670,5;645;626,8;-0,5;18,2;54,43;54,9978;58,3636;2201,43;54,43;54,6894;46,3099;179,404;12,2708;670;670,3;49,5897;670;670,3;645;637,2;-0,299988;7,79999;49,5897;49,7515;51,1311;2122,04;49,5897;49,1755;43,0197;161,306;13,1554;670;670,3;41,2238;670;670,3;645;635,3;-0,299988;9,70001;41,2238;41,5212;44,9336;1702,2;41,2238;41,2687;36,4662;135,295;12,5814
10.10.2025 00:04:21.320000;0;0;670;670,9;86,9447;670;670,9;645;616,6;-0,900024;28,4;86,9447;86,9638;74,2037;3480,54;86,9447;86,5381;61,4311;283,858;12,2615;670;670,8;68,6689;670;670,7;645;610,9;-0,700012;34,1;68,6689;70,9264;2739,88;68,4682;68,6689;223,674;68,1739;50,2132;12,2494;60,222;670,9;670;670,9;670;645;616,8;-0,900024;28,2;60,222;61,0544;62,2202;2504,39;60,222;60,5642;44,4013;198,689;12,6046;670;670,5;54,4271;670;670,5;645;626,8;-0,5;18,2;54,4271;55,0034;58,344;2202,94;54,4271;54,6816;46,3012;179,369;12,2816;670;670,4;49,498;670;670,4;645;637,3;-0,400024;7,70001;49,498;49,6723;51,1218;2117,07;49,498;49,1947;42,995;161,32;13,1234;670;670,3;41,2223;670;670,3;645;635,3;-0,299988;9,70001;41,2223;41,4943;44,9137;1701,91;41,2223;41,1189;36,4677;134,767;12,6285
10.10.2025 00:04:21.820000;0;0;670;670,9;86,9389;670;670,9;645;616,5;-0,900024;28,5;86,9389;86,8653;74,2037;3472,87;86,9389;86,5449;61,4158;283,84;12,2353;670;670,7;68,7544;670;670,6;645;610,9;-0,599976;34,1;68,7544;71,0062;2737,23;68,4198;68,7544;224,045;68,2757;50,1597;12,2173;60,126;671;670;671;670;645;616,8;-1;28,2;60,126;61,1016;62,1838;2506,66;60,126;60,5881;44,3351;198,676;12,6168;670;670,6;54,3339;670;670,6;645;626,7;-0,599976;18,3;54,3339;55,1227;58,2617;2204,83;54,3339;54,6785;46,253;179,318;12,2956;670;670,4;49,4958;670;670,4;645;637,3;-0,400024;7,70001;49,4958;49,628;51,1391;2115,34;49,4958;49,184;43,0125;161,335;13,1115;670;670,3;41,2209;670;670,3;645;635,3;-0,299988;9,70001;41,2209;41,5374;44,8783;1701,95;41,2209;41,003;36,5182;134,45;12,6586
10.10.2025 00:04:22.320000;0;0;670;670,9;86,9331;670;670,9;645;616,5;-0,900024;28,5;86,9331;86,9369;74,2054;3480,49;86,9331;86,5241;61,4651;283,792;12,2642;670;670,6;68,8407;670;670,6;645;611;-0,599976;34;68,8407;71,1636;2731,86;68,2436;68,8407;224,639;68,4352;50,1034;12,1611;60,1192;671;670;671;670;645;616,7;-1;28,3;60,1192;61,1414;62,1168;2506,17;60,1192;60,552;44,3216;198,628;12,6174;670;670,8;54,1492;670;670,9;645;626,7;-0,900024;18,3;54,1492;54,9232;58,3141;2195,25;54,1492;54,619;46,1823;179,115;12,2561;670;670,4;49,4937;670;670,4;645;637,4;-0,400024;7,59998;49,4937;49,5755;51,1539;2116,46;49,4937;49,1911;43,0224;161,363;13,1161;670;670,4;41,1289;670;670,4;645;635,3;-0,400024;9,70001;41,1289;41,4525;44,8618;1699,39;41,1289;40,8662;36,5496;133,99;12,683
10.10.2025 00:04:22.820000;0;0;670;670,9;86,9273;670;670,9;645;616,5;-0,900024;28,5;86,9273;87,0057;74,2054;3485,21;86,9273;86,4991;61,4941;283,704;12,2846;670;670,5;68,9272;670;670,5;645;611;-0,5;34;68,9272;71,2;2734,93;68,2267;68,9272;225,283;68,6526;49,9972;12,14;59,9321;671,2;670;671,2;670;645;616,6;-1,20001;28,4;59,9321;60,9706;62,1796;2497,24;59,9321;60,5576;44,2546;198,59;12,5748;670;670,9;54,0536;670;671;645;626,8;-1;18,2;54,0536;54,8954;58,3275;2197,81;54,0536;54,6362;46,1095;179,207;12,2641;670;670,4;49,4915;670;670,4;645;637,4;-0,400024;7,59998;49,4915;49,5687;51,1527;2112,97;49,4915;49,1847;43,0375;161,313;13,0986;670;670,4;41,1271;670;670,4;645;635,3;-0,400024;9,70001;41,1271;41,4173;44,8681;1698,11;41,1271;40,8195;36,578;133,875;12,6843
10.10.2025 00:04:23.320000;0;0;670;670,8;87,0116;670;670,8;645;616,5;-0,799988;28,5;87,0116;87,0154;74,204;3481,49;87,0116;86,4763;61,5234;283,629;12,2748;670;670,5;68,9243;670;670,5;645;611;-0,5;34;68,9243;71,1421;2741,23;68,4822;68,9243;225,786;68,8176;50,0176;12,1408;60,0145;671,1;670;671,1;670;645;616,7;-1,09998;28,3;60,0145;60,8419;62,2045;2492,45;60,0145;60,5111;44,2392;198,463;12,5587;670;671;53,9572;670;671;645;626,9;-1;18,1;53,9572;55,0359;58,242;2201,84;53,9572;54,6366;46,0342;179,208;12,2865;670;670,3;49,5798;670;670,3;645;637,4;-0,299988;7,59998;49,5798;49,4807;51,1533;2110,34;49,5798;49,1694;43,0524;161,301;13,0832;670;670,4;41,1249;670;670,4;645;635,3;-0,400024;9,70001;41,1249;41,4334;44,8464;1698,75;41,1249;40,7297;36,6288;133,568;12,7182
10.10.2025 00:04:23.820000;0;0;670;670,8;87,0065;670;670,8;645;616,4;-0,799988;28,6;87,0065;87,1932;74,1603;3489,36;87,0065;86,4763;61,586;283,703;12,2994;670;670,5;68,9214;670;670,5;645;611;-0,5;34;68,9214;71,0452;2750,3;68,7141;68,9214;226,191;68,9351;50,0516;12,1591;60,0058;671,1;670;671,1;670;645;616,5;-1,09998;28,5;60,0058;60,6548;62,2434;2488,26;60,0058;60,4524;44,2287;198,284;12,549;670;671,1;53,8591;670;671,1;645;627;-1,09998;18;53,8591;55,109;58,2149;2205,24;53,8591;54,7017;45,9202;179,422;12,2908;670;670,4;49,488;670;670,4;645;637,4;-0,400024;7,59998;49,488;49,5752;51,1533;2113,89;49,488;49,1978;43,0975;161,369;13,0997;670;670,5;41,0321;670;670,5;645;635,3;-0,5;9,70001;41,0321;41,4455;44,7768;1698,95;41,0321;40,705;36,6271;133,538;12,7225
10.10.2025 00:04:24.320000;0;0;670;670,8;87,0015;670;670,8;645;616,4;-0,799988;28,6;87,0015;87,0311;74,198;3482,24;87,0015;86,4591;61,619;283,56;12,2804;670;670,5;68,9179;670;670,5;645;611;-0,5;34;68,9179;71,0766;2751,51;68,7603;68,9179;226,398;69,0239;50,0238;12,1534;59,9985;671,1;670;671,1;670;645;616,4;-1,09998;28,6;59,9985;60,9318;62,0449;2498,2;59,9985;60,3396;44,2519;197,914;12,6227;670;671,2;53,7615;670;671,2;645;627,2;-1,20001;17,8;53,7615;54,9125;58,2778;2197,38;53,7615;54,6558;45,8496;179,271;12,2573;670;670,5;49,3956;670;670,5;645;637,4;-0,5;7,59998;49,3956;49,5636;51,1179;2112,43;49,3956;49,352;42,9944;161,863;13,0508;670;670,4;41,1194;670;670,4;645;635,2;-0,400024;9,79999;41,1194;41,461;44,7927;1700,38;41,1194;40,8009;36,6367;133,86;12,7026
10.10.2025 00:04:24.820000;0;0;670;670,9;86,9063;670;670,9;645;616,5;-0,900024;28,5;86,9063;87,0009;74,198;3482,25;86,9063;86,381;61,6804;283,304;12,2916;670;670,6;68,8248;670;670,6;645;611;-0,599976;34;68,8248;71,0349;2756,34;68,881;68,8248;226,451;69,0398;50,0317;12,1719;60,1721;670,9;670;670,9;670;645;616,4;-0,900024;28,6;60,1721;60,816;61,9879;2493,46;60,1721;60,1734;44,3411;197,369;12,6335;670;671,2;53,7535;670;671,2;645;627,4;-1,20001;17,6;53,7535;54,9361;58,213;2198,32;53,7535;54,581;45,8262;179,026;12,2794;670;670,4;49,4832;670;670,4;645;637,4;-0,400024;7,59998;49,4832;49,6391;51,1245;2116,77;49,4832;49,4898;42,9944;162,391;13,035;670;670,5;41,0268;670;670,5;645;635,1;-0,5;9,90002;41,0268;41,4104;44,7542;1697,19;41,0268;41,0229;36,5548;134,632;12,6061
10.10.2025 00:04:25.320000;0;0;670;670,9;86,9005;670;670,9;645;616,5;-0,900024;28,5;86,9005;86,9629;74,1974;3477,62;86,9005;86,3353;61,691;283,282;12,2762;670;670,9;68,5504;670;670,9;645;611,1;-0,900024;33,9;68,5504;71,0058;2760,37;68,9816;68,5504;226,53;69,0641;49,9736;12,1854;60,1663;670,9;670;670,9;670;645;616,4;-0,900024;28,6;60,1663;60,8513;61,9339;2494,9;60,1663;60,0624;44,3433;197,005;12,6642;670;671,2;53,7455;670;671,2;645;627,6;-1,20001;17,4;53,7455;55,0127;58,095;2202,67;53,7455;54,4647;45,8248;178,618;12,3317;670;670,5;49,3908;670;670,5;645;637,5;-0,5;7,5;49,3908;49,6542;51,1481;2117,74;49,3908;49,6387;42,934;162,841;13,005;670;670,5;41,0239;670;670,5;645;635,1;-0,5;9,90002;41,0239;41,3475;44,8422;1695,89;41,0239;41,1619;36,5394;135,05;12,5575
10.10.2025 00:04:25.820000;0;0;670;670,8;86,9836;670;670,8;645;616,5;-0,799988;28,5;86,9836;86,5087;74,3453;3461,73;86,9836;86,3524;61,5514;283,236;12,2221;670;671;68,4543;670;671;645;611,2;-1;33,8;68,4543;71,0162;2759,56;68,9614;68,4543;226,589;69,0819;49,8267;12,1787;60,3415;670,7;670;670,7;670;645;616,4;-0,700012;28,6;60,3415;60,7532;62,0433;2490,88;60,3415;59,9963;44,4474;196,788;12,6577;670;671,2;53,7375;670;671,2;645;627,6;-1,20001;17,4;53,7375;55,0678;57,9884;2203,59;53,7375;54,3687;45,8212;178,329;12,3569;670;670,5;49,3879;670;670,5;645;637,4;-0,5;7,59998;49,3879;49,7484;51,1481;2121,43;49,3879;49,7202;42,8876;163,121;13,0053;670;670,5;41,021;670;670,5;645;635;-0,5;10;41,021;41,3401;44,8829;1694,15;41,021;41,3082;36,4721;135,542;12,499
10.10.2025 00:04:26.320000;0;0;670;670,9;86,8883;670;670,9;645;616,5;-0,900024;28,5;86,8883;86,3777;74,4352;3456,49;86,8883;86,4973;61,5213;283,711;12,1831;670;671,1;68,3576;670;671,1;645;611,3;-1,09998;33,7;68,3576;71,0316;2760,46;68,9838;68,3576;226,738;69,1273;49,733;12,1747;60,4274;670,6;670;670,6;670;645;616,5;-0,599976;28,5;60,4274;60,7129;62,0879;2488,75;60,4274;60,0349;44,4834;196,953;12,6363;670;671,2;53,7295;670;671,2;645;627,6;-1,20001;17,4;53,7295;55,1377;57,8651;2205,11;53,7295;54,2763;45,8223;177,975;12,39;670;670,5;49,385;670;670,5;645;637,4;-0,5;7,59998;49,385;49,8192;51,1481;2123,97;49,385;49,8182;42,828;163,391;12,9993;670;670,6;40,9276;670;670,6;645;635;-0,599976;10;40,9276;41,2772;44,8845;1692,52;40,9276;41,38;36,3876;135,726;12,4701
10.10.2025 00:04:26.820000;0;0;670;670,9;86,8828;670;670,9;645;616,5;-0,900024;28,5;86,8828;86,4225;74,4388;3458,44;86,8828;86,6746;61,4607;284,383;12,1612;670;671,2;68,2596;670;671,2;645;611,4;-1,20001;33,6;68,2596;71,0115;2761,84;69,0664;68,2596;226,602;69,0898;49,6601;12,1881;60,4237;670,6;670;670,6;670;645;616,5;-0,599976;28,5;60,4237;60,6749;62,0959;2488,63;60,4237;60,0624;44,4888;197,03;12,6307;670;671,2;53,7216;670;671,2;645;627,6;-1,20001;17,4;53,7216;54,9623;57,8566;2199,05;53,7216;54,1721;45,8348;177,659;12,3779;670;670,6;49,2916;670;670,6;645;637,5;-0,599976;7,5;49,2916;49,7075;51,1708;2119,37;49,2916;49,8523;42,7509;163,541;12,9592;670;670,7;40,8334;670;670,7;645;635,1;-0,700012;9,90002;40,8334;41,2807;44,924;1692,19;40,8334;41,4594;36,2893;136,012;12,4414
10.10.2025 00:04:27.320000;0;0;670;670,9;86,8769;670;670,9;645;616,5;-0,900024;28,5;86,8769;86,7107;74,3163;3470,45;86,8769;86,8986;61,4773;285,027;12,1759;670;671,2;68,2516;670;671,2;645;611,4;-1,20001;33,6;68,2516;71,1136;2748,71;68,6784;68,2516;226,195;68,9659;49,6617;12,1519;60,3296;670,7;670;670,7;670;645;616,4;-0,700012;28,6;60,3296;60,6113;62,067;2484,74;60,3296;60,1151;44,4434;197,216;12,5991;670;671,1;53,8037;670;671,1;645;627,5;-1,09998;17,5;53,8037;54,8871;57,8089;2197;53,8037;54,0879;45,8449;177,395;12,3848;670;670,6;49,288;670;670,6;645;637,5;-0,599976;7,5;49,288;49,6371;51,2456;2116,69;49,288;49,9171;42,6904;163,754;12,926;670;670,7;40,829;670;670,7;645;635,1;-0,700012;9,90002;40,829;41,2855;44,889;1692,55;40,829;41,3795;36,2855;135,661;12,4763
10.10.2025 00:04:27.820000;0;0;670;670,9;86,8711;670;670,9;645;616,5;-0,900024;28,5;86,8711;87,0314;74,2745;3483,77;86,8711;87,0957;61,459;285,738;12,1922;670;671,2;68,2437;670;671,2;645;611,4;-1,20001;33,6;68,2437;71,0232;2756,71;68,8862;68,2437;225,672;68,8259;49,677;12,2156;60,3252;670,7;670;670,7;670;645;616,4;-0,700012;28,6;60,3252;60,5651;62,0767;2481,41;60,3252;60,2021;44,4109;197,476;12,5657;670;671,1;53,7964;670;671,1;645;627,5;-1,09998;17,5;53,7964;54,9672;57,7286;2200,37;53,7964;54,1004;45,8597;177,437;12,4009;670;670,6;49,2844;670;670,6;645;637,5;-0,599976;7,5;49,2844;49,6751;51,258;2118,31;49,2844;49,9569;42,6361;163,872;12,9266;670;670,7;40,8243;670;670,7;645;635;-0,700012;10;40,8243;41,278;44,889;1692,08;40,8243;41,2431;36,3098;135,252;12,5106
10.10.2025 00:04:28.320000;0;0;670;671,1;86,6847;670;671,1;645;616,4;-1,09998;28,6;86,6847;87,3596;74,2745;3495,46;86,6847;87,3135;61,2788;286,453;12,2026;670;671,2;68,2357;670;671,2;645;611,3;-1,20001;33,7;68,2357;70,8234;2765;69,1055;68,2357;225,048;68,6278;49,7284;12,2863;60,2307;670,8;670;670,8;670;645;616,5;-0,799988;28,5;60,2307;60,4072;62,1362;2478,29;60,2307;60,2917;44,402;197,808;12,5288;670;671,1;53,7892;670;671,1;645;627,5;-1,09998;17,5;53,7892;55,038;57,6397;2201,76;53,7892;54,0945;45,8467;177,404;12,411;670;670,7;49,1905;670;670,7;645;637,6;-0,700012;7,40002;49,1905;49,7698;51,2012;2123,3;49,1905;49,9225;42,5741;163,707;12,9701;670;670,7;40,8199;670;670,7;645;635,1;-0,700012;9,90002;40,8199;41,2322;44,8465;1690,52;40,8199;41,0498;36,3702;134,579;12,5615
10.10.2025 00:04:28.820000;0;0;670;671,1;86,6774;670;671,1;645;616,4;-1,09998;28,6;86,6774;87,2968;74,3048;3493,27;86,6774;87,4561;61,1787;286,907;12,1756;670;671,2;68,2277;670;671,2;645;611,2;-1,20001;33,8;68,2277;70,7106;2763,37;69,0566;68,2277;224,313;68,4078;49,8005;12,3192;60,2256;670,8;670;670,8;670;645;616,5;-0,799988;28,5;60,2256;60,4873;62,1225;2480,14;60,2256;60,3483;44,3927;197,968;12,528;670;671;53,8722;670;671;645;627,5;-1;17,5;53,8722;54,8786;57,6798;2196,18;53,8722;54,1138;45,8601;177,519;12,3715;670;670,8;49,096;670;670,8;645;637,6;-0,799988;7,40002;49,096;49,7473;51,1752;2121,69;49,096;49,8216;42,5373;163,364;12,9875;670;670,6;40,9059;670;670,6;645;635,2;-0,599976;9,79999;40,9059;41,2043;44,7868;1689,7;40,9059;40,9202;36,4185;134,192;12,5916
10.10.2025 00:04:29.320000;0;0;670;671,2;86,5796;670;671,2;645;616,3;-1,20001;28,7;86,5796;87,3932;74,348;3496,01;86,5796;87,6258;61,0175;287,459;12,1617;670;671;68,4003;670;671;645;611,1;-1;33,9;68,4003;70,6134;2764,6;69,0795;68,4003;223,719;68,2169;49,8309;12,3575;60,2205;670,8;670;670,8;670;645;616,6;-0,799988;28,4;60,2205;60,6616;62,0584;2486,65;60,2205;60,4079;44,3635;198,169;12,5481;670;670,9;53,9561;670;670,9;645;627,6;-0,900024;17,4;53,9561;54,8982;57,6369;2197,13;53,9561;54,1263;45,88;177,539;12,3754;670;670,8;49,0909;670;670,8;645;637,6;-0,799988;7,40002;49,0909;49,7398;51,1752;2121,06;49,0909;49,6892;42,5503;162,908;13,02;670;670,5;40,9925;670;670,5;645;635,2;-0,5;9,79999;40,9925;41,2631;44,7803;1691,63;40,9925;40,8111;36,4518;133,826;12,6405
10.10.2025 00:04:29.820000;0;0;670;671,3;86,4808;670;671,3;645;616,4;-1,29999;28,6;86,4808;87,4044;74,3924;3497,09;86,4808;87,6995;60,877;287,706;12,1551;670;670,9;68,4841;670;670,9;645;611,1;-0,900024;33,9;68,4841;70,6732;2762,47;69,0581;68,4841;223,531;68,1498;49,9344;12,3583;60,2154;670,8;670;670,8;670;645;616,6;-0,799988;28,4;60,2154;60,5025;62,1307;2479,65;60,2154;60,4819;44,3229;198,419;12,497;670;670,8;54,0408;670;670,8;645;627,6;-0,799988;17,4;54,0408;54,9897;57,5696;2199,83;54,0408;54,169;45,8932;177,674;12,3812;670;670,8;49,0858;670;670,8;645;637,6;-0,799988;7,40002;49,0858;49,7923;51,08;2123,48;49,0858;49,5126;42,5919;162,337;13,0807;670;670,5;40,9896;670;670,5;645;635,1;-0,5;9,90002;40,9896;41,2625;44,7688;1691,6;40,9896;40,7364;36,489;133,603;12,6615
10.10.2025 00:04:30.320000;0;0;670;671,4;86,3816;670;671,4;645;616,5;-1,40002;28,5;86,3816;87,5542;74,3515;3502,29;86,3816;87,7486;60,7372;287,841;12,1674;670;670,8;68,5687;670;670,8;645;611;-0,799988;34;68,5687;70,603;2771,13;69,2226;68,5687;223,655;68,1758;49,9751;12,3902;60,301;670,7;670;670,7;670;645;616,6;-0,700012;28,4;60,301;60,4322;62,1323;2477,24;60,301;60,5354;44,327;198,582;12,4746;670;670,8;54,0357;670;670,7;645;627,5;-0,700012;17,5;54,0357;54,9411;57,5301;2198,2;54,0357;54,1286;45,9033;177,542;12,3813;670;670,8;49,0807;670;670,8;645;637,6;-0,799988;7,40002;49,0807;49,7962;50,9917;2123,04;49,0807;49,3706;42,6296;161,884;13,1146;670;670,4;41,077;670;670,4;645;635,1;-0,400024;9,90002;41,077;41,2902;44,7882;1692,87;41,077;40,6337;36,5798;133,253;12,7042
10.10.2025 00:04:30.820000;0;0;670;671,5;86,2815;670;671,5;645;616,5;-1,5;28,5;86,2815;87,5185;74,401;3500,86;86,2815;87,7915;60,5893;287,969;12,1571;670;670,5;68,8347;670;670,5;645;611;-0,5;34;68,8347;70,6059;2774,54;69,3239;68,8347;224,024;68,2884;50,0218;12,385;60,3867;670,6;670;670,6;670;645;616,8;-0,599976;28,2;60,3867;60,3573;62,2003;2473,37;60,3867;60,585;44,2937;198,693;12,4482;670;670,8;54,0312;670;670,8;645;627,3;-0,799988;17,7;54,0312;54,9262;57,5171;2197,45;54,0312;54,1702;45,9033;177,678;12,3676;670;670,9;48,9851;670;670,9;645;637,6;-0,900024;7,40002;48,9851;49,7975;50,9047;2123,04;48,9851;49,2474;42,6291;161,506;13,1453;670;670,4;41,0749;670;670,3;645;635,1;-0,299988;9,90002;41,0749;41,2236;44,8146;1688,86;41,0749;40,6315;36,604;133,323;12,6674
10.10.2025 00:04:31.320000;0;0;670;671,6;86,1812;670;671,6;645;616,4;-1,59998;28,6;86,1812;87,1689;74,5897;3489,11;86,1812;87,7745;60,4614;287,887;12,1197;670;670,5;68,8318;670;670,5;645;611;-0,5;34;68,8318;70,7521;2762,32;69,0743;68,8318;224,725;68,4823;50,0025;12,292;60,3831;670,6;670;670,6;670;645;616,8;-0,599976;28,2;60,3831;60,4014;62,1796;2476,78;60,3831;60,579;44,3235;198,712;12,4642;670;670,8;54,0261;670;670,8;645;627,2;-0,799988;17,8;54,0261;54,9863;57,4349;2199,53;54,0261;54,1521;45,8911;177,632;12,3825;670;670,7;49,1602;670;670,7;645;637,6;-0,700012;7,40002;49,1602;49,7065;50,8782;2119,49;49,1602;49,1156;42,689;161,048;13,1606;670;670,3;41,1634;670;670,3;645;635,1;-0,299988;9,90002;41,1634;41,1838;44,8384;1688,69;41,1634;40,7972;36,5949;133,853;12,616
10.10.2025 00:04:31.820000;0;0;670;671,6;86,1703;670;671,6;645;616,4;-1,59998;28,6;86,1703;87,0142;74,6482;3483,08;86,1703;87,6733;60,4009;287,53;12,1138;670;670,4;68,9195;670;670,4;645;611;-0,400024;34;68,9195;70,7844;2764,57;69,0906;68,9195;225,329;68,6822;49,9711;12,269;60,3795;670,6;670;670,6;670;645;616,8;-0,599976;28,2;60,3795;60,4522;62,1473;2478,54;60,3795;60,5616;44,3224;198,616;12,479;670;670,8;54,021;670;670,8;645;627;-0,799988;18;54,021;54,9514;57,4084;2198,93;54,021;54,1529;45,8866;177,596;12,3817;670;670,6;49,2461;670;670,6;645;637,6;-0,599976;7,40002;49,2461;49,6906;50,901;2118,01;49,2461;49,0134;42,7438;160,751;13,1757;670;670,2;41,2524;670;670,2;645;635;-0,200012;10;41,2524;41,1725;44,8384;1688,41;41,2524;41,0103;36,5252;134,578;12,5459
10.10.2025 00:04:32.320000;0;0;670;671,5;86,2494;670;671,5;645;616,5;-1,5;28,5;86,2494;86,9494;74,6055;3479,53;86,2494;87,4671;60,391;286,802;12,1322;670;670,4;68,9173;670;670,4;645;611,1;-0,400024;33,9;68,9173;70,7638;2766,73;69,1206;68,9173;225,773;68,8176;49,9202;12,2545;60,4665;670,5;670;670,5;670;645;617,1;-0,5;27,9;60,4665;60,3889;62,1499;2474,03;60,4665;60,5032;44,3477;198,438;12,4675;670;670,9;53,9257;670;670,9;645;626,9;-0,900024;18,1;53,9257;54,8628;57,3522;2194,11;53,9257;54,0452;45,8911;177,255;12,3782;670;670,6;49,2424;670;670,6;645;637,6;-0,599976;7,40002;49,2424;49,6531;50,9005;2117,69;49,2424;48,9148;42,7934;160,402;13,2024;670;670,2;41,2517;670;670,2;645;635;-0,200012;10;41,2517;41,1491;44,8397;1686,95;41,2517;41,1253;36,5012;134,968;12,4989
10.10.2025 00:04:32.820000;0;0;670;671,5;86,2393;670;671,5;645;616,5;-1,5;28,5;86,2393;87,0097;74,458;3481,62;86,2393;87,2001;60,4631;285,926;12,1766;670;670,4;68,9152;670;670,4;645;611,1;-0,400024;33,9;68,9152;70,6868;2772,37;69,2855;68,9152;226,182;68,9539;49,9201;12,2573;60,4636;670,5;670;670,5;670;645;617,1;-0,5;27,9;60,4636;60,2553;62,2187;2471,75;60,4636;60,4889;44,2902;198,391;12,459;670;671;53,8296;670;671;645;626,8;-1;18,2;53,8296;54,8385;57,3213;2194,9;53,8296;54,0412;45,8511;177,255;12,3827;670;670,4;49,4195;670;670,4;645;637,5;-0,400024;7,5;49,4195;49,5504;51,0251;2111,87;49,4195;48,8588;42,9072;160,244;13,1791;670;670,1;41,341;670;670,1;645;635;-0,0999756;10;41,341;41,1129;44,8747;1685,01;41,341;41,283;36,4723;135,53;12,4328
10.10.2025 00:04:33.320000;0;0;670;671,5;86,2291;670;671,5;645;616,5;-1,5;28,5;86,2291;87,0824;74,3685;3484,69;86,2291;86,8941;60,5335;284,91;12,2309;670;670,4;68,913;670;670,4;645;611;-0,400024;34;68,913;70,7127;2771,61;69,2826;68,913;226,476;69,0359;49,911;12,238;60,3703;670,6;670;670,6;670;645;617,2;-0,599976;27,8;60,3703;60,423;62,156;2478,3;60,3703;60,4749;44,3377;198,358;12,4941;670;671;53,823;670;671;645;626,7;-1;18,3;53,823;54,7963;57,2652;2190,01;53,823;53,9818;45,8666;177,035;12,3705;670;670,4;49,4173;670;670,4;645;637,5;-0,400024;7,5;49,4173;49,3967;51,0402;2106,28;49,4173;48,8436;42,9359;160,22;13,1462;670;670,1;41,341;670;670,1;645;634,9;-0,0999756;10,1;41,341;41,13;44,9119;1686,01;41,341;41,3597;36,4409;135,673;12,4271
10.10.2025 00:04:33.820000;0;0;670;671,4;86,3092;670;671,4;645;616,6;-1,40002;28,4;86,3092;87,0893;74,2067;3485,94;86,3092;86,6025;60,6548;283,953;12,2764;670;670,4;68,9108;670;670,4;645;611;-0,400024;34;68,9108;70,7488;2774,84;69,3472;68,9108;226,916;69,1817;49,8445;12,2285;60,4569;670,5;670;670,5;670;645;617,3;-0,5;27,7;60,4569;60,4398;62,156;2478,83;60,4569;60,4732;44,3383;198,327;12,4987;670;671,1;53,726;670;671,1;645;626,6;-1,09998;18,4;53,726;54,6346;57,3381;2187,86;53,726;54,0369;45,7977;177,254;12,3431;670;670,4;49,4151;670;670,4;645;637,5;-0,400024;7,5;49,4151;49,41;51,0402;2106,36;49,4151;48,9443;42,929;160,601;13,1155;670;670,1;41,3406;670;670,1;645;634,9;-0,0999756;10,1;41,3406;41,0948;44,9984;1684,44;41,3406;41,4737;36,3685;136,124;12,3744
10.10.2025 00:04:34.320000;0;0;670;671,3;86,3919;670;671,3;645;616,6;-1,29999;28,4;86,3919;87,0268;74,1156;3482,94;86,3919;86,4022;60,7262;283,335;12,2927;670;670,6;68,7285;670;670,6;645;611;-0,599976;34;68,7285;70,7805;2773,68;69,3063;68,7285;227,059;69,2252;49,7773;12,2157;60,5446;670,4;670;670,4;670;645;617,2;-0,400024;27,8;60,5446;60,4865;62,156;2479,47;60,5446;60,4349;44,3383;198,227;12,5083;670;671;53,8106;670;671;645;626,6;-1;18,4;53,8106;54,6462;57,2916;2186,4;53,8106;54,0107;45,8328;177,155;12,3417;670;670,4;49,4134;670;670,4;645;637,5;-0,400024;7,5;49,4134;49,4884;51,0402;2109,56;49,4134;49,1259;42,8723;161,249;13,0826;670;670,2;41,2504;670;670,2;645;635;-0,200012;10;41,2504;41,088;45,0363;1684,61;41,2504;41,5108;36,3339;136,156;12,3727
10.10.2025 00:04:34.820000;0;0;670;671,2;86,4733;670;671,2;645;616,6;-1,20001;28,4;86,4733;87,512;73,8598;3500,6;86,4733;86,1147;60,8342;282,37;12,3972;670;670,6;68,7249;670;670,7;645;611;-0,700012;34;68,7249;70,7805;2769,78;69,2249;68,7249;227,263;69,263;49,6973;12,1876;60,5424;670,4;670;670,2;670;645;617,1;-0,200012;27,9;60,5424;60,3583;62,2004;2474,85;60,5424;60,4045;44,3383;198,117;12,4919;670;670,9;53,8945;670;670,9;645;626,6;-0,900024;18,4;53,8945;54,6611;57,2689;2189,24;53,8945;54,0444;45,8479;177,294;12,3481;670;670,5;49,321;670;670,5;645;637,6;-0,5;7,40002;49,321;49,3381;51,0402;2104,43;49,321;49,2979;42,8031;161,828;13,0041;670;670,1;41,3397;670;670,1;645;635;-0,0999756;10;41,3397;41,1506;45,0445;1687,49;41,3397;41,5516;36,3223;136,355;12,3757
10.10.2025 00:04:35.320000;0;0;670;671,1;86,5542;670;671,1;645;616,6;-1,09998;28,4;86,5542;87,0704;74,0724;3483,75;86,5542;85,902;60,9816;281,669;12,3683;670;670,7;68,6297;670;670,7;645;611;-0,700012;34;68,6297;70,852;2761,04;69,0258;68,6297;227,126;69,2614;49,6171;12,1564;60,8117;670,1;670;670,1;670;645;617,2;-0,0999756;27,8;60,8117;60,4016;62,3273;2477,28;60,8117;60,4006;44,3383;198,14;12,5027;670;670,8;53,9776;670;670,8;645;626,7;-0,799988;18,3;53,9776;54,8643;57,1268;2194,49;53,9776;54,0546;45,8358;177,299;12,3773;670;670,5;49,3175;670;670,5;645;637,6;-0,5;7,40002;49,3175;49,3425;51,0849;2104,76;49,3175;49,5262;42,7567;162,536;12,9495;670;670,3;41,1592;670;670,3;645;635;-0,299988;10;41,1592;41,1381;45,1075;1686,5;41,1592;41,6133;36,265;136,492;12,3561
10.10.2025 00:04:35.820000;0;0;670;670,9;86,729;670;670,9;645;616,6;-0,900024;28,4;86,729;87,1381;74,109;3488,2;86,729;85,7186;61,163;281,105;12,4089;670;670,7;68,6262;670;670,7;645;611;-0,700012;34;68,6262;70,8148;2760,89;68,9987;68,6262;226,68;69,149;49,6356;12,1797;60,8117;670;670;670;670;645;617,3;0;27,7;60,8117;60,3364;62,3764;2473,15;60,8117;60,404;44,3383;198,125;12,4828;670;670,8;53,9736;670;670,8;645;626,8;-0,799988;18,2;53,9736;54,7808;57,1218;2192,43;53,9736;54,0284;45,8617;177,239;12,3699;670;670,6;49,2247;670;670,6;645;637,6;-0,599976;7,40002;49,2247;49,3686;51,114;2105,05;49,2247;49,5991;42,6798;162,801;12,9302;670;670,3;41,158;670;670,4;645;635;-0,400024;10;41,158;41,177;45,1066;1688,9;41,158;41,6139;36,2532;136,545;12,3688
10.10.2025 00:04:36.320000;0;0;670;670,9;86,7232;670;670,9;645;616,5;-0,900024;28,5;86,7232;87,2876;74,007;3492,58;86,7232;85,5986;61,2734;280,609;12,4464;670;670,8;68,5318;670;670,8;645;611,1;-0,799988;33,9;68,5318;70,7136;2771,02;69,1998;68,5318;226,003;68,9505;49,6913;12,261;60,8117;670;670;670,1;670;645;617,3;-0,0999756;27,7;60,8117;60,3542;62,3897;2474,84;60,8117;60,4423;44,3383;198,289;12,481;670;670,7;54,0585;670;670,7;645;626,9;-0,700012;18,1;54,0585;54,749;57,1112;2189,72;54,0585;54,0534;45,8617;177,334;12,348;670;670,6;49,2211;670;670,8;645;637,5;-0,799988;7,5;49,2211;49,349;51,2198;2104,71;49,2211;49,7641;42,5882;163,329;12,8864;670;670,4;41,0659;670;670,4;645;635;-0,400024;10;41,0659;41,2322;45,0683;1690,83;41,0659;41,5536;36,2126;136,155;12,4184
10.10.2025 00:04:36.820000;0;0;670;670,8;86,808;670;670,8;645;616,5;-0,799988;28,5;86,808;87,5117;73,9079;3503,63;86,808;85,3857;61,4716;280,064;12,5101;670;670,8;68,5267;670;670,8;645;611,1;-0,799988;33,9;68,5267;70,5147;2772,39;69,3139;68,5267;225,226;68,7104;49,7368;12,3094;60,6312;670,3;670;670,3;670;645;617,4;-0,299988;27,6;60,6312;60,4986;62,2458;2483,32;60,6312;60,4745;44,3383;198,378;12,5181;670;670,6;54,1443;670;670,6;645;626,9;-0,599976;18,1;54,1443;54,5146;57,2269;2181,14;54,1443;54,1067;45,8617;177,542;12,2852;670;670,7;49,1263;670;670,7;645;637,6;-0,700012;7,40002;49,1263;49,3757;51,255;2105,2;49,1263;49,8184;42,489;163,437;12,8808;670;670,5;40,9736;670;670,5;645;635,1;-0,5;9,90002;40,9736;41,2905;44,9629;1693,72;40,9736;41,3554;36,2722;135,536;12,4965
10.10.2025 00:04:37.320000;0;0;670;670,7;86,8932;670;670,7;645;616,4;-0,700012;28,6;86,8932;87,7432;73,7915;3513,37;86,8932;85,3603;61,6066;280,02;12,5468;670;670,7;68,6119;670;670,7;645;611,2;-0,700012;33,8;68,6119;70,452;2772,52;69,2773;68,6119;224,697;68,5326;49,7686;12,3389;60,5397;670,4;670;670,4;670;645;617,5;-0,400024;27,5;60,5397;60,5306;62,2307;2481,44;60,5397;60,5045;44,3383;198,519;12,4997;670;670,6;54,1407;670;670,6;645;626,9;-0,599976;18,1;54,1407;54,4663;57,2619;2178,56;54,1407;54,1604;45,8617;177,685;12,2609;670;670,7;49,122;670;670,7;645;637,6;-0,700012;7,40002;49,122;49,4763;51,2135;2109,38;49,122;49,7978;42,4558;163,285;12,9184;670;670,5;40,971;670;670,5;645;635,2;-0,5;9,79999;40,971;41,3884;44,9088;1697,57;40,971;41,1822;36,3293;134,949;12,5793
10.10.2025 00:04:37.820000;0;0;670;670,7;86,8889;670;670,7;645;616,4;-0,700012;28,6;86,8889;87,3944;73,9221;3494,61;86,8889;85,4606;61,657;280,452;12,4606;670;670,6;68,6976;670;670,6;645;611,2;-0,599976;33,8;68,6976;70,4334;2770,15;69,238;68,6976;224,316;68,4124;49,8095;12,3493;60,5375;670,4;670;670,5;670;645;617,5;-0,5;27,5;60,5375;60,5971;62,2307;2484,8;60,5375;60,5581;44,3383;198,631;12,5097;670;670,6;54,137;670;670,6;645;626,9;-0,599976;18,1;54,137;54,3395;57,3598;2175,89;54,137;54,2473;45,8578;177,944;12,2279;670;670,8;49,0276;670;670,8;645;637,6;-0,799988;7,40002;49,0276;49,584;51,1156;2116,98;49,0276;49,6914;42,4615;162,936;12,9927;670;670,4;41,0582;670;670,4;645;635,2;-0,400024;9,79999;41,0582;41,38;44,841;1696,11;41,0582;41,0615;36,3357;134,669;12,5947
10.10.2025 00:04:38.320000;0;0;670;670,7;86,8845;670;670,7;645;616,3;-0,700012;28,7;86,8845;87,3438;73,9236;3496,59;86,8845;85,6376;61,6667;281,114;12,4384;670;670,6;68,694;670;670,6;645;611,3;-0,599976;33,7;68,694;70,418;2773,11;69,2961;68,694;223,891;68,2727;49,9166;12,386;60,4447;670,5;670;670,4;670;645;617,6;-0,400024;27,4;60,4447;60,7817;62,1711;2490,45;60,4447;60,5694;44,3283;198,749;12,5306;670;670,5;54,2238;670;670,5;645;626,9;-0,5;18,1;54,2238;54,5457;57,2534;2181,26;54,2238;54,2446;45,8612;177,975;12,256;670;670,7;49,1127;670;670,7;645;637,6;-0,700012;7,40002;49,1127;49,6625;51,1011;2117,77;49,1127;49,5411;42,4878;162,404;13,0402;670;670,2;41,2363;670;670,2;645;635,2;-0,200012;9,79999;41,2363;41,4068;44,8563;1697,89;41,2363;40,9292;36,3834;134,152;12,6564
10.10.2025 00:04:38.820000;0;0;670;670,8;86,7901;670;670,8;645;616,3;-0,799988;28,7;86,7901;87,5474;73,7904;3501,56;86,7901;85,9334;61,6131;282,08;12,4134;670;670,5;68,7808;670;670,5;645;611,3;-0,5;33,7;68,7808;70,4267;2774,78;69,3097;68,7808;223,85;68,2508;49,9854;12,3957;60,5324;670,4;670;670,4;670;645;617,6;-0,400024;27,4;60,5324;60,7318;62,2113;2491,28;60,5324;60,6043;44,3372;198,731;12,536;670;670,5;54,2208;670;670,5;645;627;-0,5;18;54,2208;54,4014;57,3463;2175,81;54,2208;54,2974;45,8612;178,07;12,2188;670;670,8;49,0181;670;670,8;645;637,6;-0,799988;7,40002;49,0181;49,6277;51,0362;2115,8;49,0181;49,3852;42,495;161,906;13,0681;670;670,2;41,2356;670;670,2;645;635,1;-0,200012;9,90002;41,2356;41,3975;44,9009;1696,68;41,2356;40,8259;36,4775;133,858;12,6752
10.10.2025 00:04:39.320000;0;0;670;670,7;86,8754;670;670,7;645;616,3;-0,700012;28,7;86,8754;87,3404;73,8587;3492,09;86,8754;86,2844;61,5124;283,205;12,3306;670;670,4;68,8686;670;670,4;645;611,3;-0,400024;33,7;68,8686;70,4133;2775,34;69,3717;68,8686;224,103;68,2928;50,0367;12,3842;60,4401;670,5;670;670,5;670;645;617,5;-0,5;27,5;60,4401;60,8492;62,1153;2493,22;60,4401;60,5463;44,3349;198,566;12,5561;670;670,5;54,2179;670;670,5;645;627;-0,5;18;54,2179;54,4088;57,3138;2179,14;54,2179;54,241;45,8612;177,885;12,2503;670;670,7;49,1034;670;670,7;645;637,7;-0,700012;7,29999;49,1034;49,6518;50,9294;2118,11;49,1034;49,2242;42,583;161,327;13,1293;670;670,3;41,1445;670;670,2;645;635,1;-0,200012;9,90002;41,1445;41,3634;44,8683;1695,57;41,1445;40,6984;36,5148;133,439;12,7067
10.10.2025 00:04:39.820000;0;0;670;670,8;86,781;670;670,8;645;616,3;-0,799988;28,7;86,781;86,8279;74,0304;3471,49;86,781;86,5544;61,4076;284,017;12,2228;670;670,3;68,9569;670;670,3;645;611,3;-0,299988;33,7;68,9569;70,5247;2769,31;69,2012;68,9569;224,624;68,453;50,037;12,3287;60,3471;670,6;670;670,6;670;645;617,5;-0,599976;27,5;60,3471;60,8888;62,0714;2495,52;60,3471;60,5207;44,3368;198,389;12,5789;670;670,5;54,215;670;670,5;645;627,2;-0,5;17,8;54,215;54,6133;57,1952;2186,52;54,215;54,2297;45,8612;177,833;12,2953;670;670,7;49,0991;670;670,7;645;637,7;-0,700012;7,29999;49,0991;49,6489;50,8415;2118,15;49,0991;49,055;42,5909;160,798;13,1727;670;670,2;41,2337;670;670,2;645;635,1;-0,200012;9,90002;41,2337;41,3749;44,9031;1695,58;41,2337;40,6487;36,6002;133,382;12,7123
10.10.2025 00:04:40.320000;0;0;670;670,6;86,9563;670;670,6;645;616,2;-0,599976;28,8;86,9563;86,7916;74,0635;3472,93;86,9563;86,7008;61,3403;284,43;12,2101;670;670,2;69,0458;670;670,2;645;611,3;-0,200012;33,7;69,0458;70,5898;2761,21;69,0585;69,0458;225,113;68,5993;50,0372;12,2659;60,3435;670,6;670;670,7;670;645;617,5;-0,700012;27,5;60,3435;60,8153;62,0138;2491,44;60,3435;60,3709;44,3361;197,984;12,5841;670;670,4;54,3022;670;670,4;645;627,3;-0,400024;17,7;54,3022;54,5134;57,2207;2182,53;54,3022;54,14;45,8612;177,521;12,2945;670;670,7;49,0947;670;670,8;645;637,7;-0,799988;7,29999;49,0947;49,6591;50,8035;2116,99;49,0947;48,9077;42,6279;160,296;13,2067;670;670,2;41,2334;670;670,2;645;635,1;-0,200012;9,90002;41,2334;41,3485;44,923;1695,14;41,2334;40,7812;36,6144;133,809;12,6683
10.10.2025 00:04:40.820000;0;0;670;670,7;86,8624;670;670,7;645;616,2;-0,700012;28,8;86,8624;86,8484;74,0359;3478,25;86,8624;86,7518;61,3403;284,585;12,2222;670;670,3;68,9549;670;670,3;645;611,3;-0,299988;33,7;68,9549;70,5906;2759,3;68,9463;68,9549;225,522;68,7373;49,9539;12,2352;60,2492;670,7;670;670,7;670;645;617,3;-0,700012;27,7;60,2492;60,5062;62,1204;2479,53;60,2492;60,3018;44,3361;197,713;12,5411;670;670,6;54,1199;670;670,6;645;627,5;-0,599976;17,5;54,1199;54,6894;57,1629;2187,49;54,1199;54,0711;45,9191;177,302;12,3377;670;670,7;49,0899;670;670,7;645;637,7;-0,700012;7,29999;49,0899;49,5856;50,807;2114,17;49,0899;48,7529;42,6956;159,819;13,2285;670;670,3;41,1423;670;670,3;645;635,1;-0,299988;9,90002;41,1423;41,3376;44,8736;1694,51;41,1423;40,9283;36,5014;134,386;12,6093
10.10.2025 00:04:41.320000;0;0;670;670,7;86,8581;670;670,7;645;616,3;-0,700012;28,7;86,8581;87,2014;73,9106;3493,4;86,8581;86,8444;61,3403;284,876;12,2629;670;670,3;68,9534;670;670,3;645;611,3;-0,299988;33,7;68,9534;70,6513;2749,36;68,735;68,9534;225,866;68,8372;49,9121;12,1725;60,1543;670,8;670;670,8;670;645;617,1;-0,799988;27,9;60,1543;60,515;62,0803;2480,5;60,1543;60,2448;44,3361;197,594;12,5535;670;670,7;54,026;670;670,7;645;627,6;-0,700012;17,4;54,026;54,7763;56,9521;2192,52;54,026;53,9747;45,8685;176,978;12,3887;670;670,6;49,1761;670;670,6;645;637,6;-0,599976;7,40002;49,1761;49,6061;50,8173;2115,37;49,1761;48,6603;42,7892;159,522;13,2607;670;670,3;41,1409;670;670,3;645;635,1;-0,299988;9,90002;41,1409;41,3532;44,859;1695,5;41,1409;41,0705;36,4581;134,769;12,5808
10.10.2025 00:04:41.820000;0;0;670;670,6;86,9438;670;670,6;645;616,3;-0,599976;28,7;86,9438;87,7203;73,6531;3512,47;86,9438;86,9215;61,3403;285,188;12,3163;670;670,5;68,7714;670;670,5;645;611,3;-0,5;33,7;68,7714;70,6819;2751,42;68,6788;68,7714;226,152;68,9419;49,8417;12,1663;60,1492;670,8;670;670,8;670;645;616,9;-0,799988;28,1;60,1492;60,3047;62,1589;2470,38;60,1492;60,2204;44,3361;197,52;12,507;670;670,7;54,0217;670;670,7;645;627,6;-0,700012;17,4;54,0217;54,8437;56,8728;2194,97;54,0217;53,9505;45,8685;176,904;12,4077;670;670,6;49,1725;670;670,6;645;637,6;-0,599976;7,40002;49,1725;49,5938;50,8004;2113,72;49,1725;48,5891;42,8472;159,357;13,264;670;670,2;41,2296;670;670,2;645;635,1;-0,200012;9,90002;41,2296;41,3116;44,9094;1694,26;41,2296;41,1795;36,4581;135,144;12,5367
10.10.2025 00:04:42.320000;0;0;670;670,6;86,9398;670;670,6;645;616,3;-0,599976;28,7;86,9398;87,8294;73,5999;3513,67;86,9398;87,0167;61,3123;285,428;12,3102;670;670,6;68,6782;670;670,5;645;611,2;-0,5;33,8;68,6782;70,7279;2744,42;68,6744;68,6782;226,428;69,0134;49,802;12,1205;60,0538;670,9;670;671;670;645;616,7;-1;28,3;60,0538;60,1553;62,159;2469,74;60,0538;60,2017;44,3164;197,474;12,5066;670;670,8;53,927;670;670,8;645;627,8;-0,799988;17,2;53,927;54,8014;56,7996;2190,58;53,927;53,9003;45,8687;176,793;12,3906;670;670,5;49,259;670;670,5;645;637,5;-0,5;7,5;49,259;49,5255;50,8604;2111,13;49,259;48,6446;42,891;159,644;13,2239;670;670,3;41,1384;670;670,3;645;635,1;-0,299988;9,90002;41,1384;41,3548;44,9094;1695,55;41,1384;41,2819;36,4397;135,405;12,5221
10.10.2025 00:04:42.820000;0;0;670;670,6;86,9361;670;670,6;645;616,3;-0,599976;28,7;86,9361;87,6749;73,6558;3506,34;86,9361;87,052;61,3321;285,569;12,2784;670;670,5;68,7652;670;670,5;645;611,2;-0,5;33,8;68,7652;70,8448;2742,44;68,5288;68,7652;226,441;69,0526;49,7019;12,111;60,0475;670,9;670;670,9;670;645;616,7;-0,900024;28,3;60,0475;60,4049;62,0826;2479;60,0475;60,1586;44,3247;197,256;12,5674;670;670,8;53,9219;670;670,8;645;627,8;-0,799988;17,2;53,9219;54,6458;56,8352;2187,14;53,9219;53,9003;45,8687;176,742;12,3748;670;670,5;49,2555;670;670,5;645;637,5;-0,5;7,5;49,2555;49,5336;50,8409;2112,11;49,2555;48,8483;42,8415;160,299;13,1761;670;670,1;41,3174;670;670,1;645;635,1;-0,0999756;9,90002;41,3174;41,4047;44,9094;1697,59;41,3174;41,3759;36,4535;135,739;12,5063
10.10.2025 00:04:43.320000;0;0;670;670,6;86,9325;670;670,6;645;616,2;-0,599976;28,8;86,9325;87,325;73,8334;3493,72;86,9325;87,0977;61,3095;285,71;12,2282;670;670,6;68,6718;670;670,6;645;611,2;-0,599976;33,8;68,6718;70,8506;2739,27;68,4904;68,6718;226,223;68,9811;49,6914;12,1087;60,0417;670,9;670;670,9;670;645;616,5;-0,900024;28,5;60,0417;60,508;61,9886;2476,65;60,0417;60,1068;44,3286;197,166;12,5612;670;670,8;53,9168;670;670,8;645;627,7;-0,799988;17,3;53,9168;54,6879;56,7712;2186,32;53,9168;53,8408;45,8687;176,588;12,381;670;670,5;49,2532;670;670,5;645;637,4;-0,5;7,59998;49,2532;49,5229;50,8365;2109,9;49,2532;49,0003;42,7919;160,788;13,1223;670;670;41,3174;670;670;645;635;0;10;41,3174;41,4381;44,9094;1699,28;41,3174;41,4027;36,4535;135,79;12,514
10.10.2025 00:04:43.820000;0;0;670;670,6;86,9293;670;670,6;645;616,2;-0,599976;28,8;86,9293;87,3721;73,8229;3494,2;86,9293;87,1402;61,3245;285,884;12,2224;670;670,7;68,5778;670;670,7;645;611,2;-0,700012;33,8;68,5778;70,7458;2748,5;68,6427;68,5778;225,835;68,8833;49,7435;12,1704;60,0359;670,9;670;670,9;670;645;616,4;-0,900024;28,6;60,0359;60,1764;62,133;2468,33;60,0359;60,1133;44,3286;197,159;12,5195;670;670,9;53,8212;670;671;645;627,6;-1;17,4;53,8212;54,4969;56,7924;2177,2;53,8212;53,8462;45,8687;176,654;12,3246;670;670,6;49,16;670;670,6;645;637,4;-0,599976;7,59998;49,16;49,4562;50,8156;2108,81;49,16;49,1224;42,7358;161,198;13,0821;670;670,1;41,3174;670;670,1;645;635;-0,0999756;10;41,3174;41,3819;44,9107;1696,5;41,3174;41,4843;36,4252;136,107;12,4644
10.10.2025 00:04:44.320000;0;0;670;670,7;86,8356;670;670,7;645;616,3;-0,700012;28,7;86,8356;87,1649;73,8873;3487,19;86,8356;87,2392;61,237;286,196;12,1846;670;670,8;68,483;670;670,9;645;611,2;-0,900024;33,8;68,483;70,6776;2745,86;68,6034;68,483;225,126;68,683;49,7764;12,197;60,0301;670,9;670;670,8;670;645;616,5;-0,799988;28,5;60,0301;60,394;62,0342;2476,8;60,0301;60,1059;44,3286;197,186;12,5607;670;671;53,7248;670;671,1;645;627,6;-1,09998;17,4;53,7248;54,3882;56,8283;2175,13;53,7248;53,8631;45,8521;176,658;12,3127;670;670,6;49,1556;670;670,6;645;637,4;-0,599976;7,59998;49,1556;49,4572;50,8641;2108,53;49,1556;49,2769;42,7275;161,641;13,0445;670;670,2;41,2271;670;670,2;645;635;-0,200012;10;41,2271;41,3577;44,9389;1695,03;41,2271;41,5106;36,3719;136,168;12,4481
10.10.2025 00:04:44.820000;0;0;670;670,8;86,7412;670;670,8;645;616,3;-0,799988;28,7;86,7412;86,9888;74,0018;3479,82;86,7412;87,3059;61,1507;286,406;12,15;670;670,8;68,4765;670;670,8;645;611,3;-0,799988;33,7;68,4765;70,6467;2746,33;68,6309;68,4765;224,301;68,3843;49,8127;12,244;60,114;670,8;670;670,8;670;645;616,5;-0,799988;28,5;60,114;60,4142;62,0135;2476,98;60,114;60,1016;44,3286;197,133;12,565;670;671,1;53,6261;670;671,1;645;627,5;-1,09998;17,5;53,6261;54,3515;56,8316;2174,13;53,6261;53,8905;45,7927;176,787;12,298;670;670,6;49,1517;670;670,6;645;637,3;-0,599976;7,70001;49,1517;49,3255;50,9022;2102,92;49,1517;49,3399;42,6953;161,861;12,9921;670;670,3;41,1364;670;670,3;645;635,1;-0,299988;9,90002;41,1364;41,299;45,0112;1692,94;41,1364;41,582;36,329;136,402;12,4114
10.10.2025 00:04:45.320000;0;0;670;671,2;86,3738;670;671,2;645;616,4;-1,20001;28,6;86,3738;86,7513;74,213;3471,44;86,3738;87,4319;60,8693;286,776;12,105;670;670,9;68,3812;670;670,9;645;611,4;-0,900024;33,6;68,3812;70,6468;2741,98;68,5341;68,3812;223,666;68,1988;49,8519;12,2592;60,2896;670,6;670;670,6;670;645;616,6;-0,599976;28,4;60,2896;60,4365;62,0845;2479,17;60,2896;60,1312;44,3527;197,256;12,5683;670;671,1;53,6189;670;671,1;645;627,5;-1,09998;17,5;53,6189;54,0846;56,9518;2164,09;53,6189;53,8925;45,7774;176,793;12,2408;670;670,5;49,2387;670;670,5;645;637,3;-0,5;7,70001;49,2387;49,3498;50,9037;2104,75;49,2387;49,4514;42,6802;162,226;12,9742;670;670,3;41,1349;670;670,3;645;635,1;-0,299988;9,90002;41,1349;41,3068;44,9986;1694,06;41,1349;41,5404;36,2864;136,214;12,4367
10.10.2025 00:04:45.820000;0;0;670;671,3;86,2756;670;671,3;645;616,5;-1,29999;28,5;86,2756;86,803;74,2234;3473,51;86,2756;87,4345;60,764;286,785;12,1119;670;670,9;68,3754;670;670,9;645;611,5;-0,900024;33,5;68,3754;70,5463;2749,51;68,7104;68,3754;223,342;68,0921;49,9011;12,3108;60,3765;670,5;670;670,5;670;645;616,7;-0,5;28,3;60,3765;60,5179;62,0826;2480,76;60,3765;60,1695;44,3773;197,382;12,5683;670;671,1;53,6116;670;671,1;645;627,5;-1,09998;17,5;53,6116;54,1169;56,9597;2165,22;53,6116;53,9465;45,739;176,957;12,2358;670;670,5;49,2358;670;670,5;645;637,3;-0,5;7,70001;49,2358;49,2903;50,9795;2101,26;49,2358;49,5368;42,6347;162,532;12,9283;670;670,3;41,1335;670;670,3;645;635,1;-0,299988;9,90002;41,1335;41,331;44,9349;1694,89;41,1335;41,3949;36,329;135,737;12,4866
10.10.2025 00:04:46.320000;0;0;670;671,3;86,2669;670;671,3;645;616,6;-1,29999;28,4;86,2669;87,005;74,1792;3481,59;86,2669;87,4872;60,6667;286,958;12,1328;670;670,9;68,3696;670;670,9;645;611,5;-0,900024;33,5;68,3696;70,4117;2758,22;68,9279;68,3696;223,201;68,053;49,9285;12,3576;60,4642;670,4;670;670,4;670;645;616,6;-0,400024;28,4;60,4642;60,5688;62,1004;2483,32;60,4642;60,2534;44,3878;197,657;12,5638;670;671;53,6947;670;671;645;627,2;-1;17,8;53,6947;54,1371;56,9595;2167,95;53,6947;53,9699;45,7482;177,009;12,2477;670;670,5;49,2329;670;670,5;645;637,3;-0,5;7,70001;49,2329;49,2758;51,0512;2101,6;49,2329;49,6373;42,5763;162,849;12,9052;670;670,3;41,1322;670;670,3;645;635,2;-0,299988;9,79999;41,1322;41,2971;44,9349;1692,38;41,1322;41,211;36,3882;135,108;12,5262
10.10.2025 00:04:46.820000;0;0;670;671,4;86,1675;670;671,4;645;616,6;-1,40002;28,4;86,1675;87,3718;73,9931;3496,59;86,1675;87,4044;60,5837;286,674;12,1971;670;671;68,2734;670;671;645;611,4;-1;33,6;68,2734;70,3796;2755,4;68,8416;68,2734;222,947;67,9717;49,9378;12,359;60,6428;670,2;670;670,2;670;645;616,8;-0,200012;28,2;60,6428;60,5702;62,1024;2484,34;60,6428;60,28;44,4269;197,718;12,565;670;671;53,6882;670;671;645;627,1;-1;17,9;53,6882;54,2369;56,9251;2170,82;53,6882;54,0178;45,7133;177,178;12,2522;670;670,5;49,23;670;670,5;645;637,2;-0,5;7,79999;49,23;49,2689;51,0996;2101,15;49,23;49,6903;42,5318;163,023;12,8887;670;670,2;41,2211;670;670,2;645;635,2;-0,200012;9,79999;41,2211;41,2738;44,9342;1692,23;41,2211;41,0705;36,4093;134,673;12,5655
10.10.2025 00:04:47.320000;0;0;670;671,4;86,158;670;671,4;645;616,7;-1,40002;28,3;86,158;87,2639;73,995;3492,43;86,158;87,3677;60,5196;286,476;12,191;670;671;68,2669;670;671;645;611,3;-1;33,7;68,2669;70,2563;2762,99;69,0151;68,2669;222,926;67,9731;49,9483;12,3942;60,5514;670,3;670;670,3;670;645;616,9;-0,299988;28,1;60,5514;60,7145;62,0697;2489,45;60,5514;60,3422;44,4056;197,935;12,5771;670;671;53,6816;670;671;645;627;-1;18;53,6816;54,2178;56,9325;2168,3;53,6816;54,0314;45,6895;177,223;12,2349;670;670,4;49,3174;670;670,4;645;637,1;-0,400024;7,90002;49,3174;49,3843;51,1027;2106,19;49,3174;49,7733;42,5083;163,257;12,9011;670;670,2;41,2203;670;670,2;645;635,3;-0,200012;9,70001;41,2203;41,2295;44,9342;1689,93;41,2203;40,9359;36,4702;134,218;12,5909
10.10.2025 00:04:47.820000;0;0;670;671,4;86,1486;670;671,4;645;616,8;-1,40002;28,2;86,1486;87,2505;73,9915;3491,42;86,1486;87,1474;60,5366;285,779;12,2172;670;671;68,2604;670;671;645;611,2;-1;33,8;68,2604;70,1205;2769,44;69,1883;68,2604;223,056;67,9932;49,9502;12,4159;60,55;670,3;670;670,3;670;645;616,8;-0,299988;28,2;60,55;60,6644;62,0897;2486,92;60,55;60,3409;44,412;197,931;12,5646;670;671,1;53,5845;670;671,1;645;626,9;-1,09998;18,1;53,5845;54,0698;56,9742;2163,18;53,5845;54,0672;45,614;177,327;12,1988;670;670,3;49,4058;670;670,3;645;637;-0,299988;8;49,4058;49,5452;51,0134;2112,46;49,4058;49,7319;42,5401;163,082;12,9534;670;670,2;41,2197;670;670,2;645;635,3;-0,200012;9,70001;41,2197;41,2477;44,9344;1691,64;41,2197;40,8265;36,5296;133,885;12,635
10.10.2025 00:04:48.320000;0;0;670;671,3;86,2297;670;671,3;645;616,8;-1,29999;28,2;86,2297;86,9845;73,9917;3480,29;86,2297;86,9475;60,5985;285,124;12,2063;670;671;68,2538;670;671;645;611,1;-1;33,9;68,2538;70,0964;2767,02;69,1279;68,2538;223,618;68,1528;49,8902;12,3739;60,3679;670,5;670;670,5;670;645;616,8;-0,5;28,2;60,3679;60,6024;62,0739;2485,82;60,3679;60,3749;44,3719;198,055;12,5511;670;671,1;53,5772;670;671,1;645;626,8;-1,09998;18,2;53,5772;54,1975;56,9477;2168,93;53,5772;54,046;45,5942;177,271;12,2351;670;670,3;49,4044;670;670,3;645;637;-0,299988;8;49,4044;49,5361;50,9728;2112,7;49,4044;49,6283;42,5697;162,678;12,987;670;670,1;41,3095;670;670,1;645;635,4;-0,0999756;9,59998;41,3095;41,2671;44,9344;1691,63;41,3095;40,7264;36,6123;133,557;12,666
10.10.2025 00:04:48.820000;0;0;670;671,1;86,4017;670;671,1;645;616,8;-1,09998;28,2;86,4017;87,1874;73,7871;3489,85;86,4017;86,7018;60,7363;284,305;12,275;670;670,9;68,3378;670;670,9;645;611,1;-0,900024;33,9;68,3378;70,0223;2773,28;69,3042;68,3378;224,354;68,3805;49,8892;12,3612;60,365;670,5;670;670,5;670;645;616,8;-0,5;28,2;60,365;60,6808;61,9912;2486,95;60,365;60,3932;44,3719;198,091;12,5546;670;671;53,6602;670;671;645;626,7;-1;18,3;53,6602;54,1157;56,9681;2164,7;53,6602;54,0158;45,6164;177,16;12,2189;670;670,2;49,4927;670;670,2;645;637,1;-0,200012;7,90002;49,4927;49,5913;50,9728;2115,21;49,4927;49,4991;42,612;162,333;13,0301;670;670,1;41,3095;670;670;645;635,4;0;9,59998;41,3095;41,2955;44,9344;1692,95;41,3095;40,7165;36,6592;133,577;12,674
10.10.2025 00:04:49.320000;0;0;670;671,1;86,3945;670;671,1;645;616,9;-1,09998;28,1;86,3945;87,3387;73,5702;3496,54;86,3945;86,4907;60,8095;283,587;12,3297;670;670,8;68,4222;670;670,8;645;611;-0,799988;34;68,4222;70,1135;2769,06;69,2069;68,4222;224,948;68,5542;49,8749;12,3098;60,3621;670,5;670;670,5;670;645;616,8;-0,5;28,2;60,3621;60,7044;61,9729;2488,56;60,3621;60,4005;44,3719;198,127;12,5605;670;671,1;53,5634;670;671,1;645;626,7;-1,09998;18,3;53,5634;53,9765;56,9681;2160,72;53,5634;53,927;45,5986;176,868;12,2166;670;670,2;49,4919;670;670,2;645;637,1;-0,200012;7,90002;49,4919;49,6435;50,9447;2116,48;49,4919;49,3723;42,62;161,916;13,0715;670;670;41,3095;670;670;645;635,4;0;9,59998;41,3095;41,2418;44,9344;1690,95;41,3095;40,8662;36,6031;134,118;12,6079
10.10.2025 00:04:49.820000;0;0;670;670,7;86,7481;670;670,7;645;616,9;-0,700012;28,1;86,7481;87,6247;73,3646;3506,71;86,7481;86,2825;60,8503;282,968;12,3926;670;670,8;68,4171;670;670,8;645;611;-0,799988;34;68,4171;70,2581;2758,98;69,0309;68,4171;225,46;68,7182;49,7991;12,2371;60,4497;670,4;670;670,4;670;645;616,9;-0,400024;28,1;60,4497;60,5923;62,0471;2483,16;60,4497;60,404;44,3719;198,099;12,5349;670;671;53,6465;670;671;645;626,7;-1;18,3;53,6465;53,9374;56,9681;2158,84;53,6465;53,86;45,6451;176,635;12,222;670;670,2;49,4912;670;670,2;645;637,1;-0,200012;7,90002;49,4912;49,6395;50,9442;2116,47;49,4912;49,2584;42,6705;161,516;13,1038;670;670,1;41,3095;670;670,1;645;635,3;-0,0999756;9,70001;41,3095;41,2862;44,9344;1692,92;41,3095;41,0852;36,5457;134,837;12,5553
10.10.2025 00:04:50.320000;0;0;670;670,5;86,9239;670;670,5;645;616,9;-0,5;28,1;86,9239;88;73,2481;3520,77;86,9239;86,1545;61,0349;282,539;12,4612;670;670,7;68,5024;670;670,7;645;611;-0,700012;34;68,5024;70,3623;2757,37;68,8746;68,5024;225,736;68,8132;49,7804;12,215;60,4475;670,4;670;670,4;670;645;617;-0,400024;28;60,4475;60,448;62,0679;2479,01;60,4475;60,3971;44,3719;198,118;12,5128;670;670,9;53,7303;670;670,9;645;626,7;-0,900024;18,3;53,7303;54,1462;56,8189;2167,67;53,7303;53,7668;45,6859;176,332;12,2931;670;670,1;49,5807;670;670,1;645;637;-0,0999756;8;49,5807;49,6048;50,9669;2115,47;49,5807;49,1847;42,7477;161,302;13,1149;670;670,1;41,3095;670;670,1;645;635,3;-0,0999756;9,70001;41,3095;41,3027;44,9344;1693,29;41,3095;41,2425;36,507;135,316;12,5136
10.10.2025 00:04:50.820000;0;0;670;670,6;86,8308;670;670,6;645;617;-0,599976;28;86,8308;88,1062;73,175;3526,46;86,8308;86,0117;61,1745;282,093;12,5011;670;670,8;68,4079;670;670,8;645;611;-0,799988;34;68,4079;70,3212;2764,82;69,0888;68,4079;226,049;68,9135;49,6845;12,231;60,5357;670,3;670;670,3;670;645;617;-0,299988;28;60,5357;60,3404;62,1175;2472,36;60,5357;60,384;44,3719;198,047;12,4837;670;670,9;53,7245;670;670,9;645;626,6;-0,900024;18,4;53,7245;54,0336;56,8425;2161,73;53,7245;53,7343;45,6859;176,223;12,267;670;670,1;49,5807;670;670,1;645;637;-0,0999756;8;49,5807;49,5969;50,9669;2113,85;49,5807;49,1053;42,802;161,053;13,1252;670;670,1;41,3095;670;670,2;645;635,3;-0,200012;9,70001;41,3095;41,2995;44,9344;1693,6;41,3095;41,3786;36,507;135,748;12,4761
10.10.2025 00:04:51.320000;0;0;670;670,6;86,8271;670;670,6;645;617;-0,599976;28;86,8271;88,3945;72,9469;3537,2;86,8271;85,9208;61,2603;281,807;12,5518;670;670,8;68,4028;670;670,8;645;611,2;-0,799988;33,8;68,4028;70,2848;2771,29;69,2266;68,4028;226,327;68,9904;49,6221;12,2446;60,5343;670,3;670;670,3;670;645;617;-0,299988;28;60,5343;60,2983;62,1475;2471,91;60,5343;60,3862;44,3714;198,067;12,4802;670;670,8;53,8093;670;670,8;645;626,5;-0,799988;18,5;53,8093;54,1767;56,7965;2167,94;53,8093;53,6814;45,6983;176,062;12,3135;670;670,1;49,5807;670;670,1;645;637,1;-0,0999756;7,90002;49,5807;49,6083;50,9669;2115,94;49,5807;49,0679;42,843;160,917;13,1492;670;670,1;41,3091;670;670,1;645;635,3;-0,0999756;9,70001;41,3091;41,3068;44,9344;1692,76;41,3091;41,3566;36,5046;135,624;12,4812
10.10.2025 00:04:51.820000;0;0;670;670,6;86,8235;670;670,6;645;617;-0,599976;28;86,8235;88,5481;72,7712;3542,02;86,8235;85,8332;61,3506;281,52;12,5818;670;670,8;68,3977;670;670,8;645;611,3;-0,799988;33,7;68,3977;70,2301;2775,77;69,3585;68,3977;226,398;69,0316;49,5693;12,2606;60,5328;670,3;670;670,3;670;645;617,1;-0,299988;27,9;60,5328;60,418;62,0919;2477,46;60,5328;60,3723;44,3714;198,034;12,5103;670;670,9;53,7135;670;670,9;645;626,5;-0,900024;18,5;53,7135;54,3964;56,6102;2176,57;53,7135;53,6634;45,6873;176,003;12,3667;670;670,1;49,5807;670;670,1;645;637,1;-0,0999756;7,90002;49,5807;49,4233;50,9962;2107,57;49,5807;49,0263;42,8213;160,793;13,1073;670;670,2;41,2186;670;670,2;645;635,3;-0,200012;9,70001;41,2186;41,2445;44,9344;1690,87;41,2186;41,3108;36,5044;135,5;12,4788
10.10.2025 00:04:52.320000;0;0;670;670,6;86,8199;670;670,6;645;617,1;-0,599976;27,9;86,8199;87,9572;72,9792;3519,13;86,8199;85,8183;61,4148;281,471;12,5026;670;670,9;68,3022;670;670,9;645;611,5;-0,900024;33,5;68,3022;70,1779;2774,43;69,3649;68,3022;226,171;68,9664;49,5217;12,2669;60,5314;670,3;670;670,3;670;645;617;-0,299988;28;60,5314;60,4952;62,0844;2479,98;60,5314;60,4014;44,3719;198,117;12,5178;670;670,9;53,7077;670;670,9;645;626,4;-0,900024;18,6;53,7077;54,3106;56,617;2173,45;53,7077;53,6301;45,6873;175,894;12,3566;670;670,1;49,5807;670;670,1;645;637,1;-0,0999756;7,90002;49,5807;49,4456;50,988;2108,52;49,5807;49,0284;42,85;160,826;13,1106;670;670,2;41,2179;670;670,2;645;635,2;-0,200012;9,79999;41,2179;41,2401;44,9344;1690,84;41,2179;41,2467;36,5044;135,263;12,5004
10.10.2025 00:04:52.820000;0;0;670;670,5;86,9066;670;670,5;645;617;-0,5;28;86,9066;87,7697;73,0583;3510,87;86,9066;85,7889;61,5243;281,387;12,477;670;671;68,2058;670;671;645;611,6;-1;33,4;68,2058;70,1935;2763,97;69,1276;68,2058;225,611;68,7995;49,5134;12,2511;60,5299;670,3;670;670,3;670;645;617;-0,299988;28;60,5299;60,4585;62,0844;2477,68;60,5299;60,4066;44,3722;198,121;12,5059;670;670,9;53,7019;670;670,9;645;626,4;-0,900024;18,6;53,7019;54,2425;56,6172;2170,73;53,7019;53,6391;45,6873;175,923;12,3391;670;670,1;49,5803;670;670,1;645;637,2;-0,0999756;7,79999;49,5803;49,4992;50,971;2112,09;49,5803;49,0334;42,8918;160,83;13,1325;670;670,2;41,2171;670;670,2;645;635,2;-0,200012;9,79999;41,2171;41,2983;44,9344;1693,71;41,2171;41,2319;36,5044;135,241;12,5237
10.10.2025 00:04:53.320000;0;0;670;670,4;86,994;670;670,4;645;616,8;-0,400024;28,2;86,994;87,8916;72,9946;3518,13;86,994;85,8039;61,6226;281,501;12,4978;670;671,2;68,0182;670;671,2;645;611,7;-1,20001;33,3;68,0182;70,1665;2757,94;68,9569;68,0182;224,928;68,5993;49,4861;12,2614;60,5285;670,3;670;670,3;670;645;616,9;-0,299988;28,1;60,5285;60,3503;62,1271;2473,72;60,5285;60,4297;44,3722;198,248;12,4779;670;670,9;53,6961;670;670,9;645;626,4;-0,900024;18,6;53,6961;54,3041;56,5528;2171,91;53,6961;53,5995;45,6873;175,794;12,3549;670;670,1;49,5803;670;670,1;645;637,2;-0,0999756;7,79999;49,5803;49,5547;50,971;2113,01;49,5803;49,0409;42,9369;160,854;13,1362;670;670,2;41,2164;670;670,2;645;635,2;-0,200012;9,79999;41,2164;41,2943;44,9344;1692,43;41,2164;41,1768;36,5044;135,034;12,5333
10.10.2025 00:04:53.820000;0;0;670;670,5;86,9016;670;670,5;645;616,8;-0,5;28,2;86,9016;87,9829;72,8494;3521,68;86,9016;85,9039;61,6149;281,801;12,4971;670;671,2;68,0099;670;671,2;645;611,7;-1,20001;33,3;68,0099;70,1932;2747,38;68,665;68,0099;224,203;68,3824;49,506;12,254;60,527;670,3;670;670,3;670;645;616,8;-0,299988;28,2;60,527;60,1091;62,2574;2464,48;60,527;60,448;44,2705;198,268;12,4301;670;670,9;53,6903;670;670,9;645;626,4;-0,900024;18,6;53,6903;54,218;56,5648;2168,95;53,6903;53,567;45,6976;175,66;12,3474;670;670,2;49,4898;670;670,2;645;637,3;-0,200012;7,70001;49,4898;49,5584;50,971;2112,53;49,4898;49,0281;42,9423;160,811;13,1367;670;670,1;41,3062;670;670,1;645;635,2;-0,0999756;9,79999;41,3062;41,2663;44,9344;1691,92;41,3062;41,1837;36,5046;135,082;12,5252
10.10.2025 00:04:54.320000;0;0;670;670,5;86,8987;670;670,5;645;616,7;-0,5;28,3;86,8987;87,734;72,9138;3509,01;86,8987;86,0463;61,6124;282,309;12,4297;670;671,2;68,002;670;671,2;645;611,5;-1,20001;33,5;68,002;69,9271;2756,39;68,9261;68,002;223,543;68,1728;49,6111;12,3305;60,5256;670,3;670;670,3;670;645;616,8;-0,299988;28,2;60,5256;60,1787;62,2407;2470,24;60,5256;60,4697;44,2742;198,328;12,4553;670;671;53,5941;670;671;645;626,2;-1;18,8;53,5941;54,1753;56,5109;2167,39;53,5941;53,5224;45,6903;175,554;12,346;670;670,3;49,3987;670;670,3;645;637,3;-0,299988;7,70001;49,3987;49,5123;50,9637;2110,56;49,3987;49,1246;42,8874;161,244;13,0893;670;670,1;41,3062;670;670,1;645;635,2;-0,0999756;9,79999;41,3062;41,1998;44,9376;1689,19;41,3062;41,1395;36,5046;134,937;12,5183
10.10.2025 00:04:54.820000;0;0;670;670,4;86,9863;670;670,4;645;616,6;-0,400024;28,4;86,9863;87,6452;72,9635;3505,93;86,9863;86,3105;61,5861;283,214;12,3791;670;671;68,1749;670;671;645;611,4;-1;33,6;68,1749;69,9231;2755,12;68,8584;68,1749;222,931;67,9903;49,6728;12,3586;60,4339;670,4;670;670,4;670;645;616,8;-0,400024;28,2;60,4339;60,331;62,1264;2473,72;60,4339;60,428;44,346;198,152;12,4839;670;671;53,5876;670;671;645;626,2;-1;18,8;53,5876;54,0358;56,55;2160,72;53,5876;53,5353;45,6903;175,557;12,3078;670;670,3;49,3972;670;670,3;645;637,4;-0,299988;7,59998;49,3972;49,4751;50,9703;2110,1;49,3972;49,3097;42,8229;161,8;13,0414;670;670,1;41,3062;670;670,1;645;635,2;-0,0999756;9,79999;41,3062;41,2307;44,9346;1691,26;41,3062;41,1482;36,5046;134,966;12,531
10.10.2025 00:04:55.320000;0;0;670;670,4;86,9842;670;670,5;645;616,6;-0,5;28,4;86,9842;87,5591;72,9735;3501,36;86,9842;86,621;61,4885;284,185;12,3207;670;670,9;68,2588;670;670,8;645;611,3;-0,799988;33,7;68,2588;69,9648;2751,64;68,7942;68,2588;222,538;67,8576;49,7728;12,3649;60,5222;670,3;670;670,3;670;645;616,8;-0,299988;28,2;60,5222;60,1122;62,2881;2464,63;60,5222;60,3836;44,2738;198,048;12,4446;670;671;53,5811;670;671;645;626,2;-1;18,8;53,5811;53,9082;56,5948;2156,23;53,5811;53,4423;45,7069;175,242;12,3043;670;670,3;49,3958;670;670,3;645;637,4;-0,299988;7,59998;49,3958;49,4561;50,9703;2109,45;49,3958;49,4899;42,8229;162,368;12,9918;670;670;41,3062;670;670;645;635,2;0;9,79999;41,3062;41,2309;44,9346;1690,31;41,3062;41,1071;36,5148;134,795;12,5399
10.10.2025 00:04:55.820000;0;0;670;670,5;86,8913;670;670,5;645;616,5;-0,5;28,5;86,8913;87,0345;73,1737;3482,45;86,8913;86,8228;61,3897;284,83;12,2264;670;670,8;68,3437;670;670,6;645;611,2;-0,599976;33,8;68,3437;70,0394;2748,16;68,6879;68,3437;222,041;67,7073;49,8963;12,3768;60,6113;670,2;670;670,2;670;645;617;-0,200012;28;60,6113;60,1136;62,354;2464,38;60,6113;60,2961;44,3003;197,707;12,4648;670;671,1;53,4839;670;670,9;645;626,2;-0,900024;18,8;53,4839;53,8521;56,5575;2153,79;53,4839;53,4098;45,6919;175,171;12,2953;670;670,3;49,3943;670;670,3;645;637,5;-0,299988;7,5;49,3943;49,5239;50,9703;2112,02;49,3943;49,5945;42,7801;162,722;12,9793;670;670;41,3062;670;670;645;635,2;0;9,79999;41,3062;41,2582;44,9346;1691,43;41,3062;41,0788;36,5402;134,725;12,5546
10.10.2025 00:04:56.320000;0;0;670;670,5;86,8884;670;670,6;645;616,4;-0,599976;28,6;86,8884;86,9911;73,1941;3479,92;86,8884;86,9547;61,3897;285,211;12,2012;670;670,5;68,61;670;670,5;645;611,1;-0,5;33,9;68,61;70,1559;2733,6;68,4238;68,61;222,049;67,6745;49,9859;12,3108;60,7009;670,1;670;670,1;670;645;617,2;-0,0999756;27,8;60,7009;60,1444;62,4099;2468,16;60,7009;60,2217;44,3309;197,514;12,4961;670;671,1;53,4778;670;671,1;645;626,2;-1,09998;18,8;53,4778;53,8234;56,6533;2153,35;53,4778;53,3446;45,787;174,932;12,3097;670;670,4;49,3023;670;670,5;645;637,4;-0,5;7,59998;49,3023;49,5239;50,991;2111,22;49,3023;49,6632;42,7043;162,883;12,9616;670;670,1;41,3062;670;670,1;645;635,3;-0,0999756;9,70001;41,3062;41,251;44,9346;1691,61;41,3062;41,0042;36,5745;134,442;12,5824
10.10.2025 00:04:56.820000;0;0;670;670,6;86,7956;670;670,6;645;616,2;-0,599976;28,8;86,7956;87,0333;73,1941;3484,8;86,7956;86,973;61,3569;285,284;12,2152;670;670,4;68,6982;670;670,3;645;611,1;-0,299988;33,9;68,6982;70,3736;2728,03;68,1894;68,6982;222,29;67,744;49,8901;12,2724;60,7009;670;670;670;670;645;617,3;0;27,7;60,7009;60,3396;62,3308;2475,2;60,7009;60,1895;44,3512;197,344;12,5425;670;671,1;53,472;670;671;645;626,2;-1;18,8;53,472;53,8372;56,5427;2154,83;53,472;53,2968;45,7362;174,801;12,3273;670;670,4;49,3002;670;670,4;645;637,5;-0,400024;7,5;49,3002;49,5454;51,0002;2112,46;49,3002;49,6977;42,636;163,047;12,9561;670;670,1;41,3062;670;670,1;645;635,3;-0,0999756;9,70001;41,3062;41,2198;44,9347;1690,5;41,3062;40,984;36,5779;134,428;12,5755
10.10.2025 00:04:57.320000;0;0;670;670,8;86,6114;670;670,8;645;616,2;-0,799988;28,8;86,6114;87,0285;73,1937;3482,89;86,6114;87,0526;61,2771;285,584;12,1957;670;670,3;68,7867;670;670,1;645;611,2;-0,0999756;33,8;68,7867;70,341;2735,19;68,3923;68,7867;222,961;67,9291;49,9201;12,2675;60,7009;669,9;670;669,8;670;645;617,6;0,200012;27,4;60,7009;60,371;62,3308;2477,29;60,7009;60,1042;44,4055;197,116;12,5677;670;671;53,5554;670;671;645;626,2;-1;18,8;53,5554;53,9011;56,5389;2156,27;53,5554;53,2858;45,7835;174,778;12,3372;670;670,5;49,2074;670;670,5;645;637,5;-0,5;7,5;49,2074;49,5002;51,0576;2109,57;49,2074;49,7533;42,5861;163,178;12,928;670;670;41,3062;670;670;645;635,2;0;9,79999;41,3062;41,2703;44,9347;1693,07;41,3062;40,9219;36,6355;134,198;12,6162
10.10.2025 00:04:57.820000;0;0;670;670,7;86,6964;670;670,7;645;616;-0,700012;29;86,6964;87,2382;73,1748;3492,64;86,6964;87,101;61,1956;285,697;12,225;670;670,1;68,9665;670;670,1;645;611,4;-0,0999756;33,6;68,9665;70,4839;2732,01;68,3448;68,9665;223,602;68,1308;49,8344;12,2182;60,7917;669,8;670;669,8;670;645;617,6;0,200012;27,4;60,7917;60,4494;62,3528;2479,86;60,7917;60,0633;44,4693;196,935;12,5923;670;671;53,5488;670;671;645;626,1;-1;18,9;53,5488;53,8399;56,5529;2155,74;53,5488;53,3352;45,7712;174,93;12,3234;670;670,6;49,1144;670;670,6;645;637,5;-0,599976;7,5;49,1144;49,3914;51,0916;2105,89;49,1144;49,6892;42,5822;162,958;12,9229;670;670,1;41,3062;670;670,1;645;635,3;-0,0999756;9,70001;41,3062;41,2905;44,9347;1693,03;41,3062;40,9012;36,6711;134,159;12,6196
10.10.2025 00:04:58.320000;0;0;670;670,7;86,692;670;670,7;645;615,8;-0,700012;29,2;86,692;87,5616;73,0346;3506,09;86,692;87,1643;61,1818;285,976;12,2601;670;670,1;68,9665;670;670,1;645;611,5;-0,0999756;33,5;68,9665;70,4122;2746,55;68,5523;68,9665;224,228;68,3153;49,8461;12,2489;60,7019;670;670;670;670;645;617,6;0;27,4;60,7019;60,472;62,3061;2478,23;60,7019;59,9854;44,5348;196,726;12,5973;670;671;53,5423;670;671;645;626,1;-1;18,9;53,5423;53,8641;56,5236;2155,42;53,5423;53,3513;45,7693;175,005;12,3164;670;670,6;49,1108;670;670,6;645;637,5;-0,599976;7,5;49,1108;49,3316;51,0918;2103,02;49,1108;49,6073;42,5486;162,622;12,9319;670;670,1;41,3062;670;670;645;635,3;0;9,70001;41,3062;41,3018;44,9347;1692,57;41,3062;40,8897;36,6998;134,093;12,6224
10.10.2025 00:04:58.820000;0;0;670;670,6;86,7779;670;670,6;645;615,7;-0,599976;29,3;86,7779;87,4594;73,108;3499,78;86,7779;87,2423;61,1579;286,219;12,2276;670;670;68,9665;670;670;645;611,6;0;33,4;68,9665;70,3972;2746,58;68,6131;68,9665;224,633;68,4661;49,8181;12,227;60,7019;670;670;670,1;670;645;617,7;-0,0999756;27,3;60,7019;60,4193;62,3438;2478,63;60,7019;60,0298;44,5176;196,936;12,586;670;670,9;53,626;670;670,9;645;626,1;-0,900024;18,9;53,626;54,0294;56,4652;2162,55;53,626;53,3911;45,7922;175,149;12,3469;670;670,6;49,1071;670;670,6;645;637,4;-0,599976;7,59998;49,1071;49,3234;51,0244;2103,15;49,1071;49,451;42,5882;162,071;12,9767;670;669,9;41,3062;670;669,9;645;635,4;0,0999756;9,59998;41,3062;41,2343;44,9347;1690,77;41,3062;40,8893;36,692;134,143;12,6042
10.10.2025 00:04:59.320000;0;0;670;670,6;86,7743;670;670,6;645;615,6;-0,599976;29,4;86,7743;87,277;73,1643;3491,53;86,7743;87,3626;61,0798;286,586;12,1832;670;670;68,9665;670;670;645;611,7;0;33,3;68,9665;70,2792;2763,12;68,9705;68,9665;225,003;68,5872;49,9186;12,2804;60,6117;670,2;670;670,2;670;645;617,7;-0,200012;27,3;60,6117;60,5028;62,2645;2481,35;60,6117;60,1298;44,5309;197,301;12,5764;670;670,9;53,6202;670;670,9;645;626,1;-0,900024;18,9;53,6202;53,9226;56,5003;2157,76;53,6202;53,4196;45,7861;175,215;12,3149;670;670,5;49,1937;670;670,5;645;637,3;-0,5;7,70001;49,1937;49,3231;51,0108;2104,9;49,1937;49,326;42,6616;161,685;13,0185;670;670;41,3062;670;670;645;635,4;0;9,59998;41,3062;41,2351;44,9347;1690,48;41,3062;40,9;36,7044;134,1;12,6061
10.10.2025 00:04:59.820000;0;0;670;670,6;86,7707;670;670,6;645;615,5;-0,599976;29,5;86,7707;87,1523;73,2423;3488,7;86,7707;87,3978;61,0303;286,665;12,1699;670;669,9;68,9665;670;669,9;645;611,7;0,0999756;33,3;68,9665;70,1134;2780,01;69,3847;68,9665;225,203;68,6694;49,9016;12,3445;60,5208;670,3;670;670,3;670;645;617,6;-0,299988;27,4;60,5208;60,6621;62,2392;2487,82;60,5208;60,2082;44,526;197,457;12,5993;670;670,8;53,7047;670;670,8;645;626,1;-0,799988;18,9;53,7047;53,9092;56,5391;2156,62;53,7047;53,4392;45,8201;175,273;12,3043;670;670,5;49,1908;670;670,5;645;637,1;-0,5;7,90002;49,1908;49,3814;50,9628;2103,87;49,1908;49,1811;42,674;161,182;13,0527;670;670;41,3062;670;670;645;635,4;0;9,59998;41,3062;41,2305;44,9347;1688,69;41,3062;40,8844;36,7251;134,079;12,5948
10.10.2025 00:05:00.320000;0;0;670;670,6;86,767;670;670,6;645;615,3;-0,599976;29,7;86,767;87,0269;73,3013;3481,91;86,767;87,3706;61,0059;286,563;12,1506;670;669,9;68,9665;670;669,9;645;611,7;0,0999756;33,3;68,9665;70,0362;2780,79;69,4923;68,9665;225,497;68,7294;49,8898;12,3318;60,4288;670,4;670;670,4;670;645;617,6;-0,400024;27,4;60,4288;60,7752;62,1274;2489,33;60,4288;60,2509;44,4828;197,7;12,5914;670;670,7;53,7901;670;670,7;645;626;-0,700012;19;53,7901;53,9172;56,5733;2156,59;53,7901;53,4132;45,8795;175,195;12,3096;670;670,6;49,0976;670;670,6;645;637;-0,599976;8;49,0976;49,3483;50,9276;2104,85;49,0976;49,0662;42,674;160,873;13,084;670;670;41,3062;670;670;645;635,4;0;9,59998;41,3062;41,2112;44,9359;1690,62;41,3062;40,85;36,7455;133,936;12,6225
10.10.2025 00:05:00.820000;0;0;670;670,7;86,6732;670;670,7;645;615,4;-0,700012;29,6;86,6732;87,0255;73,2915;3481,37;86,6732;87,3209;60,9554;286,457;12,1532;670;669,9;68,9665;670;669,9;645;611,7;0,0999756;33,3;68,9665;69,9029;2789,25;69,6959;68,9665;225,748;68,7892;49,8728;12,3556;60,3363;670,5;670;670,6;670;645;617,7;-0,599976;27,3;60,3363;60,5944;62,1606;2481,93;60,3363;60,3183;44,4534;197,88;12,5426;670;670,6;53,8763;670;670,5;645;626;-0,5;19;53,8763;53,9485;56,5861;2159,89;53,8763;53,4453;45,9214;175,343;12,3181;670;670,6;49,0935;670;670,6;645;637;-0,599976;8;49,0935;49,3783;50,8521;2105,65;49,0935;48,9768;42,674;160,632;13,1086;670;670;41,3062;670;670;645;635,4;0;9,59998;41,3062;41,2851;44,9359;1692,85;41,3062;40,8505;36,796;134,061;12,6274
10.10.2025 00:05:01.320000;0;0;670;670,8;86,5786;670;670,8;645;615,5;-0,799988;29,5;86,5786;86,9242;73,3418;3480,6;86,5786;87,2863;60,8948;286,164;12,1629;670;669,9;68,9665;670;670;645;611,7;0;33,3;68,9665;69,8679;2785,16;69,6879;68,9665;225,969;68,8912;49,8434;12,3254;60,0623;670,8;670;670,8;670;645;617,7;-0,799988;27,3;60,0623;60,5115;62,2203;2482,76;60,0623;60,3831;44,3636;198,094;12,5332;670;670,5;53,9633;670;670,5;645;626;-0,5;19;53,9633;54,0482;56,5861;2162,28;53,9633;53,4772;45,9684;175,383;12,329;670;670,6;49,0899;670;670,6;645;636,9;-0,599976;8,09998;49,0899;49,3835;50,8794;2107,31;49,0899;48,9372;42,6975;160,469;13,1322;670;670;41,3062;670;670;645;635,4;0;9,59998;41,3062;41,2888;44,9359;1692,84;41,3062;40,84;36,8279;133,955;12,6374
10.10.2025 00:05:01.820000;0;0;670;670,9;86,4833;670;670,9;645;615,6;-0,900024;29,4;86,4833;86,9907;73,2435;3481,18;86,4833;87,1407;60,8793;285,719;12,1839;670;670;68,9665;670;670;645;611,7;0;33,3;68,9665;69,9381;2779,35;69,4881;68,9665;226,116;68,9299;49,8434;12,2917;59,9671;670,9;670;670,9;670;645;617,9;-0,900024;27,1;59,9671;60,7652;62,1129;2493,49;59,9671;60,4375;44,3234;198,235;12,5785;670;670,4;54,0505;670;670,4;645;626;-0,400024;19;54,0505;54,0763;56,5781;2163,27;54,0505;53,5355;45,9686;175,622;12,3177;670;670,7;48,9954;670;670,7;645;636,8;-0,700012;8,20001;48,9954;49,4141;50,8435;2107,02;48,9954;48,8702;42,7305;160,294;13,1447;670;670;41,3062;670;670;645;635,4;0;9,59998;41,3062;41,3354;44,9359;1694,75;41,3062;40,8871;36,8391;134,11;12,6371
10.10.2025 00:05:02.320000;0;0;670;671;86,3873;670;671;645;615,8;-1;29,2;86,3873;86,9756;73,2191;3477,54;86,3873;86,9594;60,8807;285,163;12,1949;670;670,1;68,9665;670;670,1;645;611,7;-0,0999756;33,3;68,9665;69,9192;2780,62;69,4815;68,9665;226,268;68,9722;49,8434;12,2891;59,8712;671;670;671;670;645;617,9;-1;27,1;59,8712;60,8395;62,0502;2493,68;59,8712;60,4232;44,2669;198,214;12,5808;670;670,3;54,1383;670;670,3;645;625,9;-0,299988;19,1;54,1383;54,0515;56,5856;2162,92;54,1383;53,5698;46,0214;175,709;12,3097;670;670,7;48,9911;670;670,7;645;636,8;-0,700012;8,20001;48,9911;49,3692;50,8011;2105,1;48,9911;48,8508;42,7032;160,231;13,138;670;669,9;41,3062;670;669,9;645;635,4;0,0999756;9,59998;41,3062;41,3479;44,9359;1695,26;41,3062;40,8852;36,8605;134,103;12,6415
10.10.2025 00:05:02.820000;0;0;670;671;86,3807;670;671,1;645;616;-1,09998;29;86,3807;86,8885;73,2191;3471,18;86,3807;86,845;60,8958;284,758;12,1899;670;670;68,9665;670;670;645;611,8;0;33,2;68,9665;70,0178;2773,91;69,3155;68,9665;226,468;69,0413;49,8434;12,2486;59,7744;671,1;670;671,1;670;645;617,9;-1,09998;27,1;59,7744;60,8571;62,033;2492,89;59,7744;60,441;44,1524;198,145;12,5811;670;670,3;54,1371;670;670,3;645;625,9;-0,299988;19,1;54,1371;54,0315;56,5886;2162,62;54,1371;53,6657;45,9936;176,116;12,2795;670;670,7;48,9876;670;670,7;645;636,7;-0,700012;8,29999;48,9876;49,3768;50,7817;2104,47;48,9876;48,8525;42,7035;160,201;13,1364;670;669,8;41,3963;670;669,8;645;635,4;0,200012;9,59998;41,3963;41,3244;44,9359;1694,46;41,3963;40,9078;36,8726;134,19;12,6273
10.10.2025 00:05:03.320000;0;0;670;671,1;86,2836;670;671,1;645;616,1;-1,09998;28,9;86,2836;86,6263;73,2527;3466,12;86,2836;86,7905;60,8533;284,634;12,1774;670;670;68,9665;670;670;645;612;0;33;68,9665;70,06;2771,82;69,26;68,9665;226,646;69,0916;49,8332;12,2297;59,7671;671,1;670;671,1;670;645;617,9;-1,09998;27,1;59,7671;60,8724;61,9777;2493,56;59,7671;60,3871;44,1361;198,031;12,5917;670;670,3;54,1357;670;670,3;645;626,1;-0,299988;18,9;54,1357;54,0088;56,6008;2160,6;54,1357;53,7784;45,9526;176,457;12,2443;670;670,7;48,9832;670;670,7;645;636,6;-0,700012;8,40002;48,9832;49,2678;50,8201;2100,62;48,9832;48,8738;42,6955;160,28;13,1059;670;669,8;41,397;670;669,8;645;635,4;0,200012;9,59998;41,397;41,3363;44,9359;1694,15;41,397;40,9096;36,905;134,184;12,6256
10.10.2025 00:05:03.820000;0;0;670;671,2;86,1858;670;671,2;645;616,1;-1,20001;28,9;86,1858;86,7687;73,2219;3472,14;86,1858;86,6754;60,8327;284,244;12,2153;670;670,1;68,9665;670;670,1;645;612,1;-0,0999756;32,9;68,9665;69,9993;2776,81;69,3756;68,9665;226,632;69,0991;49,8279;12,2525;59,7584;671,1;670;671,1;670;645;617,8;-1,09998;27,2;59,7584;60,7683;61,9241;2491,9;59,7584;60,2365;44,1555;197,511;12,6165;670;670,2;54,2244;670;670,2;645;626,4;-0,200012;18,6;54,2244;53,9679;56,6746;2159,42;54,2244;53,896;45,9029;176,805;12,2136;670;670,7;48,978;670;670,7;645;636,6;-0,700012;8,40002;48,978;49,215;50,8316;2098,37;48,978;48,8401;42,709;160,208;13,0977;670;669,8;41,3977;670;669,8;645;635,4;0,200012;9,59998;41,3977;41,2939;44,9379;1693,21;41,3977;41,0153;36,8631;134,62;12,5777
10.10.2025 00:05:04.320000;0;0;670;671,4;85,9971;670;671,4;645;616,1;-1,40002;28,9;85,9971;87,0739;73,0377;3485,79;85,9971;86,6257;60,7495;284,038;12,2723;670;670,2;68,8758;670;670,2;645;612,2;-0,200012;32,8;68,8758;69,9248;2781,54;69,5106;68,8758;226,708;69,1184;49,7767;12,2692;59,7514;671,1;670;671,1;670;645;617,6;-1,09998;27,4;59,7514;60,6223;61,9313;2484,08;59,7514;60,1481;44,1691;197,26;12,5929;670;670,3;54,133;670;670,3;645;626,6;-0,299988;18,4;54,133;53,866;56,69;2156,14;54,133;53,9707;45,9007;177,05;12,1782;670;670,6;49,064;670;670,6;645;636,6;-0,599976;8,40002;49,064;49,1472;50,8949;2096,76;49,064;48,8275;42,7528;160,154;13,0921;670;669,8;41,3988;670;669,8;645;635,4;0,200012;9,59998;41,3988;41,2776;44,949;1691,74;41,3988;41,1538;36,8077;135,023;12,5293
10.10.2025 00:05:04.820000;0;0;670;671,3;86,0764;670;671,3;645;616,1;-1,29999;28,9;86,0764;87,1107;72,8986;3486,14;86,0764;86,4528;60,8186;283,565;12,294;670;670,2;68,8751;670;670,2;645;612,2;-0,200012;32,8;68,8751;69,868;2785,59;69,5879;68,8751;226,711;69,1191;49,7664;12,287;59,9246;670,9;670;670,9;670;645;617,5;-0,900024;27,5;59,9246;60,5426;61,8836;2482,57;59,9246;60,0176;44,2717;196,794;12,6151;670;670,3;54,1316;670;670,3;645;626,7;-0,299988;18,3;54,1316;54,0986;56,6098;2163,85;54,1316;54,0178;45,9026;177,178;12,2128;670;670,7;48,9697;670;670,7;645;636,6;-0,700012;8,40002;48,9697;49,0693;50,8926;2092,64;48,9697;48,8013;42,7311;160,068;13,0734;670;669,8;41,3995;670;669,8;645;635,4;0,200012;9,59998;41,3995;41,2698;44,9559;1692,38;41,3995;41,3133;36,7983;135,585;12,4821
10.10.2025 00:05:05.320000;0;0;670;671,5;85,887;670;671,5;645;616;-1,5;29;85,887;87,3755;72,694;3496,9;85,887;86,3973;60,7451;283,383;12,3398;670;670,1;68,9648;670;670,1;645;612,2;-0,0999756;32,8;68,9648;69,7193;2794,13;69,8134;68,9648;226,671;69,1069;49,7994;12,3268;60,0092;670,8;670;670,8;670;645;617,2;-0,799988;27,8;60,0092;60,6085;61,8164;2485,11;60,0092;59,9232;44,2717;196,548;12,6438;670;670,3;54,1301;670;670,3;645;626,8;-0,299988;18,2;54,1301;54,1307;56,6098;2166,73;54,1301;54,0527;45,9026;177,306;12,2203;670;670,7;48,9654;670;670,6;645;636,6;-0,599976;8,40002;48,9654;49,1186;50,8652;2094,42;48,9654;48,7892;42,7389;160,003;13,0899;670;669,9;41,3098;670;669,8;645;635,4;0,200012;9,59998;41,3098;41,2378;44,9737;1690,43;41,3098;41,3991;36,7726;135,815;12,4466
10.10.2025 00:05:05.820000;0;0;670;671,4;85,9673;670;671,4;645;615,8;-1,40002;29,2;85,9673;87,182;72,7197;3486,6;85,9673;86,3663;60,7661;283,256;12,309;670;670,1;68,9648;670;670,1;645;612,1;-0,0999756;32,9;68,9648;69,7061;2791,82;69,7717;68,9648;226,684;69,1111;49,795;12,3159;60,1851;670,6;670;670,6;670;645;617,1;-0,599976;27,9;60,1851;60,3505;62,0141;2473,73;60,1851;59,937;44,3363;196,593;12,583;670;670,3;54,1287;670;670,3;645;626,8;-0,299988;18,2;54,1287;54,1827;56,6098;2168,81;54,1287;54,1239;45,9026;177,539;12,216;670;670,6;49,0517;670;670,6;645;636,5;-0,599976;8,5;49,0517;49,2197;50,8556;2099,85;49,0517;48,7769;42,7883;160,001;13,1239;670;669,9;41,3103;670;669,9;645;635,4;0,0999756;9,59998;41,3103;41,2335;45,0474;1690,41;41,3103;41,5262;36,7114;136,232;12,4084
10.10.2025 00:05:06.320000;0;0;670;671,4;85,9579;670;671,4;645;615,8;-1,40002;29,2;85,9579;87,0319;72,7275;3483,15;85,9579;86,3085;60,7677;283,066;12,3051;670;669,9;68,9648;670;669,9;645;612;0,0999756;33;68,9648;69,8147;2780,36;69,5053;68,9648;226,738;69,1196;49,7883;12,2625;60,453;670,3;670;670,3;670;645;617;-0,299988;28;60,453;60,1407;62,1579;2464,81;60,453;59,9906;44,3049;196,808;12,5239;670;670,4;54,037;670;670,4;645;626,8;-0,400024;18,2;54,037;54,2718;56,5935;2172,86;54,037;54,1396;45,9017;177,578;12,2361;670;670,6;49,0481;670;670,6;645;636,5;-0,599976;8,5;49,0481;49,2337;50,8401;2099,65;49,0481;48,7664;42,8026;159,941;13,1276;670;669,9;41,3103;670;669,9;645;635,4;0,0999756;9,59998;41,3103;41,2888;45,0511;1692,52;41,3103;41,5642;36,7052;136,331;12,4148
10.10.2025 00:05:06.820000;0;0;670;671,4;85,9484;670;671,4;645;615,6;-1,40002;29,4;85,9484;87,0336;72,6697;3482,1;85,9484;86,2747;60,7617;282,994;12,3045;670;669,9;68,9648;670;669,9;645;611,9;0,0999756;33,1;68,9648;69,9474;2768,88;69,2023;68,9648;226,68;69,1137;49,7868;12,2149;60,6328;670,1;670;670,1;670;645;617;-0,0999756;28;60,6328;60,089;62,2988;2463,17;60,6328;60,0046;44,2852;196,815;12,5152;670;670,4;54,0348;670;670,4;645;626,8;-0,400024;18,2;54,0348;54,2558;56,6067;2170,94;54,0348;54,1537;45,8943;177,624;12,2221;670;670,7;48,9542;670;670,7;645;636,6;-0,700012;8,40002;48,9542;49,2254;50,7911;2099,29;48,9542;48,761;42,7791;159,949;13,1248;670;670;41,3103;670;670;645;635,4;0;9,59998;41,3103;41,2967;45,0923;1692,7;41,3103;41,6296;36,6689;136,571;12,3943
10.10.2025 00:05:07.320000;0;0;670;671,3;86,0297;670;671,4;645;615,5;-1,40002;29,5;86,0297;86,8948;72,7122;3476,38;86,0297;86,2977;60,7731;283,056;12,2816;670;669,7;69,1461;670;669,7;645;611,7;0,299988;33,3;69,1461;69,9614;2760,39;69,0181;69,1461;226,792;69,1439;49,7948;12,1714;60,8135;669,7;670;669,7;670;645;616,9;0,299988;28,1;60,8135;60,1458;62,3461;2465,82;60,8135;60,0754;44,2853;197,086;12,5114;670;670,4;54,0326;670;670,4;645;626,9;-0,400024;18,1;54,0326;54,2674;56,6077;2171,09;54,0326;54,1799;45,8807;177,71;12,217;670;670,6;49,0402;670;670,6;645;636,6;-0,599976;8,40002;49,0402;49,2928;50,7896;2102,8;49,0402;48,778;42,814;159,966;13,1453;670;670;41,3103;670;670;645;635,4;0;9,59998;41,3103;41,3023;45,1169;1693,72;41,3103;41,6524;36,6449;136,62;12,3973
10.10.2025 00:05:07.820000;0;0;670;671,3;86,0207;670;671,2;645;615,5;-1,20001;29,5;86,0207;86,9796;72,5981;3481,86;86,0207;86,2217;60,7891;282,769;12,3134;670;669,6;69,2378;670;669,6;645;611,6;0,400024;33,4;69,2378;70,0689;2756,54;68,906;69,2378;226,659;69,1035;49,7621;12,1616;60,815;669,7;670;669,7;670;645;616,8;0,299988;28,2;60,815;60,2835;62,3545;2471,94;60,815;60,0999;44,3207;197,128;12,5398;670;670,5;53,94;670;670,5;645;626,9;-0,5;18,1;53,94;54,2198;56,6077;2167,9;53,94;54,1823;45,8364;177,718;12,1986;670;670,6;49,0366;670;670,6;645;636,7;-0,599976;8,29999;49,0366;49,2787;50,7853;2101,56;49,0366;48,7229;42,8477;159,824;13,1492;670;670,1;41,3103;670;670,1;645;635,4;-0,0999756;9,59998;41,3103;41,2561;45,1857;1691,49;41,3103;41,7088;36,5853;136,818;12,3631
10.10.2025 00:05:08.320000;0;0;670;671,1;86,1927;670;671;645;615,3;-1;29,7;86,1927;87,2411;72,4104;3491,52;86,1927;86,2048;60,8268;282,737;12,349;670;669,6;69,2399;670;669,6;645;611,5;0,400024;33,5;69,2399;70,1798;2748,3;68,7239;69,2399;226,757;69,1299;49,6671;12,12;60,8164;669,7;670;669,7;670;645;616,8;0,299988;28,2;60,8164;60,4505;62,2923;2478,79;60,8164;60,1303;44,387;197,239;12,5675;670;670,6;53,8466;670;670,6;645;626,9;-0,599976;18,1;53,8466;54,1311;56,6077;2165,47;53,8466;54,111;45,8174;177,496;12,2001;670;670,5;49,1232;670;670,5;645;636,7;-0,5;8,29999;49,1232;49,0713;50,8511;2092,4;49,1232;48,7144;42,8787;159,795;13,0943;670;670,1;41,3098;670;670,1;645;635,4;-0,0999756;9,59998;41,3098;41,3576;45,1461;1696,48;41,3098;41,6925;36,5529;136,738;12,4068
10.10.2025 00:05:08.820000;0;0;670;670,9;86,3661;670;670,9;645;615,2;-0,900024;29,8;86,3661;86,9922;72,5224;3480,76;86,3661;86,1644;60,8325;282,619;12,3161;670;669,5;69,3325;670;669,5;645;611,5;0,5;33,5;69,3325;70,3847;2740,8;68,4807;69,3325;226,743;69,125;49,5416;12,0877;60,7278;669,8;670;669,8;670;645;616,7;0,200012;28,3;60,7278;60,4925;62,2865;2480,03;60,7278;60,1177;44,4258;197,199;12,5763;670;670,7;53,7523;670;670,8;645;627;-0,799988;18;53,7523;54,0116;56,631;2161,65;53,7523;54,1572;45,7445;177,649;12,1681;670;670,5;49,1198;670;670,5;645;636,7;-0,5;8,29999;49,1198;49,1808;50,8252;2096,59;49,1198;48,6902;42,8888;159,742;13,1248;670;670,2;41,2195;670;670,2;645;635,4;-0,200012;9,59998;41,2195;41,4161;45,1185;1698,7;41,2195;41,6724;36,5401;136,66;12,4302
10.10.2025 00:05:09.320000;0;0;670;670,9;86,3603;670;670,9;645;615,2;-0,900024;29,8;86,3603;86,8429;72,6111;3473,97;86,3603;86,1937;60,8596;282,702;12,2885;670;669,4;69,4256;670;669,4;645;611,5;0,599976;33,5;69,4256;70,4118;2745,18;68,6061;69,4256;226,452;69,0442;49,5949;12,1226;60,7286;669,8;670;669,9;670;645;616,7;0,0999756;28,3;60,7286;60,5198;62,2376;2481,79;60,7286;60,1738;44,4309;197,409;12,5718;670;670,8;53,6573;670;670,8;645;627;-0,799988;18;53,6573;54,0442;56,6139;2162,15;53,6573;54,1545;45,683;177,627;12,1725;670;670,5;49,1169;670;670,5;645;636,8;-0,5;8,20001;49,1169;49,1728;50,85;2097,21;49,1169;48,703;42,9389;159,759;13,1273;670;670,1;41,3091;670;670,1;645;635,4;-0,0999756;9,59998;41,3091;41,4949;45,0434;1701,29;41,3091;41,5284;36,6159;136,162;12,4946
10.10.2025 00:05:09.820000;0;0;670;670,9;86,3545;670;670,9;645;615,2;-0,900024;29,8;86,3545;86,8329;72,5916;3476,06;86,3545;86,2422;60,841;282,907;12,2869;670;669,4;69,4292;670;669,4;645;611,5;0,599976;33,5;69,4292;70,4393;2747,28;68,6425;69,4292;225,925;68,9006;49,6495;12,1601;60,6386;670;670;670;670;645;616,7;0;28,3;60,6386;60,6527;62,1849;2487,08;60,6386;60,2513;44,4644;197,646;12,5835;670;670,9;53,5619;670;670,9;645;627;-0,900024;18;53,5619;53,9442;56,6673;2158,31;53,5619;54,1521;45,6183;177,589;12,1534;670;670,5;49,114;670;670,5;645;636,8;-0,5;8,20001;49,114;49,2293;50,8421;2098,82;49,114;48,8168;42,9102;160,193;13,1018;670;670,2;41,2184;670;670,2;645;635,5;-0,200012;9,5;41,2184;41,4666;45,0434;1699,49;41,2184;41,4484;36,6029;135,909;12,5046
10.10.2025 00:05:10.320000;0;0;670;670,9;86,3487;670;670,9;645;615,1;-0,900024;29,9;86,3487;87,0886;72,4253;3486,3;86,3487;86,2748;60,8357;283,007;12,3188;670;669,3;69,5229;670;669,3;645;611,6;0,700012;33,4;69,5229;70,5881;2739,23;68,4493;69,5229;225,329;68,7253;49,6301;12,1566;60,6386;670,1;670;670,1;670;645;616,5;-0,0999756;28,5;60,6386;60,7927;62,1568;2491,86;60,6386;60,3305;44,4498;197,91;12,5909;670;670,9;53,5561;670;670,9;645;626,9;-0,900024;18,1;53,5561;53,8226;56,6814;2153,92;53,5561;54,0432;45,6303;177,223;12,1537;670;670,5;49,1111;670;670,5;645;636,9;-0,5;8,09998;49,1111;49,3278;50,7894;2103,98;49,1111;49,033;42,8366;160,905;13,0759;670;670,2;41,2177;670;670,2;645;635,4;-0,200012;9,59998;41,2177;41,4076;45,0434;1698,19;41,2177;41,3354;36,6425;135,542;12,5289
10.10.2025 00:05:10.820000;0;0;670;671;86,2526;670;670,9;645;615,1;-0,900024;29,9;86,2526;87,0926;72,3533;3485,53;86,2526;86,2963;60,8357;283,09;12,3124;670;669,3;69,5273;670;669,3;645;611,6;0,700012;33,4;69,5273;70,7011;2738,9;68,4371;69,5273;224,434;68,4525;49,6968;12,2036;60,368;670,4;670;670,4;670;645;616,6;-0,400024;28,4;60,368;60,7274;62,1404;2489,66;60,368;60,3749;44,405;198,03;12,5722;670;670,9;53,5503;670;670,9;645;626,9;-0,900024;18,1;53,5503;53,9108;56,623;2156,66;53,5503;53,9699;45,6343;177,009;12,1839;670;670,5;49,1082;670;670,5;645;637;-0,5;8;49,1082;49,2892;50,8433;2102,49;49,1082;49,2495;42,8201;161,59;13,0113;670;670,1;41,3074;670;670,2;645;635,4;-0,200012;9,59998;41,3074;41,4305;45,0304;1699,61;41,3074;41,2776;36,6494;135,39;12,5534
10.10.2025 00:05:11.320000;0;0;670;671;86,2463;670;671;645;615,1;-1;29,9;86,2463;87,198;72,2689;3488,39;86,2463;86,3217;60,8357;283,135;12,3206;670;669,3;69,5316;670;669,3;645;611,8;0,700012;33,2;69,5316;70,7072;2744,62;68,5521;69,5316;223,803;68,2561;49,7775;12,2636;60,2754;670,5;670;670,5;670;645;616,6;-0,5;28,4;60,2754;60,6968;62,0814;2488,73;60,2754;60,4275;44,3548;198,228;12,5549;670;670,9;53,5445;670;670,9;645;626,9;-0,900024;18,1;53,5445;53,8379;56,623;2154,35;53,5445;53,8913;45,6452;176,738;12,1895;670;670,5;49,1053;670;670,5;645;637;-0,5;8;49,1053;49,2962;50,8449;2101,99;49,1053;49,3994;42,7511;162,056;12,9708;670;670,2;41,2167;670;670,2;645;635,4;-0,200012;9,59998;41,2167;41,4647;44,9619;1700,05;41,2167;41,2027;36,6494;135,119;12,5819
10.10.2025 00:05:11.820000;0;0;670;671;86,2398;670;671;645;615;-1;30;86,2398;86,8997;72,377;3477,22;86,2398;86,3184;60,8357;283,137;12,281;670;669,4;69,4457;670;669,4;645;611,9;0,599976;33,1;69,4457;70,6398;2748,94;68,7;69,4457;223,226;68,0725;49,9352;12,3146;60,1823;670,6;670;670,6;670;645;616,5;-0,599976;28,5;60,1823;60,4778;62,1633;2479,59;60,1823;60,4515;44,3025;198,268;12,5063;670;670,8;53,6293;670;670,8;645;626,9;-0,799988;18,1;53,6293;53,7495;56,6237;2151,47;53,6293;53,8408;45,6875;176,532;12,1874;670;670,5;49,1024;670;670,5;645;637,1;-0,5;7,90002;49,1024;49,368;50,8647;2104,57;49,1024;49,5055;42,6912;162,454;12,9549;670;670,4;41,0354;670;670,4;645;635,4;-0,400024;9,59998;41,0354;41,4803;44,9282;1700,05;41,0354;41,1873;36,6494;135,094;12,5843
10.10.2025 00:05:12.320000;0;0;670;671;86,2333;670;671;645;614,9;-1;30,1;86,2333;87,0367;72,2888;3484,78;86,2333;86,3386;60,8339;283,178;12,306;670;669,5;69,3593;670;669,5;645;612;0,5;33;69,3593;70,6319;2752,5;68,797;69,3593;223,151;68,026;50,0318;12,3347;59,9983;670,8;670;670,8;670;645;616,6;-0,799988;28,4;59,9983;60,5328;62,1633;2482,25;59,9983;60,4754;44,2068;198,398;12,5115;670;670,9;53,5336;670;670,9;645;626,9;-0,900024;18,1;53,5336;53,6536;56,6385;2149,41;53,5336;53,7824;45,6645;176,394;12,1853;670;670,5;49,0995;670;670,5;645;637,1;-0,5;7,90002;49,0995;49,29;50,9678;2102,2;49,0995;49,6155;42,6218;162,765;12,9156;670;670,4;41,0333;670;670,4;645;635,3;-0,400024;9,70001;41,0333;41,449;44,9072;1699,73;41,0333;41,1367;36,6465;134,864;12,6033
10.10.2025 00:05:12.820000;0;0;670;671,1;86,1367;670;671,1;645;614,8;-1,09998;30,2;86,1367;87,2491;72,1089;3493,12;86,1367;86,2889;60,8354;283,002;12,3431;670;669,5;69,3622;670;669,5;645;612,1;0,5;32,9;69,3622;70,5831;2755,26;68,866;69,3622;223,45;68,1053;50,0703;12,3306;59,9932;670,8;670;670,8;670;645;616,8;-0,799988;28,2;59,9932;60,7397;62,0776;2491,15;59,9932;60,4723;44,1801;198,324;12,561;670;671;53,4372;670;671;645;626,8;-1;18,2;53,4372;53,7856;56,6242;2153,05;53,4372;53,7676;45,6183;176,345;12,2093;670;670,5;49,0966;670;670,5;645;637,2;-0,5;7,79999;49,0966;49,251;51,0268;2098,79;49,0966;49,6632;42,5723;162,908;12,8832;670;670,4;41,0312;670;670,4;645;635,3;-0,400024;9,70001;41,0312;41,5196;44,8436;1702,14;41,0312;41,1138;36,6477;134,866;12,621
10.10.2025 00:05:13.320000;0;0;670;671,1;86,1294;670;671;645;614,8;-1;30,2;86,1294;87,0347;72,1517;3482,78;86,1294;86,2648;60,8194;283,001;12,3066;670;669,5;69,3651;670;669,5;645;612,1;0,5;32,9;69,3651;70,6066;2756,23;68,8742;69,3651;224,232;68,3202;50,0234;12,2919;60,0784;670,7;670;670,8;670;645;616,8;-0,799988;28,2;60,0784;60,7292;62,0466;2488,46;60,0784;60,4249;44,2114;198,201;12,5552;670;671;53,4307;670;671;645;626,7;-1;18,3;53,4307;53,9407;56,5391;2161,05;53,4307;53,6771;45,6395;176,076;12,2734;670;670,5;49,0937;670;670,5;645;637,3;-0,5;7,70001;49,0937;49,2482;51,0739;2098,99;49,0937;49,7059;42,5209;163,073;12,8714;670;670,4;41,029;670;670,4;645;635,3;-0,400024;9,70001;41,029;41,4993;44,8072;1700,19;41,029;41,0587;36,6477;134,639;12,6277
10.10.2025 00:05:13.820000;0;0;670;671,1;86,1227;670;671,1;645;614,7;-1,09998;30,3;86,1227;86,8232;72,208;3475,12;86,1227;86,2396;60,8321;282,879;12,2848;670;669,6;69,2775;670;669,6;645;612,1;0,400024;32,9;69,2775;70,5524;2757,61;68,9366;69,2775;224,918;68,5529;49,9787;12,2605;59,9835;670,8;670;670,8;670;645;617;-0,799988;28;59,9835;60,5305;62,0946;2479,28;59,9835;60,3383;44,1895;197,82;12,533;670;671;53,4241;670;671;645;626,7;-1;18,3;53,4241;54,1197;56,4078;2166,59;53,4241;53,628;45,648;175,861;12,3199;670;670,4;49,1811;670;670,4;645;637,3;-0,400024;7,70001;49,1811;49,238;51,1009;2099,19;49,1811;49,7028;42,5242;163;12,8785;670;670,4;41,0268;670;670,3;645;635,3;-0,299988;9,70001;41,0268;41,4436;44,8133;1699,67;41,0268;41,0534;36,6477;134,642;12,6236
10.10.2025 00:05:14.320000;0;0;670;671,1;86,1158;670;671,1;645;614,6;-1,09998;30,4;86,1158;86,9422;72,0964;3477,96;86,1158;86,1834;60,8321;282,643;12,3051;670;669,7;69,1896;670;669,7;645;612,2;0,299988;32,8;69,1896;70,6129;2757,24;68,8602;69,1896;225,611;68,7524;49,8745;12,2212;60,0686;670,7;670;670,7;670;645;617,2;-0,700012;27,8;60,0686;60,4316;62,0853;2479,33;60,0686;60,2308;44,2548;197,531;12,5516;670;670,9;53,5078;670;670,9;645;626,7;-0,900024;18,3;53,5078;54,188;56,3015;2167,91;53,5078;53,5459;45,6853;175,631;12,3436;670;670,4;49,179;670;670,4;645;637,3;-0,400024;7,70001;49,179;49,2944;51,0375;2104,31;49,179;49,5945;42,5417;162,593;12,9422;670;670,3;41,1153;670;670,3;645;635,3;-0,299988;9,70001;41,1153;41,4166;44,8422;1697,28;41,1153;40,9828;36,6613;134,385;12,63
10.10.2025 00:05:14.820000;0;0;670;671,1;86,11;670;671,1;645;614,7;-1,09998;30,3;86,11;86,8723;72,0784;3475,52;86,11;86,1669;60,8321;282,653;12,2961;670;669,7;69,1908;670;669,7;645;612,2;0,299988;32,8;69,1908;70,634;2749,38;68,755;69,1908;225,709;68,8215;49,8717;12,1811;60,0651;670,7;670;670,6;670;645;617,2;-0,599976;27,8;60,0651;60,6358;61,9461;2485,59;60,0651;60,1782;44,2723;197,307;12,5975;670;670,9;53,5032;670;670,9;645;626,7;-0,900024;18,3;53,5032;54,3405;56,2005;2175,77;53,5032;53,5557;45,6853;175,663;12,3861;670;670,4;49,1772;670;670,4;645;637,4;-0,400024;7,59998;49,1772;49,3397;50,9561;2104,16;49,1772;49,467;42,5783;162,162;12,9757;670;670,3;41,1142;670;670,3;645;635,3;-0,299988;9,70001;41,1142;41,4165;44,8324;1698,38;41,1142;40,9647;36,6705;134,39;12,6377
10.10.2025 00:05:15.320000;0;0;670;671,1;86,1027;670;671,1;645;614,7;-1,09998;30,3;86,1027;87,0907;71,9689;3486,82;86,1027;86,2416;60,8161;282,924;12,3242;670;669,8;69,1022;670;669,8;645;612,2;0,200012;32,8;69,1022;70,6201;2753,99;68,8302;69,1022;225,53;68,7825;49,8708;12,2112;60,2416;670,5;670;670,5;670;645;617,3;-0,5;27,7;60,2416;60,7594;61,8904;2490,33;60,2416;60,1216;44,2855;197,212;12,6277;670;670,8;53,5876;670;670,8;645;626,7;-0,799988;18,3;53,5876;54,325;56,1818;2173,07;53,5876;53,5524;45,6853;175,639;12,3724;670;670,4;49,175;670;670,4;645;637,4;-0,400024;7,59998;49,175;49,3507;50,9426;2104,79;49,175;49,3688;42,6071;161,814;13,0075;670;670,3;41,1127;670;670,2;645;635,2;-0,200012;9,79999;41,1127;41,4284;44,8129;1698,41;41,1127;40,9615;36,6735;134,331;12,6434
10.10.2025 00:05:15.820000;0;0;670;671,1;86,0954;670;671,1;645;614,8;-1,09998;30,2;86,0954;87,1252;71,9269;3485,64;86,0954;86,288;60,7902;282,986;12,3173;670;669,9;69,0125;670;669,9;645;612,1;0,0999756;32,9;69,0125;70,5077;2758,14;68,8899;69,0125;225,038;68,6528;49,9296;12,2563;60,3292;670,4;670;670,4;670;645;617,4;-0,400024;27,6;60,3292;60,729;61,9292;2490,21;60,3292;60,1133;44,3277;197,085;12,6352;670;670,8;53,5825;670;670,8;645;626,6;-0,799988;18,4;53,5825;54,2239;56,1929;2168,02;53,5825;53,5677;45,6853;175,709;12,3387;670;670,4;49,1729;670;670,4;645;637,5;-0,400024;7,5;49,1729;49,4035;50,9131;2106,25;49,1729;49,247;42,6425;161,437;13,0469;670;670,2;41,2019;670;670,1;645;635,2;-0,0999756;9,79999;41,2019;41,4362;44,8437;1698,9;41,2019;40,9817;36,7086;134,473;12,6338
10.10.2025 00:05:16.320000;0;0;670;671,1;86,0882;670;671,1;645;615,1;-1,09998;29,9;86,0882;87,1377;71,8904;3486,4;86,0882;86,319;60,7685;283,178;12,3117;670;669,9;69,0125;670;669,9;645;612;0,0999756;33;69,0125;70,4983;2759,89;68,9257;69,0125;224,769;68,5508;49,9981;12,2788;60,5075;670,2;670;670,2;670;645;617,3;-0,200012;27,7;60,5075;60,4369;62,0683;2475,03;60,5075;60,0838;44,3866;197,113;12,5564;670;670,7;53,6678;670;670,7;645;626,5;-0,700012;18,5;53,6678;53,9634;56,3415;2157,28;53,6678;53,571;45,6853;175,687;12,2791;670;670,3;49,2609;670;670,3;645;637,5;-0,299988;7,5;49,2609;49,4104;50,9117;2108,78;49,2609;49,1808;42,6425;161,274;13,0757;670;670,2;41,2016;670;670,2;645;635,1;-0,200012;9,90002;41,2016;41,444;44,8337;1699,37;41,2016;41,0075;36,708;134,479;12,6367
10.10.2025 00:05:16.820000;0;0;670;671,1;86,0809;670;671,1;645;615,3;-1,09998;29,7;86,0809;87,3481;71,7515;3497,86;86,0809;86,3431;60,7459;283,231;12,3498;670;670,1;69,0125;670;670,1;645;611,9;-0,0999756;33,1;69,0125;70,4971;2765,79;69,0691;69,0125;224,386;68,4338;50,1061;12,326;60,5067;670,2;670;670,1;670;645;617,2;-0,0999756;27,8;60,5067;60,3427;62,1047;2472,13;60,5067;60,1038;44,3575;197,115;12,5416;670;670,5;53,8442;670;670,5;645;626,5;-0,5;18,5;53,8442;53,8099;56,4342;2151,34;53,8442;53,5714;45,7439;175,74;12,2417;670;670,2;49,3498;670;670,2;645;637,5;-0,200012;7,5;49,3498;49,4899;50,9098;2110,89;49,3498;49,1224;42,6965;161,109;13,1023;670;670,2;41,2013;670;670,2;645;635,1;-0,200012;9,90002;41,2013;41,4243;44,8833;1698,56;41,2013;41,0313;36,7438;134,608;12,6185
10.10.2025 00:05:17.320000;0;0;670;671,1;86,0737;670;671;645;615,4;-1;29,6;86,0737;87,4606;71,6535;3498,52;86,0737;86,3817;60,7153;283,315;12,3485;670;670,2;68,922;670;670,2;645;611,9;-0,200012;33,1;68,922;70,4424;2763,01;69,1236;68,922;224,162;68,355;50,1335;12,3259;60,5967;670;670;670;670;645;617,3;0;27,7;60,5967;60,2058;62,231;2469,89;60,5967;60,0916;44,3126;197,11;12,5305;670;670,6;53,7508;670;670,5;645;626,5;-0,5;18,5;53,7508;53,6909;56,435;2148,65;53,7508;53,5905;45,6909;175,774;12,2239;670;670,2;49,3491;670;670,2;645;637,6;-0,200012;7,40002;49,3491;49,5124;50,8941;2111,37;49,3491;49,1377;42,6983;161,144;13,1024;670;670,2;41,2006;670;670,2;645;635,1;-0,200012;9,90002;41,2006;41,4399;44,8223;1698,56;41,2006;41,0349;36,7104;134,554;12,6236
10.10.2025 00:05:17.820000;0;0;670;671,1;86,0668;670;671,1;645;615,5;-1,09998;29,5;86,0668;87,2491;71,7234;3491,71;86,0668;86,4196;60,6861;283,482;12,3172;670;670,4;68,7405;670;670,3;645;611,8;-0,299988;33,2;68,7405;70,3563;2763,08;69,1012;68,7405;223,893;68,2757;50,1227;12,3411;60,5967;670;670;670;670;645;617,1;0;27,9;60,5967;60,3624;62,167;2475,99;60,5967;60,0907;44,3801;197,04;12,5659;670;670,5;53,8378;670;670,4;645;626,5;-0,400024;18,5;53,8378;53,6866;56,4619;2149,13;53,8378;53,6094;45,6913;175,845;12,2217;670;670,1;49,4385;670;670,1;645;637,6;-0,0999756;7,40002;49,4385;49,5147;50,888;2111,79;49,4385;49,09;42,7262;160,995;13,1171;670;670,3;41,1097;670;670,2;645;635,1;-0,200012;9,90002;41,1097;41,342;44,8197;1695,18;41,1097;41,0382;36,6889;134,662;12,5885
10.10.2025 00:05:18.320000;0;0;670;671,2;85,9692;670;671,3;645;615,7;-1,29999;29,3;85,9692;87,3241;71,6529;3496,1;85,9692;86,4449;60,6171;283,552;12,3296;670;670,3;68,829;670;670,3;645;611,8;-0,299988;33,2;68,829;70,4793;2756,07;68,9181;68,829;223,782;68,234;50,2048;12,3159;60,5967;669,9;670;670,1;670;645;617;-0,0999756;28;60,5967;60,4131;62,1468;2476,42;60,5967;60,0489;44,4344;196,986;12,5716;670;670,3;54,0156;670;670,3;645;626,6;-0,299988;18,4;54,0156;53,7428;56,4829;2152,03;54,0156;53,6183;45,7016;175,881;12,2357;670;670,1;49,4385;670;670,2;645;637,6;-0,200012;7,40002;49,4385;49,4969;50,9206;2109,91;49,4385;49,0597;42,7915;160,865;13,1161;670;670,3;41,1086;670;670,3;645;635,1;-0,299988;9,90002;41,1086;41,3685;44,7999;1696,43;41,1086;41,047;36,6901;134,595;12,6039
10.10.2025 00:05:18.820000;0;0;670;671,4;85,7803;670;671,4;645;615,8;-1,40002;29,2;85,7803;87,3598;71,574;3495,63;85,7803;86,4272;60,5191;283,525;12,3292;670;670,3;68,8276;670;670,3;645;611,7;-0,299988;33,3;68,8276;70,4793;2759,22;68,8731;68,8276;223,61;68,1611;50,2684;12,3394;60,5967;670,1;670;670,2;670;645;617,1;-0,200012;27,9;60,5967;60,5607;62,1086;2484,28;60,5967;60,1051;44,4889;197,193;12,5982;670;670,4;53,924;670;670,4;645;626,6;-0,400024;18,4;53,924;53,8757;56,4677;2157,8;53,924;53,6508;45,7457;176,018;12,259;670;670,2;49,3476;670;670,2;645;637,6;-0,200012;7,40002;49,3476;49,5147;50,8845;2111,31;49,3476;49,0062;42,7966;160,74;13,1349;670;670,3;41,1069;670;670,3;645;635,1;-0,299988;9,90002;41,1069;41,4345;44,7518;1698,81;41,1069;41,0383;36,6901;134,606;12,6207
10.10.2025 00:05:19.320000;0;0;670;671,4;85,7709;670;671,4;645;615,8;-1,40002;29,2;85,7709;87,035;71,6841;3479,28;85,7709;86,4082;60,4865;283,351;12,279;670;670,2;68,9166;670;670,2;645;611,7;-0,200012;33,3;68,9166;70,4398;2766,2;69,0915;68,9166;223,631;68,1896;50,3323;12,3695;60,506;670,2;670;670,2;670;645;617;-0,200012;28;60,506;60,7042;62,0572;2488,27;60,506;60,1869;44,4537;197,426;12,6036;670;670,4;53,9219;670;670,4;645;626,7;-0,400024;18,3;53,9219;54,0351;56,4421;2164,83;53,9219;53,6061;45,794;175,768;12,3164;670;670,2;49,3469;670;670,2;645;637,6;-0,200012;7,40002;49,3469;49,4872;50,8935;2110,13;49,3469;48,9508;42,8356;160,559;13,1425;670;670,3;41,1055;670;670,3;645;635,2;-0,299988;9,79999;41,1055;41,4513;44,7272;1699,5;41,1055;40,9849;36,6986;134,43;12,6423
10.10.2025 00:05:19.820000;0;0;670;671,4;85,7615;670;671,4;645;616;-1,40002;29;85,7615;86,6914;71,8117;3465,21;85,7615;86,3646;60,4657;283,237;12,2343;670;670,1;69,0063;670;670,1;645;611,6;-0,0999756;33,4;69,0063;70,4212;2769,47;69,2041;69,0063;223,954;68,259;50,3829;12,3663;60,4152;670,3;670;670,3;670;645;617;-0,299988;28;60,4152;60,7711;62,0152;2492,7;60,4152;60,2735;44,4303;197,697;12,6087;670;670,5;53,8295;670;670,5;645;626,7;-0,5;18,3;53,8295;54,1798;56,3161;2168,52;53,8295;53,5921;45,7776;175,731;12,34;670;670,2;49,3463;670;670,2;645;637,6;-0,200012;7,40002;49,3463;49,5323;50,868;2110,3;49,3463;48,9237;42,8629;160,483;13,1497;670;670,3;41,104;670;670,3;645;635,2;-0,299988;9,79999;41,104;41,3269;44,7778;1694,24;41,104;40,9969;36,695;134,483;12,5982
10.10.2025 00:05:20.320000;0;0;670;671,4;85,752;670;671,5;645;616;-1,5;29;85,752;86,8293;71,6883;3475,84;85,752;86,2903;60,46;282,968;12,2835;670;670;69,0063;670;670;645;611,5;0;33,5;69,0063;70,3557;2773,85;69,3184;69,0063;224,612;68,4793;50,3394;12,3495;60,3234;670,4;670;670,4;670;645;617,1;-0,400024;27,9;60,3234;60,3446;62,0871;2474,13;60,3234;60,3335;44,3804;197,894;12,5023;670;670,5;53,826;670;670,5;645;626,6;-0,5;18,4;53,826;54,2427;56,2623;2170,57;53,826;53,531;45,8141;175,582;12,3622;670;670,3;49,2553;670;670,3;645;637,5;-0,299988;7,5;49,2553;49,4909;50,8407;2110,29;49,2553;48,9216;42,8522;160,463;13,1513;670;670,3;41,1026;670;670,3;645;635,1;-0,299988;9,90002;41,1026;41,2724;44,799;1692,33;41,1026;40,9482;36,7149;134,284;12,6026
10.10.2025 00:05:20.820000;0;0;670;671,5;85,652;670;671,6;645;616;-1,59998;29;85,652;87,1738;71,4059;3489,78;85,652;86,1545;60,4445;282,49;12,3536;670;669,9;69,0063;670;669,9;645;611,4;0,0999756;33,6;69,0063;70,3106;2777,25;69,3839;69,0063;225,275;68,6487;50,2899;12,3282;60,2315;670,5;670;670,6;670;645;617,3;-0,599976;27,7;60,2315;60,1694;62,153;2463,91;60,2315;60,3971;44,3271;198,081;12,4389;670;670,5;53,8231;670;670,5;645;626,5;-0,5;18,5;53,8231;54,3224;56,1969;2172,65;53,8231;53,5212;45,8298;175,524;12,3781;670;670,3;49,2538;670;670,3;645;637,6;-0,299988;7,40002;49,2538;49,4435;50,8579;2108,75;49,2538;48,8803;42,8856;160,327;13,1528;670;670,2;41,1913;670;670,2;645;635,1;-0,200012;9,90002;41,1913;41,2308;44,8308;1690,46;41,1913;40,9496;36,755;134,328;12,5846
10.10.2025 00:05:21.320000;0;0;670;671,6;85,549;670;671,6;645;616,1;-1,59998;28,9;85,549;87,3279;71,1469;3494,51;85,549;85,968;60,4474;281,975;12,393;670;669,9;69,0063;670;669,9;645;611,4;0,0999756;33,6;69,0063;70,3371;2773,1;69,2998;69,0063;225,93;68,881;50,2086;12,2742;60,0471;670,7;670;670,7;670;645;617,5;-0,700012;27,5;60,0471;60,2314;62,1489;2469,49;60,0471;60,4315;44,2507;198,215;12,4586;670;670,5;53,8202;670;670,5;645;626,4;-0,5;18,6;53,8202;54,1185;56,2798;2165,77;53,8202;53,4901;45,8558;175,435;12,3451;670;670,3;49,2524;670;670,3;645;637,6;-0,299988;7,40002;49,2524;49,4391;50,8531;2107,92;49,2524;48,8638;42,9104;160,273;13,1521;670;670,2;41,1906;670;670,2;645;635,1;-0,200012;9,90002;41,1906;41,1963;44,8308;1689,21;41,1906;40,9196;36,7766;134,165;12,5905
10.10.2025 00:05:21.820000;0;0;670;671,7;85,4478;670;671,7;645;616,2;-1,70001;28,8;85,4478;86,9508;71,1741;3479,42;85,4478;85,7831;60,4641;281,368;12,3661;670;670;69,0063;670;670;645;611,4;0;33,6;69,0063;70,295;2775,45;69,3586;69,0063;226,351;69,0095;50,1986;12,2617;59,9525;670,8;670;670,8;670;645;617,6;-0,799988;27,4;59,9525;60,5312;62,0594;2482,42;59,9525;60,3505;44,2267;197,898;12,5439;670;670,5;53,8173;670;670,5;645;626,3;-0,5;18,7;53,8173;53,9643;56,3467;2158,8;53,8173;53,493;45,8687;175,47;12,3029;670;670,3;49,2509;670;670,3;645;637,6;-0,299988;7,40002;49,2509;49,4577;50,8382;2109,33;49,2509;48,8365;42,9411;160,171;13,1693;670;670,1;41,2802;670;670,1;645;635,1;-0,0999756;9,90002;41,2802;41,1932;44,8308;1689,24;41,2802;40,906;36,7962;134,21;12,5865
10.10.2025 00:05:22.320000;0;0;670;671,5;85,6167;670;671,5;645;616,2;-1,5;28,8;85,6167;86,7542;71,1574;3470,28;85,6167;85,6806;60,5462;280,981;12,3506;670;670;69,0063;670;670;645;611,3;0;33,7;69,0063;70,4156;2767,42;69,1699;69,0063;226,771;69,1337;50,1874;12,2036;59,8569;670,9;670;670,9;670;645;617,6;-0,900024;27,4;59,8569;60,6611;61,9536;2488,22;59,8569;60,2922;44,192;197,733;12,5838;670;670,4;53,9044;670;670,4;645;626,3;-0,400024;18,7;53,9044;53,9719;56,3403;2159,58;53,9044;53,476;45,8897;175,414;12,3113;670;670,4;49,1589;670;670,4;645;637,6;-0,400024;7,40002;49,1589;49,399;50,8131;2106,84;49,1589;48,9201;42,8868;160,509;13,126;670;670,2;41,1896;670;670,2;645;635,1;-0,200012;9,90002;41,1896;41,217;44,8308;1689,58;41,1896;40,909;36,8048;134,143;12,5953
10.10.2025 00:05:22.820000;0;0;670;671,4;85,6967;670;671,4;645;616,3;-1,40002;28,7;85,6967;86,5506;71,2101;3461,65;85,6967;85,5599;60,5619;280,602;12,3365;670;670;69,0063;670;670;645;611,3;0;33,7;69,0063;70,3924;2769,96;69,2174;69,0063;226,521;69,0721;50,1974;12,2283;59,7608;671;670;671;670;645;617,7;-1;27,3;59,7608;60,7169;61,8465;2489,71;59,7608;60,1782;44,1778;197,336;12,6166;670;670,4;53,9023;670;670,4;645;626,2;-0,400024;18,8;53,9023;53,8778;56,3684;2155,81;53,9023;53,4734;45,9366;175,395;12,2912;670;670,4;49,1567;670;670,4;645;637,6;-0,400024;7,40002;49,1567;49,4516;50,7749;2108,14;49,1567;49,0872;42,8353;161,06;13,0892;670;670,2;41,1888;670;670,2;645;635,1;-0,200012;9,90002;41,1888;41,1465;44,8308;1686,69;41,1888;40,9256;36,7921;134,238;12,5649
10.10.2025 00:05:23.320000;0;0;670;671,3;85,7777;670;671,3;645;616,3;-1,29999;28,7;85,7777;86,6077;71,1767;3464,89;85,7777;85,4939;60,6274;280,407;12,3567;670;670,1;69,0063;670;670,1;645;611,4;-0,0999756;33,6;69,0063;70,4135;2765,36;69,1064;69,0063;226,16;68,963;50,1974;12,2275;59,7547;671;670;671;670;645;617,8;-1;27,2;59,7547;60,6646;61,8197;2487,25;59,7547;60,1277;44,1807;197,245;12,61;670;670,4;53,9001;670;670,4;645;626,2;-0,400024;18,8;53,9001;53,845;56,3684;2155,3;53,9001;53,4934;45,9321;175,458;12,2838;670;670,4;49,1546;670;670,4;645;637,6;-0,400024;7,40002;49,1546;49,3991;50,8402;2106,86;49,1546;49,252;42,8353;161,611;13,0366;670;670,1;41,2785;670;670,2;645;635;-0,200012;10;41,2785;41,0953;44,8741;1685,23;41,2785;40,9141;36,7813;134,173;12,5601
10.10.2025 00:05:23.820000;0;0;670;671,3;85,769;670;671,3;645;616,4;-1,29999;28,6;85,769;86,465;71,2005;3460,3;85,769;85,4143;60,6703;280,146;12,3518;670;670,1;69,0063;670;670,1;645;611,4;-0,0999756;33,6;69,0063;70,3513;2770,28;69,2254;69,0063;225,669;68,821;50,2334;12,2759;59,7481;671;670;671;670;645;617,7;-1;27,3;59,7481;60,6732;61,7638;2486,32;59,7481;60,0838;44,1779;197,036;12,6186;670;670,4;53,8979;670;670,4;645;626,2;-0,400024;18,8;53,8979;53,9377;56,3684;2158,69;53,8979;53,5396;45,9526;175,61;12,2925;670;670,5;49,0623;670;670,5;645;637,6;-0,5;7,40002;49,0623;49,4205;50,8629;2107,93;49,0623;49,3884;42,7769;162,032;13,0093;670;670,2;41,1878;670;670,2;645;635;-0,200012;10;41,1878;41,1223;44,8338;1686,33;41,1878;40,937;36,7902;134,299;12,5566
10.10.2025 00:05:24.320000;0;0;670;671,3;85,7603;670;671,3;645;616,3;-1,29999;28,7;85,7603;86,5431;71,1155;3461,83;85,7603;85,3688;60,7034;279,971;12,365;670;670,1;69,0063;670;670,1;645;611,4;-0,0999756;33,6;69,0063;70,3624;2770,48;69,1903;69,0063;225,508;68,7564;50,2674;12,2855;59,8317;670,9;670;670,9;670;645;617,7;-0,900024;27,3;59,8317;60,5576;61,7823;2481,9;59,8317;60,0664;44,1682;197,031;12,5965;670;670,4;53,8957;670;670,4;645;626,2;-0,400024;18,8;53,8957;53,809;56,3685;2152,42;53,8957;53,5498;45,9264;175,656;12,2536;670;670,4;49,1496;670;670,4;645;637,6;-0,400024;7,40002;49,1496;49,3972;50,8745;2106,3;49,1496;49,5201;42,7043;162,439;12,9667;670;670,3;41,0969;670;670,3;645;635,1;-0,299988;9,90002;41,0969;41,13;44,8338;1686,01;41,0969;40,9241;36,7917;134,231;12,5605
10.10.2025 00:05:24.820000;0;0;670;671,3;85,7515;670;671,3;645;616,2;-1,29999;28,8;85,7515;86,3775;71,1561;3455,04;85,7515;85,2938;60,7521;279,764;12,3499;670;670,1;69,0058;670;670,1;645;611,4;-0,0999756;33,6;69,0058;70,3104;2772,31;69,268;69,0058;225,275;68,6893;50,3028;12,3063;59,9163;670,8;670;670,8;670;645;617,9;-0,799988;27,1;59,9163;60,5615;61,7424;2482,54;59,9163;60,0346;44,2428;196,888;12,6089;670;670,4;53,8936;670;670,4;645;626,1;-0,400024;18,9;53,8936;53,6628;56,4394;2145,61;53,8936;53,6278;45,8656;175,925;12,1962;670;670,5;49,0571;670;670,5;645;637,7;-0,5;7,29999;49,0571;49,3555;50,9467;2104,04;49,0571;49,6098;42,6088;162,772;12,9263;670;670,3;41,0954;670;670,3;645;635,1;-0,299988;9,90002;41,0954;41,0995;44,8338;1684,79;41,0954;40,9434;36,7884;134,294;12,5455
10.10.2025 00:05:25.320000;0;0;670;671,2;85,8333;670;671,2;645;616,1;-1,20001;28,9;85,8333;86,4227;71,145;3458,13;85,8333;85,2785;60,8177;279,675;12,3648;670;670,1;69,0058;670;670,1;645;611,5;-0,0999756;33,5;69,0058;70,384;2762,63;69,0742;69,0058;225,132;68,6379;50,3397;12,2711;59,9112;670,8;670;670,8;670;645;617,9;-0,799988;27,1;59,9112;60,4644;61,7613;2477,6;59,9112;60,022;44,2454;196,898;12,5832;670;670,4;53,8914;670;670,3;645;626;-0,299988;19;53,8914;53,5105;56,5269;2140,79;53,8914;53,6853;45,835;176,101;12,1567;670;670,4;49,1448;670;670,4;645;637,7;-0,400024;7,29999;49,1448;49,2727;51,0537;2100,67;49,1448;49,7063;42,5757;163,024;12,8857;670;670,3;41,094;670;670,3;645;635,1;-0,299988;9,90002;41,094;41,0726;44,8338;1683,81;41,094;40,9219;36,7899;134,211;12,546
10.10.2025 00:05:25.820000;0;0;670;671;86,0067;670;671;645;616;-1;29;86,0067;86,4424;71,1998;3458,6;86,0067;85,2058;60,9572;279,449;12,3765;670;670,2;68,9155;670;670,2;645;611,6;-0,200012;33,4;68,9155;70,3858;2754,53;68,8238;68,9155;224,859;68,5586;50,3105;12,25;59,9957;670,7;670;670,7;670;645;618;-0,700012;27;59,9957;60,4377;61,7477;2475,55;59,9957;60,0098;44,2079;196,819;12,5778;670;670,3;53,9799;670;670,3;645;626;-0,299988;19;53,9799;53,5872;56,5533;2145,31;53,9799;53,7363;45,8394;176,268;12,1707;670;670,4;49,1427;670;670,4;645;637,8;-0,400024;7,20001;49,1427;49,3415;51,0444;2104,08;49,1427;49,7184;42,5395;163,089;12,9014;670;670,3;41,0925;670;670,3;645;635,1;-0,299988;9,90002;41,0925;41,0291;44,8338;1682,17;41,0925;40,9386;36,7711;134,291;12,5263
10.10.2025 00:05:26.320000;0;0;670;670,8;86,1809;670;670,8;645;616;-0,799988;29;86,1809;86,5438;71,171;3464,73;86,1809;85,1742;61,0553;279,371;12,4019;670;670,3;68,8244;670;670,3;645;611,8;-0,299988;33,2;68,8244;70,3858;2755,45;68,8508;68,8244;224,715;68,5106;50,3431;12,262;60,0815;670,6;670;670,6;670;645;617,9;-0,599976;27,1;60,0815;60,1276;61,8961;2463,79;60,0815;60,0163;44,2445;196,853;12,5159;670;670,3;53,9784;670;670,3;645;625,8;-0,299988;19,2;53,9784;53,8226;56,4432;2153,44;53,9784;53,7856;45,8587;176,404;12,2075;670;670,5;49,05;670;670,5;645;637,8;-0,5;7,20001;49,05;49,3648;51,0635;2104,43;49,05;49,744;42,4566;163,148;12,899;670;670,3;41,0906;670;670,3;645;635,2;-0,299988;9,79999;41,0906;41,0829;44,8338;1684,09;41,0906;40,9168;36,7711;134,207;12,5484
10.10.2025 00:05:26.820000;0;0;670;670,7;86,2663;670;670,7;645;616;-0,700012;29;86,2663;86,8121;71,0959;3475,95;86,2663;85,1227;61,2103;279,202;12,4496;670;670,4;68,7327;670;670,4;645;611,7;-0,400024;33,3;68,7327;70,3858;2755,46;68,8031;68,7327;224,623;68,4827;50,332;12,267;60,0778;670,6;670;670,6;670;645;617,8;-0,599976;27,2;60,0778;60,0843;61,9017;2462,5;60,0778;59,9963;44,2445;196,749;12,5159;670;670,2;54,0672;670;670,2;645;625,7;-0,200012;19,3;54,0672;53,8292;56,4884;2154,35;54,0672;53,8204;45,8587;176,518;12,2047;670;670,6;48,9565;670;670,7;645;637,9;-0,700012;7,09998;48,9565;49,3638;51,0512;2105,51;48,9565;49,6849;42,4007;162,941;12,9219;670;670,2;41,1792;670;670,3;645;635,2;-0,299988;9,79999;41,1792;41,0747;44,8338;1684,22;41,1792;40,94;36,7882;134,322;12,5387
10.10.2025 00:05:27.320000;0;0;670;670,6;86,352;670;670,6;645;615,9;-0,599976;29,1;86,352;87,103;70,9102;3486,52;86,352;85,1402;61,2705;279,273;12,4843;670;670,4;68,7305;670;670,4;645;611,6;-0,400024;33,4;68,7305;70,3229;2759,55;68,9452;68,7305;224,615;68,4842;50,3408;12,2857;60,0742;670,6;670;670,6;670;645;617,8;-0,599976;27,2;60,0742;60,0941;61,9017;2464,82;60,0742;60,0015;44,2445;196,818;12,5233;670;670,1;54,1567;670;670,1;645;625,6;-0,0999756;19,4;54,1567;54,0035;56,4503;2161,48;54,1567;53,8333;45,8876;176,573;12,2413;670;670,7;48,8621;670;670,7;645;637,9;-0,700012;7,09998;48,8621;49,3778;51,0052;2105,47;48,8621;49,5881;42,358;162,598;12,949;670;670,3;41,0879;670;670,3;645;635,3;-0,299988;9,70001;41,0879;41,0665;44,8338;1683,73;41,0879;40,9292;36,7905;134,222;12,5443
10.10.2025 00:05:27.820000;0;0;670;670,5;86,4386;670;670,5;645;615,9;-0,5;29,1;86,4386;87,0779;70,9704;3485,02;86,4386;85,1887;61,3942;279,455;12,4708;670;670,4;68,7283;670;670,4;645;611,5;-0,400024;33,5;68,7283;70,2743;2761,4;69,0194;68,7283;224,633;68,4901;50,3469;12,2929;60,0706;670,6;670;670,6;670;645;617,7;-0,599976;27,3;60,0706;60,1393;61,9007;2464,75;60,0706;59,992;44,2445;196,746;12,5276;670;670,2;54,0663;670;670,2;645;625,6;-0,200012;19,4;54,0663;54,0778;56,4257;2164,47;54,0663;53,8827;45,8972;176,734;12,247;670;670,7;48,8578;670;670,7;645;637,9;-0,700012;7,09998;48,8578;49,2957;50,9689;2101,33;48,8578;49,4261;42,3848;162,065;12,966;670;670,3;41,0864;670;670,3;645;635,3;-0,299988;9,70001;41,0864;41,1059;44,8338;1685,5;41,0864;40,9515;36,7935;134,358;12,5448
10.10.2025 00:05:28.320000;0;0;670;670,5;86,4357;670;670,5;645;616;-0,5;29;86,4357;86,8081;71,0746;3471,81;86,4357;85,3176;61,4143;279,932;12,4023;670;670,3;68,8164;670;670,3;645;611,4;-0,299988;33,6;68,8164;70,2243;2768,94;69,1719;68,8164;224,696;68,5048;50,3858;12,3231;59,6157;671,1;670;671,1;670;645;617,6;-1,09998;27,4;59,6157;59,8898;61,9131;2455,16;59,6157;60,0141;44,1954;196,885;12,47;670;670,2;54,0656;670;670,2;645;625,7;-0,200012;19,3;54,0656;54,1539;56,4257;2166,87;54,0656;53,9203;45,8864;176,871;12,2511;670;670,7;48,8534;670;670,7;645;637,9;-0,700012;7,09998;48,8534;49,3289;50,9539;2103,55;48,8534;49,2442;42,4305;161,457;13,0286;670;670,2;41,175;670;670,2;645;635,3;-0,200012;9,70001;41,175;41,1133;44,8338;1685,81;41,175;40,9572;36,7918;134,327;12,55
10.10.2025 00:05:28.820000;0;0;670;670,4;86,523;670;670,4;645;615,9;-0,400024;29,1;86,523;86,686;71,1693;3469,76;86,523;85,6128;61,3893;280,9;12,3523;670;670,3;68,815;670;670,3;645;611,4;-0,299988;33,6;68,815;70,1409;2774,12;69,3012;68,815;224,648;68,4902;50,4045;12,3487;59,5181;671,2;670;671,2;670;645;617,6;-1,20001;27,4;59,5181;59,9258;61,913;2456,32;59,5181;60,0445;44,0495;196,92;12,4737;670;670,1;54,1554;670;670,1;645;625,8;-0,0999756;19,2;54,1554;54,1828;56,4257;2168,18;54,1554;53,9649;45,9082;176,979;12,2511;670;670,7;48,8491;670;670,7;645;637,9;-0,700012;7,09998;48,8491;49,3061;50,8849;2101,29;48,8491;49,076;42,4826;160,931;13,0571;670;670,2;41,1743;670;670,1;645;635,3;-0,0999756;9,70001;41,1743;41,1327;44,8338;1686,6;41,1743;41,0025;36,7947;134,514;12,5385
10.10.2025 00:05:29.320000;0;0;670;670,3;86,6112;670;670,3;645;615,9;-0,299988;29,1;86,6112;86,9083;71,0922;3476,6;86,6112;85,9395;61,3389;281,953;12,3304;670;670,2;68,9036;670;670,2;645;611,3;-0,200012;33,7;68,9036;70,1263;2772,52;69,2813;68,9036;224,458;68,4367;50,4419;12,3521;59,3292;671,4;670;671,4;670;645;617,4;-1,40002;27,6;59,3292;59,896;61,9063;2454,78;59,3292;60,0006;43,9605;196,802;12,4733;670;670,2;54,0649;670;670,2;645;626;-0,200012;19;54,0649;54,2024;56,406;2167,85;54,0649;53,934;45,889;176,905;12,2543;670;670,7;48,8447;670;670,7;645;637,9;-0,700012;7,09998;48,8447;49,328;50,7946;2102,87;48,8447;48,9405;42,529;160,463;13,105;670;670,1;41,2642;670;670,1;645;635,3;-0,0999756;9,70001;41,2642;41,1604;44,8363;1688,05;41,2642;40,9743;36,8202;134,361;12,5635
10.10.2025 00:05:29.820000;0;0;670;670;86,7902;670;670;645;615,9;0;29,1;86,7902;86,8995;71,1324;3478,65;86,7902;86,1891;61,3063;282,79;12,3012;670;670,2;68,9028;670;670,2;645;611,2;-0,200012;33,8;68,9028;70,1906;2767,92;69,2063;68,9028;224,293;68,3819;50,5256;12,3407;59,2293;671,5;670;671,5;670;645;617,3;-1,5;27,7;59,2293;59,8377;61,9048;2452,71;59,2293;59,9149;43,9153;196,495;12,4823;670;670,4;53,8828;670;670,4;645;626,2;-0,400024;18,8;53,8828;54,0626;56,4121;2161,01;53,8828;53,9465;45,8772;176,945;12,2129;670;670,7;48,8404;670;670,7;645;637,8;-0,700012;7,20001;48,8404;49,2498;50,7654;2101,61;48,8404;48,8162;42,529;160,053;13,1307;670;670,1;41,2642;670;670,1;645;635,3;-0,0999756;9,70001;41,2642;41,2433;44,8344;1690,5;41,2642;40,968;36,8665;134,401;12,578
10.10.2025 00:05:30.320000;0;0;670;670,1;86,7902;670;670,1;645;615,9;-0,0999756;29,1;86,7902;86,9251;71,1553;3477,92;86,7902;86,4501;61,262;283,608;12,2631;670;670,2;68,9021;670;670,2;645;611,1;-0,200012;33,9;68,9021;70,2881;2754,1;68,8609;68,9021;224,466;68,4269;50,5177;12,2696;59,1288;671,6;670;671,6;670;645;617,2;-1,59998;27,8;59,1288;59,9978;61,8665;2460,23;59,1288;59,8227;43,8744;196,167;12,5415;670;670,3;53,9707;670;670,3;645;626,4;-0,299988;18,6;53,9707;53,987;56,42;2161,47;53,9707;53,9246;45,8772;176,873;12,2205;670;670,6;48,9264;670;670,6;645;637,7;-0,599976;7,29999;48,9264;49,336;50,7434;2104,64;48,9264;48,7236;42,5722;159,736;13,1757;670;670,2;41,1742;670;670,2;645;635,3;-0,200012;9,70001;41,1742;41,1881;44,8344;1688,87;41,1742;40,981;36,8483;134,456;12,5608
10.10.2025 00:05:30.820000;0;0;670;670,1;86,7902;670;670,1;645;615,9;-0,0999756;29,1;86,7902;86,7465;71,1726;3471,41;86,7902;86,6061;61,1913;284,132;12,2176;670;670,2;68,9018;670;670,2;645;611,2;-0,200012;33,8;68,9018;70,4844;2743,4;68,5217;68,9018;224,863;68,5361;50,3926;12,2004;59,1179;671,6;670;671,6;670;645;617,2;-1,59998;27,8;59,1179;60,1038;61,7224;2466,5;59,1179;59,6617;43,899;195,536;12,6141;670;670,3;53,9693;670;670,3;645;626,5;-0,299988;18,5;53,9693;54,1156;56,3962;2164,85;53,9693;53,9125;45,8772;176,794;12,245;670;670,5;49,013;670;670,5;645;637,7;-0,5;7,29999;49,013;49,3136;50,7788;2100,97;49,013;48,6097;42,6639;159,401;13,1804;670;670,1;41,2638;670;670,1;645;635,3;-0,0999756;9,70001;41,2638;41,1698;44,8344;1687,64;41,2638;41,1452;36,8085;135,11;12,4908
10.10.2025 00:05:31.320000;0;0;670;670;86,7902;670;670;645;615,9;0;29,1;86,7902;86,9118;71,1616;3480,58;86,7902;86,7302;61,1757;284,539;12,2323;670;670,3;68,811;670;670,3;645;611,2;-0,299988;33,8;68,811;70,4909;2738,31;68,4544;68,811;225,54;68,7388;50,315;12,1411;59,1972;671,5;670;671,5;670;645;617,2;-1,5;27,8;59,1972;60,2828;61,5293;2472,28;59,1972;59,5198;43,964;195,158;12,6681;670;670,3;53,9678;670;670,3;645;626,6;-0,299988;18,4;53,9678;54,0348;56,4176;2161,3;53,9678;53,8764;45,8772;176,712;12,2306;670;670,4;49,1006;670;670,3;645;637,6;-0,299988;7,40002;49,1006;49,2869;50,8292;2101,11;49,1006;48,5189;42,7611;159,088;13,2072;670;670,1;41,2638;670;670;645;635,3;0;9,70001;41,2638;41,169;44,8349;1687,93;41,2638;41,2699;36,8081;135,389;12,4672
10.10.2025 00:05:31.820000;0;0;670;670;86,7902;670;670,1;645;616;-0,0999756;29;86,7902;87,2637;70,9939;3492,42;86,7902;86,8294;61,1757;284,818;12,262;670;670,3;68,8099;670;670,3;645;611,3;-0,299988;33,7;68,8099;70,4592;2742,39;68,5204;68,8099;225,948;68,8729;50,2729;12,1373;59,1891;671,5;670;671,4;670;645;617,3;-1,40002;27,7;59,1891;60,3082;61,4322;2472,64;59,1891;59,4228;43,9897;194,798;12,6933;670;670,2;54,0569;670;670,2;645;626,8;-0,200012;18,2;54,0569;54,0228;56,4176;2163,69;54,0569;53,8694;45,8989;176,648;12,2486;670;670,3;49,1894;670;670,3;645;637,6;-0,299988;7,40002;49,1894;49,2457;50,8706;2100,63;49,1894;48,5001;42,8337;159,114;13,2021;670;670;41,2638;670;670,1;645;635,3;-0,0999756;9,70001;41,2638;41,1887;44,8736;1688,93;41,2638;41,3645;36,7768;135,774;12,4392
10.10.2025 00:05:32.320000;0;0;670;670,1;86,7902;670;670,2;645;616;-0,200012;29;86,7902;87,1652;71,0534;3487,36;86,7902;86,8868;61,1757;285,002;12,2363;670;670,3;68,8084;670;670,3;645;611,4;-0,299988;33,6;68,8084;70,5231;2745,59;68,5404;68,8084;226,349;68,9855;50,217;12,1299;59,3598;671,3;670;671,3;670;645;617,5;-1,29999;27,5;59,3598;60,115;61,4513;2460,4;59,3598;59,3592;44,0401;194,737;12,6345;670;670,1;54,1464;670;670,1;645;626,8;-0,0999756;18,2;54,1464;54,1241;56,4176;2166,79;54,1464;53,8138;45,9698;176,496;12,2767;670;670,3;49,1879;670;670,2;645;637,6;-0,200012;7,40002;49,1879;49,3501;50,8386;2103,81;49,1879;48,6404;42,8124;159,63;13,1793;670;670;41,2638;670;670;645;635,2;0;9,79999;41,2638;41,2549;44,8876;1691,29;41,2638;41,4461;36,764;135,943;12,4411
10.10.2025 00:05:32.820000;0;0;670;670,2;86,6995;670;670,3;645;616;-0,299988;29;86,6995;87,0579;71,1298;3489,9;86,6995;86,9384;61,1141;285,158;12,2385;670;670,3;68,807;670;670,3;645;611,7;-0,299988;33,3;68,807;70,4901;2749,37;68,7069;68,807;226,544;69,0565;50,2395;12,1362;59,5317;671,1;670;671,1;670;645;617,6;-1,09998;27,4;59,5317;59,4401;61,761;2434,97;59,5317;59,4028;44,0401;194,815;12,4988;670;670,1;54,1464;670;670,1;645;626,9;-0,0999756;18,1;54,1464;54,1432;56,4176;2165,99;54,1464;53,7789;46,0074;176,305;12,2855;670;670,2;49,2775;670;670,2;645;637,6;-0,200012;7,40002;49,2775;49,4491;50,8686;2108,19;49,2775;48,7973;42,8532;160,197;13,16;670;670,1;41,2638;670;670,1;645;635,2;-0,0999756;9,79999;41,2638;41,2619;44,9078;1691,91;41,2638;41,4817;36,7461;136,175;12,4245
10.10.2025 00:05:33.320000;0;0;670;670,3;86,6081;670;670,4;645;616,2;-0,400024;28,8;86,6081;87,0679;71,1314;3483,05;86,6081;86,9782;61,0469;285,321;12,2075;670;670,4;68,7153;670;670,4;645;611,8;-0,400024;33,2;68,7153;70,5242;2749,32;68,7415;68,7153;226,777;69,1282;50,1976;12,1234;59,7045;670,9;670;670,9;670;645;617,7;-0,900024;27,3;59,7045;59,1307;61,9187;2422,6;59,7045;59,4256;43,9579;194,955;12,4265;670;670,1;54,1464;670;670,1;645;626,9;-0,0999756;18,1;54,1464;54,1246;56,4176;2165,34;54,1464;53,7067;46,049;176,121;12,2946;670;670,1;49,3672;670;670,1;645;637,6;-0,0999756;7,40002;49,3672;49,3733;50,8664;2103,84;49,3672;48,9593;42,8099;160,679;13,0934;670;670,2;41,1737;670;670,2;645;635,2;-0,200012;9,79999;41,1737;41,2693;44,9473;1693,35;41,1737;41,5443;36,7091;136,192;12,4335
10.10.2025 00:05:33.820000;0;0;670;670,6;86,3356;670;670,6;645;616,3;-0,599976;28,7;86,3356;86,815;71,1717;3472,87;86,3356;86,9932;60,9433;285,338;12,1711;670;670,6;68,5324;670;670,6;645;612;-0,599976;33;68,5324;70,6966;2739,6;68,4867;68,5324;226,855;69,1661;50,0628;12,0764;59,6987;670,9;670;670,8;670;645;618;-0,799988;27;59,6987;59,0192;62,0959;2420,27;59,6987;59,4537;43,8808;194,985;12,4126;670;670,1;54,1464;670;670,1;645;626,9;-0,0999756;18,1;54,1464;54,2113;56,4176;2169,3;54,1464;53,6888;46,0873;176,115;12,3176;670;670,2;49,2769;670;670,2;645;637,6;-0,200012;7,40002;49,2769;49,3032;50,8664;2103,25;49,2769;49,0558;42,7496;160,97;13,0661;670;670,2;41,173;670;670,3;645;635,2;-0,299988;9,79999;41,173;41,2857;44,9245;1692,55;41,173;41,5012;36,675;136,139;12,4325
10.10.2025 00:05:34.320000;0;0;670;670,6;86,332;670;670,6;645;616,4;-0,599976;28,6;86,332;86,8612;71,1824;3477,67;86,332;87,0512;60,8448;285,592;12,177;670;670,8;68,3482;670;670,8;645;612,1;-0,799988;32,9;68,3482;70,7544;2735,93;68,387;68,3482;226,565;69,1021;50,0059;12,0757;59,7836;670,8;670;670,8;670;645;618;-0,799988;27;59,7836;59,0133;62,1813;2419,39;59,7836;59,4754;43,8473;195,118;12,3996;670;670,1;54,1464;670;670,1;645;626,8;-0,0999756;18,2;54,1464;54,3113;56,3837;2170,92;54,1464;53,679;46,1156;176,08;12,3292;670;670,2;49,2765;670;670,2;645;637,6;-0,200012;7,40002;49,2765;49,3341;50,8664;2102,81;49,2765;49,1751;42,7077;161,346;13,0329;670;670,3;41,0816;670;670,3;645;635,2;-0,299988;9,79999;41,0816;41,2265;44,9151;1690,45;41,0816;41,4087;36,6579;135,692;12,4579
10.10.2025 00:05:34.820000;0;0;670;670,6;86,3284;670;670,7;645;616,5;-0,700012;28,5;86,3284;87,0034;71,1471;3482,39;86,3284;87,1132;60,7739;285,731;12,1876;670;670,8;68,3431;670;670,9;645;612,2;-0,900024;32,8;68,3431;70,6481;2743,73;68,518;68,3431;226,062;68,9527;50,0089;12,1371;59,7785;670,8;670;670,8;670;645;618;-0,799988;27;59,7785;59,0443;62,2044;2420,02;59,7785;59,4867;43,8299;195,091;12,4046;670;670,2;54,0557;670;670,2;645;626,8;-0,200012;18,2;54,0557;54,1989;56,3913;2168;54,0557;53,7296;46,0775;176,259;12,3001;670;670,3;49,1854;670;670,3;645;637,7;-0,299988;7,29999;49,1854;49,3385;50,8664;2105,07;49,1854;49,2805;42,7071;161,717;13,017;670;670,5;40,8996;670;670,5;645;635,1;-0,5;9,90002;40,8996;41,2275;44,8753;1689,85;40,8996;41,3105;36,6464;135,486;12,4725
10.10.2025 00:05:35.320000;0;0;670;670,7;86,234;670;670,7;645;616,6;-0,700012;28,4;86,234;86,938;71,1837;3477,73;86,234;87,1153;60,6856;285,736;12,1711;670;670,8;68,3376;670;670,8;645;612,2;-0,799988;32,8;68,3376;70,5406;2745,79;68,6134;68,3376;225,58;68,8102;50,0312;12,1721;59,8638;670,7;670;670,7;670;645;618;-0,700012;27;59,8638;58,7208;62,4589;2404,04;59,8638;59,4619;43,6796;195,072;12,3238;670;670,3;53,9649;670;670,3;645;626,7;-0,299988;18,3;53,9649;54,2253;56,374;2168,75;53,9649;53,748;46,0842;176,279;12,3029;670;670,3;49,184;670;670,3;645;637,7;-0,299988;7,29999;49,184;49,4104;50,8664;2104,46;49,184;49,4204;42,6481;162,162;12,9775;670;670,6;40,8066;670;670,6;645;635,2;-0,599976;9,79999;40,8066;41,1961;44,8754;1689,36;40,8066;41,2666;36,6076;135,289;12,487
10.10.2025 00:05:35.820000;0;0;670;670,8;86,1395;670;670,8;645;616,6;-0,799988;28,4;86,1395;86,9876;71,1531;3483,33;86,1395;87,0924;60,6046;285,65;12,1944;670;671;68,1519;670;671;645;612,2;-1;32,8;68,1519;70,4705;2753,57;68,8116;68,1519;225,16;68,6658;50,028;12,2294;59,8594;670,7;670;670,8;670;645;617,9;-0,799988;27,1;59,8594;58,6175;62,5789;2402,2;59,8594;59,4623;43,5886;194,972;12,3207;670;670,3;53,9635;670;670,3;645;626,7;-0,299988;18,3;53,9635;54,2098;56,3271;2169,37;53,9635;53,7953;46,0361;176,5;12,291;670;670,3;49,1825;670;670,4;645;637,8;-0,400024;7,20001;49,1825;49,3762;50,8847;2106,36;49,1825;49,5108;42,5992;162,485;12,9634;670;670,6;40,803;670;670,6;645;635,2;-0,599976;9,79999;40,803;41,1996;44,8754;1689,02;40,803;41,2238;36,5664;135,24;12,4891
10.10.2025 00:05:36.320000;0;0;670;670,8;86,1344;670;670,8;645;616,6;-0,799988;28,4;86,1344;86,9254;71,158;3482,13;86,1344;87,0397;60,5681;285,375;12,202;670;671;68,1454;670;671;645;612,2;-1;32,8;68,1454;70,405;2757,77;68,8527;68,1454;224,927;68,5909;49,995;12,2607;59,7644;670,8;670;670,8;670;645;617,8;-0,799988;27,2;59,7644;58,6684;62,5728;2404,93;59,7644;59,3841;43,594;194,741;12,3493;670;670,4;53,8718;670;670,4;645;626,7;-0,400024;18,3;53,8718;54,24;56,2545;2169,22;53,8718;53,8428;46,0112;176,63;12,2811;670;670,4;49,0904;670;670,3;645;637,8;-0,299988;7,20001;49,0904;49,374;50,947;2106,11;49,0904;49,6251;42,4932;162,809;12,9361;670;670,6;40,7994;670;670,6;645;635,2;-0,599976;9,79999;40,7994;41,249;44,8754;1692,49;40,7994;41,2211;36,5437;135,167;12,5215
10.10.2025 00:05:36.820000;0;0;670;670,8;86,1293;670;670,8;645;616,7;-0,799988;28,3;86,1293;87,4451;70,9159;3499,69;86,1293;86,9;60,5733;284,976;12,2806;670;671;68,1389;670;671;645;612,2;-1;32,8;68,1389;70,2206;2762,16;69,0864;68,1389;224,628;68,4979;50,0091;12,2966;59,5787;671;670;671;670;645;617,9;-1;27,1;59,5787;58,6111;62,6148;2403,86;59,5787;59,2596;43,5812;194,274;12,3735;670;670,3;53,9599;670;670,3;645;626,7;-0,299988;18,3;53,9599;54,333;56,2356;2174,83;53,9599;53,914;46,0112;176,869;12,2963;670;670,4;49,0888;670;670,4;645;637,9;-0,400024;7,09998;49,0888;49,4423;50,9398;2106,3;49,0888;49,6611;42,4879;162,893;12,9306;670;670,7;40,7057;670;670,7;645;635,2;-0,700012;9,79999;40,7057;41,3359;44,8576;1694,93;40,7057;41,2021;36,5297;135,185;12,5378
10.10.2025 00:05:37.320000;0;0;670;670,7;86,2146;670;670,7;645;616,7;-0,700012;28,3;86,2146;87,4189;70,8327;3492,88;86,2146;86,7753;60,6181;284,546;12,2753;670;671;68,1323;670;671;645;612,1;-1;32,9;68,1323;70,2512;2759,36;68,9483;68,1323;224,559;68,4671;50,0028;12,2879;59,5722;671;670;671;670;645;617,8;-1;27,2;59,5722;58,6118;62,6213;2405,35;59,5722;59,1935;43,5738;194,159;12,3886;670;670,3;53,9584;670;670,3;645;626,9;-0,299988;18,1;53,9584;54,2531;56,2595;2170,94;53,9584;53,8948;46,0112;176,817;12,2779;670;670,5;48,9966;670;670,5;645;637,9;-0,5;7,09998;48,9966;49,3967;50,9604;2106,75;48,9966;49,6379;42,4298;162,752;12,9446;670;670,7;40,7013;670;670,7;645;635,3;-0,700012;9,70001;40,7013;41,2935;44,874;1693,03;40,7013;41,2259;36,4545;135,185;12,5238
10.10.2025 00:05:37.820000;0;0;670;670,6;86,3006;670;670,6;645;616,6;-0,599976;28,4;86,3006;87,3101;70,7932;3493,8;86,3006;86,6461;60,6791;284,071;12,2991;670;670,9;68,2163;670;670,8;645;612,1;-0,799988;32,9;68,2163;70,264;2754,58;68,8449;68,2163;224,443;68,4357;50,0368;12,2729;59,7461;670,8;670;670,9;670;645;617,8;-0,900024;27,2;59,7461;58,6857;62,7214;2407,02;59,7461;59,1465;43,5955;193,936;12,4114;670;670,4;53,8666;670;670,4;645;626,9;-0,400024;18,1;53,8666;54,1007;56,3181;2164,26;53,8666;53,9418;46,0112;176,942;12,2314;670;670,5;48,9937;670;670,5;645;638;-0,5;7;48,9937;49,369;50,9219;2105,09;48,9937;49,5204;42,4081;162,337;12,9674;670;670,7;40,6961;670;670,7;645;635,3;-0,700012;9,70001;40,6961;41,3061;44,874;1692,75;40,6961;41,2337;36,4162;135,26;12,5148
10.10.2025 00:05:38.320000;0;0;670;670,6;86,2971;670;670,6;645;616,5;-0,599976;28,5;86,2971;87,4448;70,63;3502,55;86,2971;86,5408;60,7091;283,862;12,3389;670;670,8;68,3012;670;670,7;645;611,9;-0,700012;33,1;68,3012;70,2851;2748,45;68,7517;68,3012;224,463;68,4196;50,074;12,2445;59,6504;670,9;670;670,9;670;645;617,9;-0,900024;27,1;59,6504;58,779;62,6781;2405,99;59,6504;59,1142;43,6289;193,961;12,4045;670;670,6;53,6836;670;670,6;645;626,9;-0,599976;18,1;53,6836;54,197;56,2792;2168,75;53,6836;53,9715;45,9705;177,027;12,251;670;670,5;48,9902;670;670,5;645;638;-0,5;7;48,9902;49,3193;50,897;2102,98;48,9902;49,3805;42,4342;161,968;12,9839;670;670,7;40,6917;670;670,7;645;635,3;-0,700012;9,70001;40,6917;41,2578;44,874;1691,57;40,6917;41,1974;36,4004;135,128;12,5183
10.10.2025 00:05:38.820000;0;0;670;670,7;86,2031;670;670,7;645;616,5;-0,700012;28,5;86,2031;87,7175;70,3895;3510,58;86,2031;86,4553;60,6962;283,527;12,3818;670;670,6;68,4768;670;670,6;645;611,9;-0,599976;33,1;68,4768;70,1991;2756,42;68,8709;68,4768;224,334;68,3966;50,0804;12,2871;59,6446;670,9;670;670,9;670;645;617,9;-0,900024;27,1;59,6446;58,4754;62,8884;2398,13;59,6446;59,1381;43,4663;193,968;12,3636;670;670,6;53,6807;670;670,7;645;626,7;-0,700012;18,3;53,6807;54,0595;56,3399;2163,08;53,6807;53,9763;45,9218;177,063;12,2165;670;670,5;48,9879;670;670,5;645;638,1;-0,5;6,90002;48,9879;49,4269;50,8596;2108,52;48,9879;49,2531;42,4724;161,494;13,0563;670;670,7;40,6869;670;670,7;645;635,3;-0,700012;9,70001;40,6869;41,3201;44,8609;1694,28;40,6869;41,1958;36,3694;135,148;12,5365
10.10.2025 00:05:39.320000;0;0;670;670,7;86,1988;670;670,6;645;616,4;-0,599976;28,6;86,1988;87,6301;70,3352;3505,17;86,1988;86,4022;60,7077;283,374;12,3694;670;670,4;68,6533;670;670,4;645;611,8;-0,400024;33,2;68,6533;70,2475;2754,43;68,8171;68,6533;224,322;68,3987;50,0804;12,2789;59,6376;670,9;670;670,9;670;645;617,9;-0,900024;27,1;59,6376;58,5136;62,9431;2399,06;59,6376;59,201;43,4132;194,179;12,3549;670;670,7;53,5855;670;670,7;645;626,6;-0,700012;18,4;53,5855;54,0633;56,3399;2163,4;53,5855;54,0264;45,8406;177,206;12,2083;670;670,5;48,9844;670;670,5;645;638,1;-0,5;6,90002;48,9844;49,4939;50,7766;2110,42;48,9844;49,1768;42,4912;161,3;13,0838;670;670,7;40,6826;670;670,7;645;635,3;-0,700012;9,70001;40,6826;41,3202;44,8547;1694,29;40,6826;41,1857;36,3438;135,038;12,5468
10.10.2025 00:05:39.820000;0;0;670;670,5;86,3754;670;670,5;645;616,3;-0,5;28,7;86,3754;87,3335;70,4081;3489,94;86,3754;86,3273;60,7468;283,042;12,3301;670;670,3;68,7414;670;670,3;645;611,7;-0,299988;33,3;68,7414;70,3227;2756;68,9166;68,7414;224,145;68,3482;50,2093;12,2956;59,8125;670,7;670;670,7;670;645;618;-0,700012;27;59,8125;58,6701;63,0136;2405,48;59,8125;59,2117;43,4369;194,214;12,3857;670;670,7;53,5811;670;670,7;645;626,6;-0,700012;18,4;53,5811;53,9829;56,3399;2160,18;53,5811;54,0656;45,7988;177,335;12,1813;670;670,6;48,8909;670;670,7;645;638,2;-0,700012;6,79999;48,8909;49,4829;50,7099;2110,91;48,8909;49,0683;42,4912;160,918;13,1179;670;670,8;40,5882;670;670,8;645;635,3;-0,799988;9,70001;40,5882;41,3373;44,8411;1694,35;40,5882;41,1846;36,3169;135,098;12,5416
10.10.2025 00:05:40.320000;0;0;670;670,6;86,2825;670;670,6;645;616,2;-0,599976;28,8;86,2825;87,0504;70,5045;3479,73;86,2825;86,2425;60,76;282,771;12,3058;670;670,2;68,83;670;670,2;645;611,7;-0,200012;33,3;68,8301;70,3055;2764,59;69,0271;68,83;224,005;68,2943;50,2935;12,3417;59,8986;670,6;670;670,6;670;645;618,1;-0,599976;26,9;59,8986;58,7056;63,1046;2407,41;59,8986;59,197;43,4298;194,166;12,3987;670;670,7;53,5768;670;670,7;645;626,6;-0,700012;18,4;53,5768;53,9959;56,3399;2161,66;53,5768;54,0629;45,7731;177,313;12,1912;670;670,8;48,7065;670;670,8;645;638,2;-0,799988;6,79999;48,7065;49,494;50,6573;2109,95;48,7065;49,0188;42,4652;160,756;13,1251;670;670,8;40,5831;670;670,8;645;635,3;-0,799988;9,70001;40,5831;41,2939;44,8378;1692,73;40,5831;41,1395;36,2648;134,886;12,5493
10.10.2025 00:05:40.820000;0;0;670;670,5;86,3683;670;670,5;645;616,1;-0,5;28,9;86,3683;86,5894;70,7038;3463,2;86,3683;86,1675;60,7892;282,629;12,2535;670;670,2;68,8292;670;670,2;645;611,8;-0,200012;33,2;68,8292;70,2084;2768,07;69,19;68,8292;223,989;68,2815;50,328;12,358;59,8945;670,6;670;670,6;670;645;617,9;-0,599976;27,1;59,8945;58,799;63,1165;2409,16;59,8945;59,1525;43,4642;193,982;12,4195;670;670,7;53,5724;670;670,7;645;626,6;-0,700012;18,4;53,5724;54,121;56,3399;2165,86;53,5724;54,0926;45,7328;177,424;12,2073;670;670,8;48,7014;670;670,8;645;638,2;-0,799988;6,79999;48,7014;49,4006;50,6552;2106,12;48,7014;48,9661;42,4364;160,596;13,1144;670;670,7;40,6682;670;670,7;645;635,3;-0,700012;9,70001;40,6682;41,2671;44,8062;1691,95;40,6682;41,059;36,3042;134,648;12,5658
10.10.2025 00:05:41.320000;0;0;670;670,4;86,4558;670;670,4;645;615,9;-0,400024;29,1;86,4558;86,6159;70,7327;3466,02;86,4558;86,1675;60,8328;282,629;12,2635;670;670,2;68,8285;670;670,2;645;612;-0,200012;33;68,8285;70,2076;2767,5;69,1598;68,8285;224,31;68,3873;50,3121;12,3378;59,9809;670,5;670;670,5;670;645;617,8;-0,5;27,2;59,9809;58,7793;63,1896;2410,43;59,9809;59,1369;43,4442;193,995;12,4253;670;670,6;53,6586;670;670,6;645;626,9;-0,599976;18,1;53,6586;54,1693;56,3399;2168,44;53,6586;54,0887;45,7438;177,424;12,2218;670;670,7;48,7868;670;670,7;645;638,2;-0,700012;6,79999;48,7868;49,3479;50,6386;2104,19;48,7868;48,9191;42,4825;160,429;13,116;670;670,6;40,7541;670;670,6;645;635,3;-0,599976;9,70001;40,7541;41,2759;44,7145;1692,15;40,7541;40,9063;36,3844;134,095;12,619
10.10.2025 00:05:41.820000;0;0;670;670,3;86,544;670;670,3;645;615,8;-0,299988;29,2;86,544;86,7138;70,7225;3470,26;86,544;86,1199;60,9023;282,473;12,2853;670;670,3;68,7372;670;670,3;645;612,2;-0,299988;32,8;68,7372;70,0411;2777,12;69,3563;68,7372;225,041;68,5904;50,2066;12,3405;60,0683;670,4;670;670,4;670;645;617,5;-0,400024;27,5;60,0683;58,6454;63,416;2404,14;60,0683;59,0894;43,392;193,788;12,4061;670;670,6;53,655;670;670,6;645;627,1;-0,599976;17,9;53,655;54,2056;56,3349;2169,25;53,655;54,0961;45,717;177,435;12,2256;670;670,8;48,6921;670;670,8;645;638,1;-0,799988;6,90002;48,6921;49,3809;50,5749;2105,6;48,6921;48,8718;42,4616;160,274;13,1375;670;670,6;40,7505;670;670,6;645;635,3;-0,599976;9,70001;40,7505;41,3224;44,6153;1694,86;40,7505;40,8002;36,4045;133,825;12,6648
10.10.2025 00:05:42.320000;0;0;670;670,3;86,5425;670;670,3;645;615,7;-0,299988;29,3;86,5425;86,5023;70,7555;3461,79;86,5425;86,0708;60,9271;282,276;12,2638;670;670,5;68,5555;670;670,5;645;612,3;-0,5;32,7;68,5555;70,0163;2779,39;69,4131;68,5555;225,757;68,8112;50,1883;12,3114;60,1567;670,3;670;670,3;670;645;617,5;-0,299988;27,5;60,1567;58,7109;63,5118;2407,63;60,1567;59,0516;43,4132;193,682;12,4308;670;670,6;53,6513;670;670,6;645;627,3;-0,599976;17,7;53,6513;54,139;56,3394;2165,95;53,6513;54,0738;45,7025;177,343;12,2133;670;670,8;48,6873;670;670,8;645;638,1;-0,799988;6,90002;48,6873;49,3428;50,5383;2103,82;48,6873;48,8141;42,4808;160,104;13,1403;670;670,5;40,8375;670;670,5;645;635,3;-0,5;9,70001;40,8375;41,3415;44,5987;1694,84;40,8375;40,6719;36,4318;133,36;12,7087
10.10.2025 00:05:42.820000;0;0;670;670,3;86,5411;670;670,3;645;615,5;-0,299988;29,5;86,5411;86,6461;70,753;3468,03;86,5411;85,996;60,9994;282,041;12,2962;670;670,5;68,5526;670;670,6;645;612,5;-0,599976;32,5;68,5526;70,1588;2771,85;69,2846;68,5526;226,396;69,0153;50,0271;12,2434;60,2463;670,2;670;670,2;670;645;617,6;-0,200012;27,4;60,2463;58,5977;63,707;2401,38;60,2463;58,9546;43,3902;193,333;12,421;670;670,5;53,7378;670;670,5;645;627,4;-0,5;17,6;53,7378;54,2091;56,2976;2169,55;53,7378;54,028;45,6997;177,173;12,2454;670;670,9;48,5917;670;670,9;645;638,1;-0,900024;6,90002;48,5917;49,2672;50,5125;2100,59;48,5917;48,7411;42,4694;159,858;13,1404;670;670,4;40,9251;670;670,4;645;635,3;-0,400024;9,70001;40,9251;41,3649;44,6074;1695,63;40,9251;40,7129;36,4587;133,628;12,6892
10.10.2025 00:05:43.320000;0;0;670;670,2;86,6301;670;670,2;645;615,4;-0,200012;29,6;86,6301;86,2802;70,8857;3453,55;86,6301;85,9585;60,9349;281,931;12,2496;670;670,6;68,4591;670;670,6;645;612,6;-0,599976;32,4;68,4591;70,2398;2763,51;69,0642;68,4591;226,629;69,0981;49,9244;12,194;60,3361;670,1;670;670,1;670;645;617,5;-0,0999756;27,5;60,3361;58,4636;63,9241;2396,37;60,3361;58,8997;43,338;193,191;12,4041;670;670,5;53,7348;670;670,5;645;627,5;-0,5;17,5;53,7348;54,0643;56,3269;2161,36;53,7348;53,9532;45,7536;176,966;12,2134;670;670,9;48,5859;670;670,9;645;638;-0,900024;7;48,5859;49,2561;50,4767;2100,12;48,5859;48,709;42,4775;159,766;13,145;670;670,3;41,0133;670;670,3;645;635,3;-0,299988;9,70001;41,0133;41,2982;44,6677;1692,71;41,0133;40,8722;36,4331;134,086;12,624
10.10.2025 00:05:43.820000;0;0;670;670,2;86,6294;670;670,2;645;615,4;-0,200012;29,6;86,6294;86,1963;70,9435;3448,91;86,6294;85,9092;60,9369;281,782;12,2396;670;670,7;68,3648;670;670,7;645;612,7;-0,700012;32,3;68,3648;70,2398;2764,14;69,0599;68,3648;226,304;69,0148;49,882;12,2143;60,3361;670;670;670;670;645;617,4;0;27,6;60,3361;58,3507;64,0973;2392,7;60,3361;58,821;43,297;192,869;12,4058;670;670,5;53,7319;670;670,5;645;627,5;-0,5;17,5;53,7319;53,9335;56,3324;2158,04;53,7319;53,9649;45,7395;176,979;12,1938;670;670,9;48,5801;670;670,9;645;638;-0,900024;7;48,5801;49,1295;50,4874;2093,6;48,5801;48,6546;42,4859;159,6;13,1178;670;670,4;40,9214;670;670,4;645;635,2;-0,400024;9,79999;40,9214;41,221;44,702;1689,93;40,9214;41,0232;36,4169;134,642;12,5513
10.10.2025 00:05:44.320000;0;0;670;670,2;86,6287;670;670,2;645;615,4;-0,200012;29,6;86,6287;86,5454;70,791;3462,72;86,6287;85,9243;61,0899;281,844;12,2859;670;670,7;68,3604;670;670,7;645;612,7;-0,700012;32,3;68,3604;70,1728;2767,13;69,1305;68,3604;225,982;68,9008;49,8934;12,2449;60,3361;670;670;670;670;645;617,4;0;27,6;60,3361;58,5735;64,1;2402,31;60,3361;58,7109;43,414;192,559;12,4757;670;670,5;53,729;670;670,5;645;627,5;-0,5;17,5;53,729;54,0051;56,3324;2161,07;53,729;53,9567;45,7336;176,965;12,2118;670;670,8;48,6644;670;670,8;645;637,9;-0,799988;7,09998;48,6644;49,0468;50,5178;2091,68;48,6644;48,6699;42,4859;159,612;13,1048;670;670,3;41,0095;670;670,3;645;635,2;-0,299988;9,79999;41,0095;41,1899;44,7499;1688,79;41,0095;41,147;36,3971;134,975;12,5119
10.10.2025 00:05:44.820000;0;0;670;670,3;86,5377;670;670,3;645;615,5;-0,299988;29,5;86,5377;86,8974;70,6578;3477,13;86,5377;85,9111;61,1302;281,775;12,3401;670;670,7;68,3561;670;670,7;645;612,8;-0,700012;32,2;68,3561;69,9693;2774,36;69,3552;68,3561;225,474;68,7578;49,9238;12,3045;60,3361;669,9;670;669,9;670;645;617,3;0,0999756;27,7;60,3361;58,786;64,0923;2411,66;60,3361;58,6265;43,4529;192,256;12,544;670;670,4;53,8165;670;670,4;645;627,5;-0,400024;17,5;53,8165;54,031;56,3324;2161,96;53,8165;53,9583;45,7615;177,009;12,2139;670;670,8;48,6593;670;670,8;645;637,8;-0,799988;7,20001;48,6593;48,8741;50,587;2084,15;48,6593;48,6517;42,4859;159,578;13,0604;670;670,4;40,9175;670;670,4;645;635,2;-0,400024;9,79999;40,9175;41,1663;44,7516;1687,34;40,9175;41,2696;36,3029;135,441;12,4581
10.10.2025 00:05:45.320000;0;0;670;670,4;86,446;670;670,4;645;615,6;-0,400024;29,4;86,446;86,9522;70,5673;3479,81;86,446;85,8824;61,141;281,707;12,3526;670;670,7;68,3517;670;670,7;645;612,8;-0,700012;32,2;68,3517;69,8655;2774,61;69,3414;68,3517;225,009;68,608;49,9666;12,3311;60,5167;669,7;670;669,7;670;645;617,1;0,299988;27,9;60,5167;58,8491;64,1968;2412,34;60,5167;58,6609;43,4709;192,446;12,5351;670;670,4;53,8143;670;670,4;645;627,5;-0,400024;17,5;53,8143;53,9487;56,3324;2159,43;53,8143;53,9732;45,7509;177,045;12,1971;670;670,7;48,7446;670;670,7;645;637,7;-0,700012;7,29999;48,7446;48,8288;50,64;2082,38;48,7446;48,6706;42,4859;159,614;13,0464;670;670,3;41,0056;670;670,4;645;635,3;-0,400024;9,70001;41,0056;41,103;44,8414;1685,22;41,0056;41,3708;36,2765;135,696;12,4191
10.10.2025 00:05:45.820000;0;0;670;670,5;86,3537;670;670,5;645;615,6;-0,5;29,4;86,3537;86,9939;70,4714;3480,14;86,3537;85,8758;61,1369;281,634;12,357;670;670,7;68,3474;670;670,7;645;612,8;-0,700012;32,2;68,3474;69,7952;2770,63;69,23;68,3474;224,447;68,4367;50,0238;12,3443;60,6989;669,5;670;669,5;670;645;617,2;0,5;27,8;60,6989;58,8423;64,4362;2412,85;60,6989;58,7126;43,4517;192,577;12,5293;670;670,2;53,9931;670;670,2;645;627,5;-0,200012;17,5;53,9931;54,0273;56,3324;2162,78;53,9931;53,9857;45,7721;177,089;12,213;670;670,6;48,8305;670;670,6;645;637,4;-0,599976;7,59998;48,8305;48,8774;50,6397;2084,61;48,8305;48,6517;42,5184;159,58;13,0631;670;670,3;41,0037;670;670,3;645;635,3;-0,299988;9,70001;41,0037;41,1073;44,903;1685,72;41,0037;41,4732;36,2113;136,073;12,3884
10.10.2025 00:05:46.320000;0;0;670;670,5;86,3511;670;670,5;645;615,7;-0,5;29,3;86,3511;86,8777;70,5015;3477,43;86,3511;85,8725;61,1652;281,662;12,3461;670;670,8;68,2525;670;670,8;645;612,8;-0,799988;32,2;68,2525;69,7005;2768,54;69,2258;68,2525;224,102;68,3393;50,0236;12,354;60,6117;669,6;670;669,6;670;645;617,1;0,400024;27,9;60,6117;58,8453;64,5459;2412,82;60,6117;58,76;43,4413;192,784;12,5156;670;670,2;53,9924;670;670,1;645;627,4;-0,0999756;17,6;53,9924;53,9992;56,3324;2159,55;53,9924;53,9861;45,7721;177,087;12,1948;670;670,5;48,9175;670;670,5;645;637,3;-0,5;7,70001;48,9175;48,9536;50,6397;2087,7;48,9175;48,6756;42,5523;159,656;13,0763;670;670,3;41,0022;670;670,3;645;635,4;-0,299988;9,59998;41,0022;41,2047;44,8836;1689,39;41,0022;41,5009;36,1729;136,123;12,4108
10.10.2025 00:05:46.820000;0;0;670;670,5;86,3481;670;670,5;645;615,8;-0,5;29,2;86,3481;87,1614;70,3224;3486,7;86,3481;85,894;61,1799;281,732;12,3759;670;670,7;68,3378;670;670,7;645;612,8;-0,700012;32,2;68,3378;69,819;2756,81;68,9086;68,3378;223,772;68,2311;50,0267;12,3197;60,5235;669,7;670;669,7;670;645;617,2;0,299988;27,8;60,5235;58,8536;64,5548;2413,96;60,5235;58,7848;43,4413;192,801;12,5204;670;670,1;54,0824;670;670,1;645;627,3;-0,0999756;17,7;54,0824;53,7672;56,4449;2151,09;54,0824;54,0068;45,7144;177,155;12,1424;670;670,4;49,0046;670;670,4;645;637,2;-0,400024;7,79999;49,0046;48,9544;50,6397;2088,22;49,0046;48,6453;42,5736;159,557;13,0876;670;670,4;40,9107;670;670,4;645;635,4;-0,400024;9,59998;40,9107;41,1975;44,9069;1689,26;40,9107;41,5136;36,1408;136,152;12,4072
10.10.2025 00:05:47.320000;0;0;670;670,7;86,1644;670;670,7;645;615,9;-0,700012;29,1;86,1644;86,7589;70,3966;3470,47;86,1644;85,977;61,0896;282,037;12,305;670;670,8;68,2428;670;670,8;645;612,8;-0,799988;32,2;68,2428;69,7742;2754,19;68,8393;68,2428;223,515;68,1503;50,024;12,3222;60,4346;669,8;670;669,8;670;645;617,3;0,200012;27,7;60,4346;59,0096;64,5217;2419,39;60,4346;58,8179;43,4834;192,957;12,5385;670;670,1;54,0824;670;670,1;645;627,2;-0,0999756;17,8;54,0824;53,5853;56,5542;2142,99;54,0824;53,9814;45,6382;177,055;12,1035;670;670,3;49,0928;670;670,3;645;637,2;-0,299988;7,79999;49,0928;48,9743;50,6493;2088,26;49,0928;48,6475;42,6124;159,547;13,0887;670;670,3;40,9989;670;670,4;645;635,5;-0,400024;9,5;40,9989;41,1339;44,8665;1686,01;40,9989;41,3476;36,179;135,463;12,4463
10.10.2025 00:05:47.820000;0;0;670;670,7;86,16;670;670,7;645;615,9;-0,700012;29,1;86,16;86,6893;70,4002;3466,72;86,16;86,0741;61,0571;282,336;12,2787;670;670,8;68,2377;670;670,8;645;612,7;-0,799988;32,3;68,2377;69,7774;2749,71;68,7672;68,2377;223,387;68,1058;50,0383;12,3092;60,4353;669,8;670;669,8;670;645;617,4;0,200012;27,6;60,4353;59,0829;64,5663;2422,56;60,4353;58,8514;43,5054;193,033;12,55;670;670,1;54,0824;670;670,1;645;627;-0,0999756;18;54,0824;53,6221;56,562;2145,9;54,0824;54,0147;45,6172;177,181;12,1114;670;670,3;49,0914;670;670,3;645;637,2;-0,299988;7,79999;49,0914;49,0437;50,6402;2090,91;49,0914;48,6297;42,6651;159,505;13,1087;670;670,4;40,9068;670;670,4;645;635,5;-0,400024;9,5;40,9068;41,1648;44,8117;1688,88;40,9068;41,1611;36,2029;134,906;12,5189
10.10.2025 00:05:48.320000;0;0;670;670,8;86,0655;670;670,8;645;616;-0,799988;29;86,0655;86,6197;70,4465;3467,61;86,0655;86,2269;61,0325;282,888;12,2579;670;670,7;68,3227;670;670,7;645;612,6;-0,700012;32,4;68,3227;69,9236;2738,58;68,4371;68,3227;223,271;68,0705;50,0536;12,2657;60,3456;669,9;670;669,9;670;645;617,5;0,0999756;27,5;60,3456;59,1405;64,5669;2425,24;60,3456;58,8866;43,5241;193,187;12,5539;670;670,2;53,9921;670;670,2;645;626,9;-0,200012;18,1;53,9921;53,5391;56,598;2142,26;53,9921;54,0225;45,5586;177,207;12,0891;670;670,2;49,1806;670;670,1;645;637,2;-0,0999756;7,79999;49,1806;48,9792;50,6942;2088,47;49,1806;48,6492;42,6495;159,544;13,0903;670;670,4;40,9046;670;670,4;645;635,5;-0,400024;9,5;40,9046;41,2311;44,714;1690,47;40,9046;40,9418;36,2598;134,109;12,6052
10.10.2025 00:05:48.820000;0;0;670;670,8;86,0604;670;670,8;645;616;-0,799988;29;86,0604;86,9051;70,3827;3478,07;86,0604;86,4255;60,9398;283,567;12,2654;670;670,6;68,4087;670;670,6;645;612,6;-0,599976;32,4;68,4087;69,9746;2739,5;68,4762;68,4087;223,206;68,047;50,1455;12,2735;60,3456;669,9;670;669,9;670;645;617,6;0,0999756;27,4;60,3456;58,9186;64,7512;2414,38;60,3456;58,8911;43,4677;193,16;12,4994;670;670,2;53,9914;670;670,2;645;626,8;-0,200012;18,2;53,9914;53,4948;56,6593;2139,85;53,9914;54,0507;45,5028;177,27;12,0712;670;670,1;49,2705;670;670,1;645;637,2;-0,0999756;7,79999;49,2705;48,8518;50,8201;2083,52;49,2705;48,619;42,6197;159,517;13,0614;670;670,4;40,9024;670;670,4;645;635,5;-0,400024;9,5;40,9024;41,2031;44,6954;1689,33;40,9024;40,771;36,2728;133,684;12,6367
10.10.2025 00:05:49.320000;0;0;670;670,8;86,055;670;670,8;645;615,9;-0,799988;29,1;86,055;86,8577;70,4897;3475,86;86,055;86,6265;60,8297;284,186;12,2309;670;670,6;68,4051;670;670,6;645;612,5;-0,599976;32,5;68,4051;69,9746;2736,68;68,3776;68,4051;223,262;68,0558;50,1462;12,2577;60,3456;669,9;670;669,9;670;645;617,7;0,0999756;27,3;60,3456;59,0375;64,7745;2421,02;60,3456;58,9037;43,4815;193,217;12,5301;670;670,2;53,9907;670;670,2;645;626,6;-0,200012;18,4;53,9907;53,5655;56,6395;2145,72;53,9907;54,0241;45,511;177,199;12,1091;670;670;49,2705;670;670;645;637,3;0;7,70001;49,2705;49,0016;50,7618;2089,59;49,2705;48,6589;42,6742;159,575;13,0947;670;670,4;40,9002;670;670,4;645;635,5;-0,400024;9,5;40,9002;41,1993;44,6841;1689,17;40,9002;40,5876;36,3521;132,973;12,7031
10.10.2025 00:05:49.820000;0;0;670;670,9;85,9594;670;670,9;645;615,8;-0,900024;29,2;85,9594;86,8263;70,5515;3473,8;85,9594;86,7517;60,702;284,571;12,2072;670;670,6;68,4015;670;670,6;645;612,5;-0,599976;32,5;68,4015;69,8906;2749,82;68,6662;68,4015;223,618;68,1567;50,1291;12,297;60,3456;670;670;670;670;645;617,7;0;27,3;60,3456;59,1442;64,7947;2428,28;60,3456;58,8827;43,5371;193,071;12,5771;670;670,2;53,99;670;670,2;645;626,5;-0,200012;18,5;53,99;53,7774;56,5423;2153,4;53,99;54,0147;45,5852;177,091;12,1598;670;670;49,2705;670;670;645;637,2;0;7,79999;49,2705;49,0039;50,7702;2089,36;49,2705;48,6218;42,7086;159,48;13,1011;670;670,4;40,8981;670;670,4;645;635,5;-0,400024;9,5;40,8981;41,2428;44,6479;1690,63;40,8981;40,5071;36,4022;132,902;12,7209
10.10.2025 00:05:50.320000;0;0;670;671;85,8647;670;671;645;615,8;-1;29,2;85,8647;86,9362;70,5436;3479,86;85,8647;86,8206;60,6335;284,771;12,2198;670;670,5;68,4888;670;670,5;645;612,5;-0,5;32,5;68,4888;69,8898;2751,32;68,7315;68,4888;224,24;68,3189;50,1034;12,2695;60,3456;670;670;670;670;645;617,8;0;27,2;60,3456;59,2157;64,8099;2427,68;60,3456;58,8819;43,5796;193,171;12,5675;670;670,3;53,899;670;670,3;645;626,4;-0,299988;18,6;53,899;53,8181;56,4968;2153,28;53,899;53,9578;45,6208;176,917;12,1711;670;669,9;49,2705;670;669,9;645;637,3;0,0999756;7,70001;49,2705;49,0609;50,7492;2091,8;49,2705;48,6263;42,7452;159,443;13,1194;670;670,4;40,8963;670;670,3;645;635,6;-0,299988;9,40002;40,8963;41,2149;44,6491;1689,32;40,8963;40,58;36,386;133,167;12,6858
10.10.2025 00:05:50.820000;0;0;670;671,1;85,7678;670;671,1;645;615,8;-1,09998;29,2;85,7678;86,9334;70,5461;3478,91;85,7678;86,8242;60,4993;284,783;12,216;670;670,5;68,4859;670;670,5;645;612,7;-0,5;32,3;68,4859;69,873;2751,02;68,7559;68,4859;224,808;68,4999;50,0762;12,2372;60,3456;670;670;670;670;645;617,7;0;27,3;60,3456;59,2849;64,8371;2431;60,3456;58,8815;43,625;193,08;12,5907;670;670,3;53,8976;670;670,3;645;626,3;-0,299988;18,7;53,8976;53,9572;56,4774;2157,85;53,8976;53,849;45,6362;176,561;12,2216;670;669,9;49,2705;670;669,9;645;637,4;0,0999756;7,59998;49,2705;49,1339;50,7181;2095,71;49,2705;48,5307;42,8401;159,181;13,1656;670;670,4;40,8946;670;670,4;645;635,6;-0,400024;9,40002;40,8946;41,2659;44,6111;1692,07;40,8946;40,7373;36,3364;133,772;12,6489
10.10.2025 00:05:51.320000;0;0;670;671,2;85,6699;670;671,2;645;615,7;-1,20001;29,3;85,6699;86,5686;70,6431;3460,65;85,6699;86,8455;60,3826;284,804;12,151;670;670,7;68,3024;670;670,7;645;612,8;-0,700012;32,2;68,3024;69,8801;2758,02;68,915;68,3024;225,312;68,689;49,9927;12,2409;60,3456;669,9;670;669,9;670;645;617,5;0,0999756;27,5;60,3456;59,4374;64,818;2434,86;60,3456;58,8959;43,7038;193,171;12,6047;670;670,5;53,7151;670;670,5;645;626,2;-0,5;18,8;53,7151;53,9193;56,4416;2160,89;53,7151;53,7486;45,6362;176,188;12,2647;670;669,9;49,2705;670;669,9;645;637,4;0,0999756;7,59998;49,2705;49,1441;50,7153;2097,1;49,2705;48,5935;42,8508;159,398;13,1564;670;670,4;40,8924;670;670,4;645;635,5;-0,400024;9,5;40,8924;41,2783;44,5867;1691,63;40,8924;40,8922;36,3138;134,103;12,6144
10.10.2025 00:05:51.820000;0;0;670;671,2;85,6619;670;671,1;645;615,6;-1,09998;29,4;85,6619;86,4336;70,6997;3457,33;85,6619;86,7949;60,3294;284,61;12,1476;670;670,8;68,2077;670;670,8;645;613;-0,799988;32;68,2077;69,8855;2755,98;68,9599;68,2077;225,612;68,7608;49,8678;12,2156;60,3456;669,9;670;669,9;670;645;617,5;0,0999756;27,5;60,3456;59,4518;64,8627;2438,64;60,3456;58,8802;43,7438;193,024;12,6339;670;670,5;53,7122;670;670,6;645;626,2;-0,599976;18,8;53,7122;54,1013;56,3198;2166,54;53,7122;53,6403;45,6362;175,863;12,3195;670;670;49,2705;670;670;645;637,5;0;7,5;49,2705;49,1495;50,7139;2095,89;49,2705;48,7255;42,8275;159,961;13,1026;670;670,4;40,8902;670;670,4;645;635,5;-0,400024;9,5;40,8902;41,244;44,6178;1691;40,8902;40,9518;36,3138;134,437;12,5784
10.10.2025 00:05:52.320000;0;0;670;671,2;85,6545;670;671,2;645;615,5;-1,20001;29,5;85,6545;86,3996;70,6887;3458,76;85,6545;86,7094;60,3351;284,355;12,1635;670;670,9;68,1123;670;670,9;645;613,1;-0,900024;31,9;68,1123;69,9344;2751,03;68,7803;68,1123;225,691;68,8161;49,7743;12,1894;60,3456;669,9;670;670;670;645;617,4;0;27,6;60,3456;59,5347;64,868;2441,08;60,3456;58,8414;43,8299;193,09;12,6422;670;670,7;53,5286;670;670,7;645;626,1;-0,700012;18,9;53,5286;54,2697;56,1605;2171,98;53,5286;53,5349;45,6362;175,556;12,372;670;670;49,2705;670;670,1;645;637,5;-0,0999756;7,5;49,2705;49,1725;50,7038;2096,71;49,2705;48,9373;42,7673;160,617;13,0541;670;670,4;40,8882;670;670,4;645;635,5;-0,400024;9,5;40,8882;41,2167;44,6759;1690,52;40,8882;41,0539;36,286;134,657;12,5543
10.10.2025 00:05:52.820000;0;0;670;671,2;85,6465;670;671,2;645;615,5;-1,20001;29,5;85,6465;86,453;70,6303;3461,78;85,6465;86,629;60,2675;284,056;12,187;670;671;68,0161;670;671;645;613,2;-1;31,8;68,0161;69,9344;2747,63;68,6753;68,0161;225,328;68,7314;49,7282;12,1939;60,3456;669,9;670;669,9;670;645;617,1;0,0999756;27,9;60,3456;59,5252;64,9187;2441,81;60,3456;58,9406;43,8204;193,357;12,6285;670;670,7;53,5242;670;670,7;645;626,2;-0,700012;18,8;53,5242;54,2644;56,0766;2170,33;53,5242;53,5087;45,6362;175,438;12,3709;670;670,2;49,1804;670;670,2;645;637,5;-0,200012;7,5;49,1804;49,1954;50,704;2098,17;49,1804;49,048;42,7371;160,987;13,0332;670;670,3;40,9763;670;670,3;645;635,5;-0,299988;9,5;40,9763;41,2008;44,7036;1688,59;40,9763;41,1135;36,2928;134,95;12,5127
10.10.2025 00:05:53.320000;0;0;670;671;85,8187;670;671;645;615,3;-1;29,7;85,8187;86,8914;70,4572;3481,93;85,8187;86,5253;60,25;283,715;12,2726;670;671,1;67,9192;670;671,1;645;613,3;-1,09998;31,7;67,9192;69,9344;2747,68;68,6647;67,9192;224,871;68,5968;49,7049;12,219;60,3456;669,9;670;669,9;670;645;617;0,0999756;28;60,3456;59,561;64,944;2442,64;60,3456;59,0607;43,8178;193,849;12,6007;670;670,7;53,5199;670;670,7;645;626,1;-0,700012;18,9;53,5199;54,1698;56,0847;2166,22;53,5199;53,4566;45,6362;175,339;12,3545;670;670,3;49,0893;670;670,3;645;637,5;-0,299988;7,5;49,0893;49,2009;50,704;2097,44;49,0893;49,2153;42,708;161,505;12,9869;670;670,4;40,8843;670;670,5;645;635,5;-0,5;9,5;40,8843;41,1909;44,7036;1688,99;40,8843;41,1988;36,2127;135,133;12,4987
10.10.2025 00:05:53.820000;0;0;670;671;85,8121;670;671;645;615,2;-1;29,8;85,8121;87,2111;70,1681;3491,78;85,8121;86,3386;60,3581;283,075;12,3352;670;671,1;67,9119;670;671,2;645;613,3;-1,20001;31,7;67,9119;69,9331;2736,8;68,4207;67,9119;224,127;68,3785;49,7577;12,2109;60,3456;669,9;670;669,9;670;645;617;0,0999756;28;60,3456;59,593;64,969;2443,31;60,3456;59,1948;43,8004;194,184;12,5824;670;670,6;53,6059;670;670,6;645;626,1;-0,599976;18,9;53,6059;54,0626;56,1522;2162,45;53,6059;53,4848;45,6454;175,456;12,3248;670;670,4;48,9976;670;670,4;645;637,5;-0,400024;7,5;48,9976;49,2155;50,704;2096,95;48,9976;49,314;42,6263;161,801;12,9601;670;670,4;40,8815;670;670,5;645;635,5;-0,5;9,5;40,8815;41,1804;44,7036;1687,76;40,8815;41,266;36,1292;135,468;12,4587
10.10.2025 00:05:54.320000;0;0;670;671;85,8056;670;671;645;615,4;-1;29,6;85,8056;87,3318;69,9496;3494,52;85,8056;86,1415;60,4124;282,441;12,3726;670;671,2;67,814;670;671,2;645;613,3;-1,20001;31,7;67,814;69,7691;2747,6;68,6427;67,814;223,687;68,2287;49,7556;12,2832;60,3456;669,9;670;669,8;670;645;616,9;0,200012;28,1;60,3456;59,5895;65,0118;2443,81;60,3456;59,2957;43,776;194,606;12,5578;670;670,6;53,6023;670;670,6;645;626,3;-0,599976;18,7;53,6023;53,8235;56,2535;2150,12;53,6023;53,484;45,6456;175,44;12,2556;670;670,5;48,9053;670;670,5;645;637,4;-0,5;7,59998;48,9053;49,2427;50,7568;2099,23;48,9053;49,4425;42,5189;162,248;12,9384;670;670,4;40,8789;670;670,4;645;635,5;-0,400024;9,5;40,8789;41,1653;44,7508;1687,46;40,8789;41,3515;36,1027;135,607;12,4437
10.10.2025 00:05:54.820000;0;0;670;671;85,7991;670;671;645;615,4;-1;29,6;85,7991;87,3544;69,8084;3494,61;85,7991;86,031;60,4422;282,109;12,3874;670;671,3;67,716;670;671,3;645;613,3;-1,29999;31,7;67,716;69,6456;2752,37;68,7179;67,716;223,342;68,1097;49,7834;12,3236;60,4362;669,8;670;669,8;670;645;616,9;0,200012;28,1;60,4362;59,4729;65,1631;2437,59;60,4362;59,3527;43,7132;194,646;12,5232;670;670,5;53,6891;670;670,5;645;626,3;-0,5;18,7;53,6891;53,5551;56,3301;2142,9;53,6891;53,5173;45,6386;175,557;12,2063;670;670,6;48,8122;670;670,6;645;637,4;-0,599976;7,59998;48,8122;49,1805;50,839;2095,94;48,8122;49,5226;42,4168;162,468;12,9006;670;670,5;40,7862;670;670,5;645;635,5;-0,5;9,5;40,7862;41,083;44,7962;1685,52;40,7862;41,3452;36,0412;135,634;12,427
10.10.2025 00:05:55.320000;0;0;670;670,9;85,8829;670;670,9;645;615,6;-0,900024;29,4;85,8829;87,5162;69,5858;3500,45;85,8829;85,916;60,4903;281,753;12,4238;670;671,3;67,7072;670;671,3;645;613,3;-1,29999;31,7;67,7072;69,488;2757,51;68,8981;67,7072;223,188;68,0568;49,7485;12,3551;60,4369;669,8;670;669,8;670;645;617;0,200012;28;60,4369;59,4542;65,2298;2441,82;60,4369;59,3387;43,7117;194,695;12,5417;670;670,5;53,6862;670;670,4;645;626,3;-0,400024;18,7;53,6862;53,5667;56,3256;2143,37;53,6862;53,558;45,6386;175,709;12,1984;670;670,7;48,7181;670;670,7;645;637,3;-0,700012;7,70001;48,7181;49,1612;50,8912;2096,39;48,7181;49,571;42,3155;162,58;12,8945;670;670,5;40,7838;670;670,5;645;635,6;-0,5;9,40002;40,7838;41,1257;44,7336;1686,63;40,7838;41,2485;36,0885;135,077;12,4865
10.10.2025 00:05:55.820000;0;0;670;670,9;85,8771;670;670,9;645;615,7;-0,900024;29,3;85,8771;87,4526;69,5054;3497,9;85,8771;85,8598;60,4903;281,582;12,4223;670;671,4;67,6081;670;671,4;645;613,1;-1,40002;31,9;67,6081;69,2797;2767,09;69,1616;67,6081;223,071;68,0172;49,7075;12,4045;60,528;669,7;670;669,7;670;645;616,9;0,299988;28,1;60,528;59,9001;65,0941;2455,23;60,528;59,376;43,89;194,74;12,6077;670;670,4;53,7739;670;670,4;645;626,2;-0,400024;18,8;53,7739;53,6755;56,3187;2146,44;53,7739;53,6296;45,6386;175,943;12,1996;670;670,7;48,7138;670;670,7;645;637,3;-0,700012;7,70001;48,7138;49,2093;50,8696;2099,56;48,7138;49,5401;42,2765;162,453;12,9241;670;670,4;40,8712;670;670,4;645;635,6;-0,400024;9,40002;40,8712;41,1327;44,716;1685,96;40,8712;41,0203;36,1661;134,469;12,5379
10.10.2025 00:05:56.320000;0;0;670;670,9;85,8713;670;670,9;645;615,8;-0,900024;29,2;85,8713;87,1557;69,5671;3483,78;85,8713;85,8303;60,4903;281,519;12,375;670;671,4;67,5987;670;671,4;645;612,9;-1,40002;32,1;67,5987;69,2078;2765,82;69,1539;67,5987;223,018;67,9952;49,6927;12,4018;60,5295;669,7;670;669,7;670;645;617;0,299988;28;60,5295;60,1216;65,0112;2466,11;60,5295;59,3773;44,013;194,815;12,6588;670;670,2;53,9519;670;670,2;645;626,1;-0,200012;18,9;53,9519;53,5544;56,3805;2141,59;53,9519;53,6895;45,6243;176,132;12,159;670;670,8;48,619;670;670,8;645;637,4;-0,799988;7,59998;48,619;49,2404;50,8293;2099,45;48,619;49,4706;42,2169;162,153;12,9474;670;670,4;40,869;670;670,4;645;635,6;-0,400024;9,40002;40,869;41,1557;44,624;1686,9;40,869;40,8684;36,1847;133,885;12,5996
10.10.2025 00:05:56.820000;0;0;670;670,7;86,0465;670;670,7;645;615,9;-0,700012;29,1;86,0465;86,8628;69,7422;3470,79;86,0465;85,7652;60,5684;281,271;12,3396;670;671,4;67,5893;670;671,4;645;612,8;-1,40002;32,2;67,5893;69,0821;2770,96;69,2462;67,5893;222,908;67,9722;49,6786;12,4309;60,4407;669,8;670;669,8;670;645;617,2;0,200012;27,8;60,4407;60,1485;64,9689;2467,05;60,4407;59,4458;44,0401;195,008;12,651;670;670,1;54,0413;670;670,1;645;626,1;-0,0999756;18,9;54,0413;53,4969;56,5201;2144,25;54,0413;53,7041;45,5881;176,112;12,1755;670;670,8;48,6129;670;670,8;645;637,4;-0,799988;7,59998;48,6129;49,2262;50,7667;2099,01;48,6129;49,2164;42,2652;161,391;13,0057;670;670,2;41,0471;670;670,2;645;635,6;-0,200012;9,40002;41,0471;41,068;44,7049;1683,95;41,0471;40,6906;36,2583;133,452;12,6184
10.10.2025 00:05:57.320000;0;0;670;670,6;86,1328;670;670,5;645;616;-0,5;29;86,1328;86,3094;70,0398;3451,04;86,1328;85,7577;60,623;281,311;12,2677;670;671,4;67,5798;670;671,4;645;612,7;-1,40002;32,3;67,5798;68,995;2770,43;69,2329;67,5798;222,814;67,9349;49,6723;12,4338;60,3509;669,9;670;669,9;670;645;617,2;0,0999756;27,8;60,3509;60,2433;64,882;2467,9;60,3509;59,5542;44,0767;195,479;12,6249;670;670,1;54,0413;670;670,1;645;626;-0,0999756;19;54,0413;53,7326;56,4655;2151,44;54,0413;53,7112;45,6301;176,147;12,2139;670;670,8;48,6078;670;670,8;645;637,5;-0,799988;7,5;48,6078;49,2409;50,7185;2099,14;48,6078;49,0469;42,3027;160,797;13,0546;670;670,2;41,0464;670;670,2;645;635,5;-0,200012;9,5;41,0464;41,0328;44,7101;1682,34;41,0464;40,5526;36,3629;133,013;12,648
10.10.2025 00:05:57.820000;0;0;670;670,5;86,2198;670;670,5;645;616,2;-0,5;28,8;86,2198;86,1071;70,0839;3444,7;86,2198;85,7478;60,6356;281,294;12,2459;670;671,4;67,5704;670;671,4;645;612,6;-1,40002;32,4;67,5704;68,9485;2767,51;69,1481;67,5704;222,807;67,909;49,6626;12,4211;60,3509;670;670;670,1;670;645;617,3;-0,0999756;27,7;60,3509;60,0489;64,9856;2460,72;60,3509;59,6886;43,9727;195,864;12,5634;670;670;54,0413;670;670;645;625,9;0;19,1;54,0413;53,8401;56,4222;2157,66;54,0413;53,7084;45,6626;176,18;12,2469;670;670,8;48,6027;670;670,8;645;637,6;-0,799988;7,40002;48,6027;49,2217;50,6198;2098,65;48,6027;48,8521;42,3632;160,196;13,1005;670;670;41,1362;670;670;645;635,5;0;9,5;41,1362;41,0474;44,7104;1682,94;41,1362;40,4926;36,4214;132,842;12,6688
10.10.2025 00:05:58.320000;0;0;670;670,5;86,2169;670;670,5;645;616,2;-0,5;28,8;86,2169;86,1619;70,079;3448,97;86,2169;85,7068;60,6913;281,052;12,2717;670;671,4;67,5591;670;671,4;645;612,5;-1,40002;32,5;67,5591;68,9036;2763,9;69,0698;67,5591;222,745;67,91;49,6373;12,4084;60,2606;670,2;670;670,2;670;645;617,2;-0,200012;27,8;60,2606;59,8751;65,0484;2454,88;60,2606;59,7973;43,8772;196,135;12,5163;670;670;54,0413;670;670;645;625,8;0;19,2;54,0413;54,0124;56,3732;2160,72;54,0413;53,6863;45,7327;176,104;12,2696;670;670,7;48,6882;670;670,7;645;637,6;-0,700012;7,40002;48,6882;49,2491;50,5187;2099,5;48,6882;48,7192;42,4195;159,722;13,1447;670;670;41,1362;670;670;645;635,4;0;9,59998;41,1362;41,0363;44,7104;1682,01;41,1362;40,6183;36,3932;133,254;12,6226
10.10.2025 00:05:58.820000;0;0;670;670,5;86,214;670;670,5;645;616,3;-0,5;28,7;86,214;86,4359;70,0173;3459,3;86,214;85,5885;60,7899;280,666;12,3253;670;671,4;67,5496;670;671,4;645;612,4;-1,40002;32,6;67,5496;69,0092;2747,61;68,6627;67,5496;222,488;67,8316;49,6505;12,3495;60,1695;670,3;670;670,3;670;645;617;-0,299988;28;60,1695;59,9629;64,9714;2456,88;60,1695;59,7952;43,9057;196,103;12,5285;670;670,1;54,0413;670;670,1;645;625,7;-0,0999756;19,3;54,0413;54,1444;56,3716;2166,16;54,0413;53,6661;45,7685;175,986;12,3087;670;670,6;48,774;670;670,6;645;637,6;-0,599976;7,40002;48,774;49,1741;50,5121;2095,98;48,774;48,5357;42,4397;159,158;13,1692;670;670;41,1362;670;670;645;635,4;0;9,59998;41,1362;40,9845;44,7388;1680,21;41,1362;40,8321;36,2999;134,019;12,537
10.10.2025 00:05:59.320000;0;0;670;670,6;86,1211;670;670,6;645;616,4;-0,599976;28,6;86,1211;86,3214;70,0666;3452,64;86,1211;85,5475;60,842;280,557;12,3064;670;671,3;67,6303;670;671,3;645;612,3;-1,29999;32,7;67,6303;69,2864;2721,2;68,0027;67,6303;222,303;67,7754;49,6579;12,2409;60,1676;670,3;670;670,3;670;645;616,8;-0,299988;28,2;60,1676;59,8833;65,019;2455,22;60,1676;59,743;43,8962;195,957;12,5294;670;670,2;53,9506;670;670,2;645;625,6;-0,200012;19,4;53,9506;53,9992;56,3725;2160,83;53,9506;53,6258;45,7644;175,893;12,2849;670;670,6;48,7704;670;670,6;645;637,5;-0,599976;7,5;48,7704;49,1139;50,567;2094,22;48,7704;48,4171;42,5345;158,808;13,1871;670;670;41,1362;670;670;645;635,3;0;9,70001;41,1362;40,992;44,7386;1681,31;41,1362;40,9801;36,2793;134,44;12,506
10.10.2025 00:05:59.820000;0;0;670;670,6;86,1167;670;670,6;645;616,5;-0,599976;28,5;86,1167;86,3237;70,0158;3454,33;86,1167;85,4894;60,8678;280,405;12,3191;670;671,2;67,7119;670;671,2;645;612,1;-1,20001;32,9;67,7119;69,3639;2705,24;67,6041;67,7119;222,163;67,7328;49,6975;12,1768;60,2566;670,2;670;670,2;670;645;616,8;-0,200012;28,2;60,2566;59,7355;65,1574;2447,72;60,2566;59,6808;43,8806;195,689;12,5082;670;670,2;53,9499;670;670,2;645;625,6;-0,200012;19,4;53,9499;54,0315;56,3713;2161,01;53,9499;53,6379;45,7736;175,932;12,2832;670;670,5;48,8572;670;670,5;645;637,6;-0,5;7,40002;48,8572;49,1596;50,5735;2096,16;48,8572;48,4136;42,5921;158,848;13,196;670;670;41,1362;670;670,1;645;635,3;-0,0999756;9,70001;41,1362;41,0443;44,7171;1682,98;41,1362;41,1174;36,2793;134,929;12,473
10.10.2025 00:06:00.320000;0;0;670;670,6;86,1131;670;670,6;645;616,5;-0,599976;28,5;86,1131;86,5358;69,8957;3462,81;86,1131;85,4234;60,93;280,189;12,3589;670;671;67,8848;670;671;645;611,9;-1;33,1;67,8848;69,3482;2720,29;67,9801;67,8848;222,101;67,7137;49,7383;12,248;60,2559;670,2;670;670,2;670;645;616,8;-0,200012;28,2;60,2559;59,6531;65,2277;2445,46;60,2559;59,6186;43,8806;195,523;12,5072;670;670,2;53,9492;670;670,2;645;625,7;-0,200012;19,3;53,9492;53,9189;56,3713;2158,26;53,9492;53,607;45,7878;175,818;12,2755;670;670,5;48,8543;670;670,4;645;637,6;-0,400024;7,40002;48,8543;49,1837;50,5477;2097,51;48,8543;48,5901;42,5372;159,427;13,1566;670;670;41,1362;670;670;645;635,3;0;9,70001;41,1362;41,0828;44,7208;1684,39;41,1362;41,1882;36,2761;135,097;12,468
10.10.2025 00:06:00.820000;0;0;670;670,5;86,1999;670;670,5;645;616,6;-0,5;28,4;86,1999;86,6017;69,8866;3464,49;86,1999;85,3321;61,0466;279,851;12,3798;670;670,7;68,1491;670;670,7;645;611,7;-0,700012;33,3;68,1491;69,3475;2722,48;68,0389;68,1491;221,905;67,6618;49,8035;12,2687;60,2552;670,2;670;670,2;670;645;616,7;-0,200012;28,3;60,2552;59,9069;65,1243;2455,22;60,2552;59,5198;44,003;195,186;12,5789;670;670,3;53,8582;670;670,3;645;625,8;-0,299988;19,2;53,8582;53,9108;56,3713;2157,45;53,8582;53,5905;45,7854;175,764;12,2747;670;670,4;48,942;670;670,4;645;637,5;-0,400024;7,5;48,942;49,2557;50,5421;2100,58;48,942;48,7343;42,5248;159,9;13,1368;670;670,1;41,1362;670;670,1;645;635,3;-0,0999756;9,70001;41,1362;41,0594;44,7774;1683,1;41,1362;41,2738;36,2302;135,442;12,4267
10.10.2025 00:06:01.320000;0;0;670;670,6;86,1065;670;670,6;645;616,7;-0,599976;28,3;86,1065;86,6225;69,8073;3465,01;86,1065;85,2591;61,0894;279,65;12,3905;670;670,5;68,3249;670;670,5;645;611,6;-0,5;33,4;68,3249;69,3477;2726,73;68,129;68,3249;221,719;67,6011;49,914;12,2982;60,345;670,1;670;670,1;670;645;616,8;-0,0999756;28,2;60,345;59,7784;65,258;2451,24;60,345;59,4828;43,981;195,104;12,5638;670;670,2;53,9471;670;670,2;645;626;-0,200012;19;53,9471;53,9217;56,3713;2157,41;53,9471;53,5537;45,8387;175,656;12,282;670;670,3;49,0303;670;670,3;645;637,5;-0,299988;7,5;49,0303;49,2472;50,5778;2100,06;49,0303;48,8661;42,511;160,294;13,1013;670;670,1;41,1362;670;670,1;645;635,4;-0,0999756;9,59998;41,1362;41,0707;44,798;1684,07;41,1362;41,3079;36,2113;135,477;12,4307
10.10.2025 00:06:01.820000;0;0;670;670,6;86,1029;670;670,6;645;616,7;-0,599976;28,3;86,1029;86,1997;70,0025;3448,41;86,1029;85,2315;61,1493;279,528;12,3366;670;670,3;68,5021;670;670,3;645;611,6;-0,299988;33,4;68,5021;69,401;2726,46;68,1224;68,5021;221,582;67,557;49,9615;12,3045;60,345;670;670;670;670;645;616,8;0;28,2;60,345;59,8494;65,2498;2453,51;60,345;59,4188;44,0512;194,89;12,5892;670;670,3;53,8561;670;670,3;645;626,2;-0,299988;18,8;53,8561;53,9832;56,3573;2159,71;53,8561;53,5326;45,8382;175,57;12,3011;670;670,3;49,0288;670;670,3;645;637,5;-0,299988;7,5;49,0288;49,2213;50,5833;2098,32;49,0288;48,9622;42,4866;160,657;13,0609;670;670,2;41,0461;670;670,2;645;635,4;-0,200012;9,59998;41,0461;41,1133;44,8164;1685,94;41,0461;41,3723;36,1946;135,75;12,4195
10.10.2025 00:06:02.320000;0;0;670;670,6;86,0993;670;670,6;645;616,8;-0,599976;28,2;86,0993;86,0862;70,0025;3442,9;86,0993;85,2263;61,1967;279,568;12,3151;670;670,3;68,5007;670;670,3;645;611,6;-0,299988;33,4;68,5007;69,5291;2723,6;68,0788;68,5007;221,802;67,6069;49,953;12,2794;60,345;670;670;670;670;645;616,8;0;28,2;60,345;59,6074;65,4022;2441,67;60,345;59,3906;43,9821;194,827;12,5325;670;670,2;53,9451;670;670,2;645;626,4;-0,200012;18,6;53,9451;54,1043;56,3401;2165,51;53,9451;53,4809;45,9135;175,392;12,3467;670;670,2;49,118;670;670,2;645;637,5;-0,200012;7,5;49,118;49,2135;50,6259;2098,14;49,118;49,0437;42,4867;160,876;13,042;670;670,2;41,0454;670;670,2;645;635,5;-0,200012;9,5;41,0454;41,0765;44,8487;1683,98;41,0454;41,3756;36,15;135,674;12,412
10.10.2025 00:06:02.820000;0;0;670;670,7;86,005;670;670,7;645;616,9;-0,700012;28,1;86,005;86,1824;69,9628;3447,39;86,005;85,2667;61,1929;279,713;12,3247;670;670,2;68,5897;670;670,2;645;611,7;-0,200012;33,3;68,5897;69,7287;2713,78;67,8333;68,5897;222,371;67,7724;49,8145;12,2039;60,4355;669,8;670;669,8;670;645;617;0,200012;28;60,4355;59,3668;65,6205;2433,72;60,4355;59,3444;43,9364;194,624;12,5047;670;670,1;54,0349;670;670,1;645;626,5;-0,0999756;18,5;54,0349;54,2452;56,3085;2170,81;54,0349;53,4503;45,9905;175,33;12,3813;670;670,2;49,1173;670;670,2;645;637,5;-0,200012;7,5;49,1173;49,1713;50,6259;2097,14;49,1173;49,0797;42,4867;160,994;13,0262;670;670,3;40,9546;670;670,3;645;635,5;-0,299988;9,5;40,9546;41,1086;44,8354;1685,77;40,9546;41,3606;36,1413;135,675;12,425
10.10.2025 00:06:03.320000;0;0;670;670,7;86,0006;670;670,7;645;616,9;-0,700012;28,1;86,0006;85,7451;70,0816;3429,36;86,0006;85,396;61,0692;280,163;12,2406;670;670,2;68,589;670;670,2;645;611,8;-0,200012;33,2;68,589;69,8281;2710,19;67,7197;68,589;222,949;67,9565;49,7585;12,1561;60,4362;669,8;670;669,8;670;645;617;0,200012;28;60,4362;59,5177;65,6018;2441,19;60,4362;59,3248;43,976;194,598;12,5447;670;670;54,0349;670;670;645;626,4;0;18,6;54,0349;54,2764;56,2843;2172,41;54,0349;53,4268;46,0329;175,253;12,3959;670;670,2;49,1165;670;670,2;645;637,4;-0,200012;7,59998;49,1165;49,1552;50,6259;2095,98;49,1165;49,1295;42,4867;161,161;13,0055;670;670,4;40,8631;670;670,4;645;635,5;-0,400024;9,5;40,8631;41,1354;44,7651;1687,03;40,8631;41,1991;36,1529;135,033;12,4934
10.10.2025 00:06:03.820000;0;0;670;670,6;86,0864;670;670,6;645;616,9;-0,599976;28,1;86,0864;85,5585;70,1922;3425,46;86,0864;85,5848;60,9729;280,834;12,1975;670;670,3;68,4979;670;670,3;645;611,9;-0,299988;33,1;68,4979;69,7947;2714,79;67,7907;68,4979;223,262;68,0519;49,7353;12,1597;60,3473;669,9;670;669,9;670;645;617;0,0999756;28;60,3473;59,8147;65,5434;2453,52;60,3473;59,2796;44,1299;194,411;12,6202;670;669,9;54,0349;670;669,9;645;626,4;0,0999756;18,6;54,0349;54,4166;56,2011;2178,37;54,0349;53,4641;46,0508;175,375;12,4212;670;670,1;49,2062;670;670,1;645;637,4;-0,0999756;7,59998;49,2062;49,1619;50,6259;2095,94;49,2062;49,1288;42,4867;161,155;13,0057;670;670,4;40,8609;670;670,4;645;635,5;-0,400024;9,5;40,8609;41,1714;44,727;1688,35;40,8609;40,9988;36,1891;134,425;12,5598
10.10.2025 00:06:04.320000;0;0;670;670,6;86,0827;670;670,6;645;617;-0,599976;28;86,0827;85,827;70,1203;3436,01;86,0827;85,8241;60,9729;281,554;12,2037;670;670,4;68,4062;670;670,4;645;612;-0,400024;33;68,4062;69,6455;2721,23;68,0515;68,4062;223,658;68,1846;49,7818;12,1669;60,4377;669,8;670;669,8;670;645;617,1;0,200012;27,9;60,4377;59,8088;65,5318;2453,76;60,4377;59,3022;44,1476;194,563;12,6117;670;669,8;54,125;670;669,8;645;626,5;0,200012;18,5;54,125;54,283;56,2518;2171,23;54,125;53,5255;46,0559;175,602;12,3645;670;670,2;49,1157;670;670,2;645;637,4;-0,200012;7,59998;49,1157;49,1863;50,6259;2097,31;49,1157;49,1548;42,4867;161,228;13,0083;670;670,3;40,9494;670;670,3;645;635,5;-0,299988;9,5;40,9494;41,2338;44,662;1691,06;40,9494;40,7854;36,2299;133,699;12,6483
10.10.2025 00:06:04.820000;0;0;670;670,7;85,9889;670;670,7;645;617;-0,700012;28;85,9889;86,0937;70,044;3446,4;85,9889;85,9933;60,9729;282,109;12,2165;670;670,4;68,4041;670;670,4;645;612,1;-0,400024;32,9;68,4041;69,7367;2718,43;67,9135;68,4041;223,933;68,2605;49,6835;12,1395;60,3477;669,9;670;669,9;670;645;617,2;0,0999756;27,8;60,3477;60,0467;65,3877;2462,87;60,3477;59,4215;44,2275;194,902;12,6364;670;669,8;54,1257;670;669,8;645;626,6;0,200012;18,4;54,1257;54,1398;56,3249;2167,1;54,1257;53,6019;46,0896;175,853;12,3234;670;670,2;49,1149;670;670,2;645;637,4;-0,200012;7,59998;49,1149;49,13;50,6259;2094,26;49,1149;49,1609;42,4867;161,248;12,9879;670;670,3;40,9479;670;670,2;645;635,5;-0,200012;9,5;40,9479;41,2543;44,6384;1691,27;40,9479;40,596;36,3174;133,142;12,7027
10.10.2025 00:06:05.320000;0;0;670;670,8;85,8943;670;670,8;645;617;-0,799988;28;85,8943;86,3132;70,0063;3454,71;85,8943;86,1421;60,9129;282,623;12,2237;670;670,3;68,492;670;670,3;645;612,1;-0,299988;32,9;68,492;69,79;2715,33;67,8482;68,492;224,177;68,3427;49,6078;12,1125;60,3477;670,1;670;670,1;670;645;617,3;-0,0999756;27,7;60,3477;60,068;65,3865;2462,63;60,3477;59,5155;44,2343;195,266;12,6116;670;669,8;54,1264;670;669,8;645;626,7;0,200012;18,3;54,1264;54,0956;56,3249;2165,97;54,1264;53,6489;46,0823;175,998;12,3068;670;670,3;49,0236;670;670,3;645;637,4;-0,299988;7,59998;49,0236;49,0094;50,6551;2088,64;49,0236;49,1648;42,4622;161,277;12,9507;670;670,2;41,0371;670;670,2;645;635,4;-0,200012;9,59998;41,0371;41,2631;44,6691;1692,11;41,0371;40,4472;36,4369;132,503;12,7704
10.10.2025 00:06:05.820000;0;0;670;670,9;85,7988;670;670,9;645;616,9;-0,900024;28,1;85,7988;86,4102;70,0086;3457,79;85,7988;86,2518;60,8148;282,932;12,2213;670;670,3;68,4905;670;670,3;645;612;-0,299988;33;68,4905;69,8396;2716,24;67,8988;68,4905;224,293;68,378;49,5896;12,1103;60,3477;670,1;670;670,1;670;645;617,5;-0,0999756;27,5;60,3477;60,0251;65,421;2460,71;60,3477;59,5977;44,2089;195,506;12,5863;670;669,7;54,2175;670;669,7;645;626,8;0,299988;18,2;54,2175;54,0425;56,3632;2162,24;54,2175;53,6724;46,0735;176,058;12,2814;670;670,3;49,0221;670;670,3;645;637,4;-0,299988;7,59998;49,0221;48,8997;50,7196;2085,4;49,0221;49,1687;42,4086;161,286;12,9298;670;670,2;41,0364;670;670,2;645;635,4;-0,200012;9,59998;41,0364;41,3311;44,6246;1694,58;41,0364;40,3493;36,5135;132,346;12,8042
10.10.2025 00:06:06.320000;0;0;670;670,9;85,793;670;670,9;645;617;-0,900024;28;85,793;86,4239;70,0353;3457,06;85,793;86,3314;60,7542;283,193;12,2075;670;670,3;68,4891;670;670,3;645;612;-0,299988;33;68,4891;69,8705;2718,09;67,905;68,4891;224,347;68,3907;49,5565;12,1155;60,3477;670,1;670;670,1;670;645;617,6;-0,0999756;27,4;60,3477;59,959;65,4714;2458,32;60,3477;59,6691;44,1702;195,753;12,5583;670;669,6;54,3093;670;669,6;645;626,9;0,400024;18,1;54,3093;53,9185;56,4807;2157,6;54,3093;53,6928;46,0292;176,138;12,2495;670;670,4;48,9301;670;670,4;645;637,4;-0,400024;7,59998;48,9301;48,9681;50,6931;2088,32;48,9301;49,1694;42,4113;161,224;12,9529;670;670;41,1263;670;670;645;635,4;0;9,59998;41,1263;41,335;44,6596;1693,46;41,1263;40,4282;36,5592;132,694;12,7621
10.10.2025 00:06:06.820000;0;0;670;671;85,6967;670;671;645;617;-1;28;85,6967;86,366;70,0356;3456,5;85,6967;86,4058;60,651;283,439;12,1949;670;670,4;68,3975;670;670,4;645;612,1;-0,400024;32,9;68,3975;69,7861;2726,61;68,1179;68,3975;224,259;68,375;49,6302;12,1583;60,3477;670,1;670;670,1;670;645;617,6;-0,0999756;27,4;60,3477;59,9356;65,5011;2457,52;60,3477;59,6847;44,1651;195,729;12,5557;670;669,6;54,3115;670;669,6;645;626,9;0,400024;18,1;54,3115;53,73;56,5982;2148,94;54,3115;53,7358;45,9826;176,255;12,1922;670;670,5;48,8378;670;670,5;645;637,4;-0,5;7,59998;48,8378;48,9355;50,6979;2086,61;48,8378;49,1381;42,3788;161,187;12,9453;670;669,9;41,1263;670;669,9;645;635,4;0,0999756;9,59998;41,1263;41,2444;44,7018;1690,86;41,1263;40,6553;36,5019;133,53;12,6628
10.10.2025 00:06:07.320000;0;0;670;671;85,6905;670;671;645;617;-1;28;85,6905;86,2264;70,0957;3450,12;85,6905;86,4443;60,5937;283,55;12,1676;670;670,4;68,3953;670;670,4;645;612,2;-0,400024;32,8;68,3953;69,7525;2724,48;68,1168;68,3953;224,346;68,398;49,6107;12,1441;60,3477;670,1;670;670,1;670;645;617,6;-0,0999756;27,4;60,3477;59,8964;65,5426;2456,87;60,3477;59,6451;44,1748;195,636;12,5584;670;669,5;54,4043;670;669,4;645;627;0,599976;18;54,4043;53,6963;56,6976;2148,55;54,4043;53,7354;45,9826;176,252;12,1902;670;670,5;48,8349;670;670,5;645;637,3;-0,5;7,70001;48,8349;48,9717;50,688;2089,27;48,8349;49,1416;42,3622;161,197;12,961;670;670,1;41,1263;670;670;645;635,4;0;9,59998;41,1263;41,2014;44,7105;1688,94;41,1263;40,7921;36,4656;133,811;12,6218
10.10.2025 00:06:07.820000;0;0;670;671,1;85,5933;670;671,1;645;617;-1,09998;28;85,5933;86,2316;70,1242;3450,48;85,5933;86,494;60,4852;283,713;12,1619;670;670,4;68,3932;670;670,4;645;612,4;-0,400024;32,6;68,3932;69,8004;2724,63;68,0646;68,3932;224,394;68,4127;49,5686;12,1422;60,3477;670,1;670;670,1;670;645;617,7;-0,0999756;27,3;60,3477;59,9555;65,5326;2458,65;60,3477;59,5855;44,2362;195,415;12,5817;670;669,4;54,4979;670;669,4;645;627;0,599976;18;54,4979;53,7489;56,757;2149,38;54,4979;53,7582;45,9826;176,327;12,1897;670;670,6;48,7419;670;670,6;645;637,3;-0,599976;7,70001;48,7419;48,9955;50,6758;2088,37;48,7419;49,137;42,3493;161,195;12,9555;670;670;41,1263;670;670;645;635,4;0;9,59998;41,1263;41,2007;44,7105;1689,39;41,1263;40,9207;36,4267;134,297;12,5795
10.10.2025 00:06:08.320000;0;0;670;671,2;85,497;670;671,2;645;617;-1,20001;28;85,497;86,1237;70,2269;3447,28;85,497;86,5657;60,3706;283,974;12,1394;670;670,5;68,3014;670;670,5;645;612,5;-0,5;32,5;68,3014;69,8038;2726,53;68,1159;68,3014;224,525;68,449;49,563;12,1435;60,2575;670,2;670;670,2;670;645;617,8;-0,200012;27,2;60,2575;60,1672;65,3959;2467,18;60,2575;59,5668;44,3486;195,392;12,6268;670;669,4;54,5008;670;669,4;645;627;0,599976;18;54,5008;53,726;56,8032;2147,53;54,5008;53,7511;45,9826;176,316;12,18;670;670,6;48,739;670;670,6;645;637,3;-0,599976;7,70001;48,739;48,9712;50,7039;2087,81;48,739;49,1612;42,2866;161,236;12,9488;670;670,1;41,1263;670;670,1;645;635,3;-0,0999756;9,70001;41,1263;41,1655;44,7105;1688,08;41,1263;40,9331;36,4261;134,183;12,5804
10.10.2025 00:06:08.820000;0;0;670;671,3;85,3985;670;671,3;645;616,9;-1,29999;28,1;85,3985;86,1417;70,2762;3447,77;85,3985;86,6383;60,2318;284,173;12,1326;670;670,5;68,2985;670;670,5;645;612,6;-0,5;32,4;68,2985;69,7612;2732,38;68,2702;68,2985;224,688;68,4984;49,5944;12,1608;60,0762;670,4;670;670,4;670;645;617,7;-0,400024;27,3;60,0762;60,059;65,3997;2461,62;60,0762;59,5773;44,333;195,426;12,5962;670;669,3;54,5945;670;669,3;645;627;0,700012;18;54,5945;53,7705;56,8269;2153,42;54,5945;53,7969;45,9826;176,505;12,2003;670;670,6;48,7354;670;670,6;645;637,4;-0,599976;7,59998;48,7354;48,9647;50,6955;2088,33;48,7354;49,1288;42,2777;161,13;12,9606;670;670,2;41,036;670;670,2;645;635,3;-0,200012;9,70001;41,036;41,216;44,6693;1690,35;41,036;40,8539;36,43;134,039;12,6108
10.10.2025 00:06:09.320000;0;0;670;671,4;85,2997;670;671,4;645;616,9;-1,40002;28,1;85,2997;86,5159;70,1053;3460,79;85,2997;86,6453;60,149;284,169;12,1786;670;670,6;68,2054;670;670,6;645;612,6;-0,599976;32,4;68,2054;69,7001;2741,55;68,4833;68,2054;224,89;68,5635;49,533;12,1906;60,2547;670,2;670;670,2;670;645;617,7;-0,200012;27,3;60,2547;60,1099;65,4197;2465,62;60,2547;59,6812;44,3329;195,873;12,5879;670;669,1;54,779;670;669,1;645;627,1;0,900024;17,9;54,779;53,9862;56,8042;2162,73;54,779;53,8459;45,9991;176,644;12,2434;670;670,6;48,7318;670;670,6;645;637,4;-0,599976;7,59998;48,7318;49,0519;50,6653;2091,09;48,7318;49,1032;42,2677;160,999;12,9882;670;670,1;41,1255;670;670,1;645;635,3;-0,0999756;9,70001;41,1255;41,2383;44,6971;1691,09;41,1255;40,8279;36,4812;133,832;12,636
10.10.2025 00:06:09.820000;0;0;670;671,5;85,1998;670;671,6;645;616,8;-1,59998;28,2;85,1998;86,4605;70,125;3460,38;85,1998;86,6154;60,0004;284,098;12,1802;670;670,6;68,2017;670;670,6;645;612,6;-0,599976;32,4;68,2017;69,7001;2741,1;68,5282;68,2017;225,087;68,6124;49,4934;12,178;60,3442;670,1;670;670,1;670;645;617,8;-0,0999756;27,2;60,3442;60,1543;65,4433;2464,57;60,3442;59,8009;44,3229;196,121;12,5666;670;669,2;54,6946;670;669,2;645;627;0,799988;18;54,6946;54,1178;56,8215;2166,21;54,6946;53,9031;46,0366;176,853;12,2486;670;670,6;48,7281;670;670,6;645;637,3;-0,599976;7,70001;48,7281;49,0152;50,6653;2087,77;48,7281;49,0117;42,2878;160,681;12,9932;670;670,1;41,125;670;670,2;645;635,4;-0,200012;9,59998;41,125;41,2348;44,6494;1691,43;41,125;40,7758;36,4793;133,77;12,6443
10.10.2025 00:06:10.320000;0;0;670;671,7;85,0064;670;671,7;645;616,7;-1,70001;28,3;85,0064;86,4108;70,1271;3453,34;85,0064;86,562;59,8333;283,79;12,1687;670;670,7;68,1071;670;670,7;645;612,6;-0,700012;32,4;68,1071;69,7926;2737,05;68,407;68,1071;225,174;68,6793;49,3994;12,1553;60,254;670,2;670;670,2;670;645;617,8;-0,200012;27,2;60,254;59,9284;65,5267;2457,89;60,254;59,8456;44,2307;196,31;12,5205;670;669,2;54,7007;670;669,2;645;627;0,799988;18;54,7007;54,237;56,7932;2165,39;54,7007;53,9852;46,0649;177,067;12,2292;670;670,5;48,8141;670;670,5;645;637,3;-0,5;7,70001;48,8141;48,9438;50,6653;2088,92;48,8141;48,9083;42,3515;160,277;13,0332;670;670,2;41,0342;670;670,2;645;635,4;-0,200012;9,59998;41,0342;41,2421;44,6382;1691,89;41,0342;40,7759;36,4911;133,661;12,6581
10.10.2025 00:06:10.820000;0;0;670;671,8;84,9045;670;671,8;645;616,6;-1,79999;28,4;84,9045;86,0977;70,2123;3445,29;84,9045;86,3997;59,7639;283,263;12,1629;670;670,7;68,1028;670;670,7;645;612,7;-0,700012;32,3;68,1028;69,723;2739,91;68,4944;68,1028;225,022;68,616;49,3942;12,1762;60,1631;670,3;670;670,3;670;645;617,9;-0,299988;27,1;60,1631;60,0034;65,456;2462,68;60,1631;59,8926;44,2351;196,448;12,536;670;669,3;54,6153;670;669,3;645;626,9;0,700012;18,1;54,6153;54,1284;56,8338;2166;54,6153;54,0248;46,007;177,201;12,2234;670;670,4;48,9014;670;670,4;645;637,3;-0,400024;7,70001;48,9014;49,0756;50,6229;2094,67;48,9014;48,7837;42,3588;159,933;13,0971;670;670,1;41,1239;670;670,1;645;635,4;-0,0999756;9,59998;41,1239;41,3083;44,6428;1693,8;41,1239;40,8085;36,527;133,916;12,6482
10.10.2025 00:06:11.320000;0;0;670;671,8;84,8946;670;671,8;645;616,5;-1,79999;28,5;84,8946;86,4277;70,066;3460,31;84,8946;86,2317;59,757;282,712;12,2397;670;670,8;68,0091;670;670,8;645;612,7;-0,799988;32,3;68,0091;69,7196;2737,43;68,4203;68,0091;224,712;68,5333;49,3691;12,1819;60,1619;670,3;670;670,4;670;645;617,9;-0,400024;27,1;60,1619;60,23;65,4264;2468,31;60,1619;59,9192;44,2936;196,599;12,555;670;669,3;54,6187;670;669,3;645;626,9;0,700012;18,1;54,6187;54,1034;56,8683;2166,12;54,6187;54,051;46,0057;177,262;12,2199;670;670,4;48,8992;670;670,4;645;637,3;-0,400024;7,70001;48,8992;49,1433;50,5334;2095,47;48,8992;48,747;42,3523;159,864;13,1078;670;670,1;41,1239;670;670,1;645;635,4;-0,0999756;9,59998;41,1239;41,2975;44,6435;1693,04;41,1239;40,8301;36,5286;133,838;12,6499
10.10.2025 00:06:11.820000;0;0;670;671,8;84,8822;670;671,8;645;616,4;-1,79999;28,6;84,8822;86,4853;69,9012;3455,84;84,8822;85,9946;59,7727;281,921;12,2582;670;670,8;68,0036;670;670,8;645;612,7;-0,799988;32,3;68,0036;69,7881;2725,16;68,1177;68,0036;224,09;68,3633;49,3733;12,161;59,9796;670,5;670;670,5;670;645;617,9;-0,5;27,1;59,9796;60,1456;65,3927;2466,29;59,9796;59,9667;44,2399;196,678;12,5397;670;669,3;54,6231;670;669,3;645;626,8;0,700012;18,2;54,6231;54,2677;56,809;2173,18;54,6231;54,0726;46,0468;177,371;12,2521;670;670,3;48,9873;670;670,3;645;637,2;-0,299988;7,79999;48,9873;49,1527;50,6084;2096,03;48,9873;48,6759;42,4433;159,644;13,1294;670;670,2;41,0338;670;670,2;645;635,5;-0,200012;9,5;41,0338;41,2738;44,6513;1691,43;41,0338;40,7885;36,5607;133,838;12,6379
10.10.2025 00:06:12.320000;0;0;670;671,7;84,9601;670;671,7;645;616,2;-1,70001;28,8;84,9601;86,2627;69,857;3453,49;84,9601;85,7276;59,8516;281,003;12,2899;670;670,8;67,9985;670;670,8;645;612,7;-0,799988;32,3;67,9985;69,7183;2729,96;68,2418;67,9985;223,353;68,1435;49,4843;12,2226;59,8862;670,6;670;670,6;670;645;618;-0,599976;27;59,8862;60,2686;65,3328;2472,45;59,8862;59,9976;44,2356;196,815;12,5623;670;669,3;54,6275;670;669,3;645;626,8;0,700012;18,2;54,6275;54,4617;56,7238;2179,98;54,6275;54,0997;46,1262;177,47;12,2836;670;670,2;49,076;670;670,2;645;637,1;-0,200012;7,90002;49,076;49,0997;50,6386;2092,97;49,076;48,656;42,5018;159,589;13,1147;670;670,2;41,0331;670;670,1;645;635,5;-0,0999756;9,5;41,0331;41,2004;44,6367;1687,78;41,0331;40,8391;36,512;133,886;12,6061
10.10.2025 00:06:12.820000;0;0;670;671,6;85,0387;670;671,6;645;616;-1,59998;29;85,0387;86,1767;69,7161;3446,53;85,0387;85,4345;59,9659;280,067;12,3061;670;670,8;67,9934;670;670,8;645;612,7;-0,799988;32,3;67,9934;69,5995;2735,24;68,3137;67,9934;222,764;67,9521;49,5016;12,2786;59,8826;670,6;670;670,7;670;645;618,1;-0,700012;26,9;59,8826;60,0965;65,4107;2463;59,8826;60,0568;44,2073;196,958;12,5052;670;669,3;54,6318;670;669,3;645;626,7;0,700012;18,3;54,6318;54,5105;56,703;2180,65;54,6318;54,1549;46,1424;177,677;12,2731;670;670,1;49,1654;670;670,1;645;637;-0,0999756;8;49,1654;49,1185;50,6386;2094,25;49,1654;48,6407;42,5295;159,539;13,1269;670;670,1;41,123;670;670,1;645;635,5;-0,0999756;9,5;41,123;41,177;44,6695;1687,62;41,123;40,8081;36,5729;133,977;12,5963
10.10.2025 00:06:13.320000;0;0;670;671,6;85,0279;670;671,6;645;615,9;-1,59998;29,1;85,0279;86,0063;69,6253;3443,07;85,0279;85,1701;60,0561;279,178;12,3329;670;670,8;67,9883;670;670,8;645;612,7;-0,799988;32,3;67,9883;69,4501;2741,99;68,5623;67,9883;222,387;67,8086;49,536;12,3298;59,7883;670,7;670;670,8;670;645;618,2;-0,799988;26,8;59,7883;60,1479;65,4094;2465,27;59,7883;60,0855;44,149;197,145;12,5049;670;669,4;54,5461;670;669,4;645;626,7;0,599976;18,3;54,5461;54,4745;56,7268;2180,49;54,5461;54,2148;46,1167;177,876;12,2585;670;670;49,1654;670;670;645;636,9;0;8,09998;49,1654;49,1782;50,6386;2098,07;49,1654;48,6692;42,5798;159,635;13,143;670;670,1;41,123;670;670,1;645;635,6;-0,0999756;9,40002;41,123;41,1782;44,6695;1688,31;41,123;40,8677;36,5597;134,02;12,5974
10.10.2025 00:06:13.820000;0;0;670;671,6;85,017;670;671,6;645;615,7;-1,59998;29,3;85,017;85,9232;69,5362;3437,18;85,017;84,9335;60,0718;278,453;12,3438;670;670,8;67,9833;670;670,8;645;612,7;-0,799988;32,3;67,9833;69,4721;2738,82;68,4631;67,9833;222,321;67,7651;49,5586;12,3192;59,5128;671;670;671;670;645;618,2;-1;26,8;59,5128;60,1897;65,4094;2469,69;59,5128;60,1168;44,0058;197,183;12,5249;670;669,4;54,5497;670;669,4;645;626,6;0,599976;18,4;54,5497;54,5272;56,6968;2182,12;54,5497;54,2661;46,1283;178,019;12,2578;670;670;49,1654;670;670;645;636,9;0;8,09998;49,1654;49,1915;50,6386;2096,89;49,1654;48,6425;42,6178;159,586;13,1396;670;670,1;41,123;670;670;645;635,6;0;9,40002;41,123;41,2047;44,6695;1690,03;41,123;40,8533;36,577;134,063;12,6063
10.10.2025 00:06:14.320000;0;0;670;671,3;85,2776;670;671,3;645;615,5;-1,29999;29,5;85,2776;85,7035;69,7409;3426,79;85,2776;84,6787;60,2878;277,571;12,3456;670;670,7;68,0685;670;670,6;645;612,7;-0,599976;32,3;68,0685;69,3766;2747,86;68,6849;68,0685;222,722;67,8855;49,5505;12,3376;59,5067;671;670;671;670;645;618,3;-1;26,7;59,5067;60,1696;65,4073;2466,16;59,5067;60,0685;44,0295;197,006;12,5182;670;669,4;54,5533;670;669,4;645;626,6;0,599976;18,4;54,5533;54,6;56,6968;2184,55;54,5533;54,2684;46,1489;177,957;12,2757;670;669,9;49,1654;670;669,9;645;636,9;0,0999756;8,09998;49,1654;49,0776;50,6386;2091,71;49,1654;48,6642;42,5995;159,575;13,108;670;670,1;41,123;670;670;645;635,6;0;9,40002;41,123;41,2248;44,6686;1691,65;41,123;40,8746;36,5776;133,949;12,6291
10.10.2025 00:06:14.820000;0;0;670;671,2;85,3594;670;671,2;645;615,5;-1,20001;29,5;85,3594;85,5431;69,852;3422,61;85,3594;84,3913;60,481;276,585;12,3745;670;670,6;68,1548;670;670,6;645;612,7;-0,599976;32,3;68,1548;69,4921;2737,44;68,4967;68,1548;223,429;68,0676;49,5216;12,252;59,4099;671,1;670;671,2;670;645;618,3;-1,20001;26,7;59,4099;60,146;65,3801;2465,98;59,4099;59,9919;43,9549;196,696;12,537;670;669,4;54,5569;670;669,4;645;626,6;0,599976;18,4;54,5569;54,552;56,6968;2183,91;54,5569;54,2426;46,1724;177,852;12,2794;670;669,8;49,2559;670;669,8;645;636,9;0,200012;8,09998;49,2559;49,01;50,7164;2089,47;49,2559;48,6225;42,6088;159,469;13,1027;670;670;41,123;670;670;645;635,6;0;9,40002;41,123;41,2246;44,6679;1690,05;41,123;40,8562;36,6;134,021;12,6103
10.10.2025 00:06:15.320000;0;0;670;671,2;85,3514;670;670,9;645;615,5;-0,900024;29,5;85,3514;85,5702;69,8292;3426,58;85,3514;84,0985;60,6629;275,676;12,4297;670;670,6;68,1512;670;670,6;645;612,7;-0,599976;32,3;68,1512;69,6072;2734,34;68,3433;68,1512;224,024;68,2806;49,51;12,2056;59,3119;671,2;670;671,2;670;645;618,3;-1,20001;26,7;59,3119;60,1265;65,3378;2465,25;59,3119;59,8997;43,9199;196,42;12,5509;670;669,4;54,5606;670;669,4;645;626,6;0,599976;18,4;54,5606;54,6528;56,6968;2187,95;54,5606;54,2093;46,205;177,819;12,3043;670;669,7;49,347;670;669,7;645;636,8;0,299988;8,20001;49,347;48,8599;50,8519;2084,51;49,347;48,6247;42,5628;159,438;13,0741;670;670,1;41,123;670;670,1;645;635,6;-0,0999756;9,40002;41,123;41,1511;44,6686;1686,87;41,123;40,8391;36,6157;133,875;12,6004
10.10.2025 00:06:15.820000;0;0;670;670,9;85,6153;670;670,8;645;615,6;-0,799988;29,4;85,6153;85,7135;69,8848;3430,23;85,6153;83,8975;60,9452;275,122;12,4681;670;670,6;68,1476;670;670,6;645;612,6;-0,599976;32,4;68,1476;69,6571;2729,36;68,2147;68,1476;224,485;68,4127;49,4494;12,1583;59,2137;671,3;670;671,3;670;645;618,2;-1,29999;26,8;59,2137;60,2136;65,2486;2467,62;59,2137;59,8322;43,8764;196,174;12,5787;670;669,5;54,4737;670;669,5;645;626,6;0,5;18,4;54,4737;54,7298;56,6132;2191,66;54,4737;54,189;46,1927;177,767;12,3289;670;669,6;49,4387;670;669,6;645;636,8;0,400024;8,20001;49,4387;49,025;50,8339;2091,89;49,4387;48,5613;42,6721;159,231;13,1374;670;670;41,123;670;669,9;645;635,5;0,0999756;9,5;41,123;41,1542;44,6686;1687,32;41,123;40,8072;36,6433;133,938;12,5977
10.10.2025 00:06:16.320000;0;0;670;670,8;85,7002;670;670,7;645;615,6;-0,700012;29,4;85,7002;85,7888;69,8846;3432,29;85,7002;83,8512;61,1119;275,045;12,479;670;670,8;67,9632;670;670,7;645;612,6;-0,700012;32,4;67,9632;69,7412;2728,84;68,1898;67,9632;224,823;68,5396;49,3061;12,1378;59,205;671,3;670;671,2;670;645;618,2;-1,20001;26,8;59,205;60,1005;65,247;2462,41;59,205;59,7499;43,8743;195,967;12,5655;670;669,5;54,4766;670;669,6;645;626,6;0,400024;18,4;54,4766;54,7734;56,5802;2191,33;54,4766;54,1917;46,2052;177,763;12,3273;670;669,7;49,3505;670;669,7;645;636,8;0,299988;8,20001;49,3505;49,063;50,7867;2093,78;49,3505;48,5825;42,7058;159,415;13,1341;670;669,8;41,2132;670;669,8;645;635,5;0,200012;9,5;41,2132;41,1532;44,6686;1687,28;41,2132;40,8504;36,6503;133,91;12,6001
10.10.2025 00:06:16.820000;0;0;670;670,7;85,7858;670;670,7;645;615,8;-0,700012;29,2;85,7858;85,8996;69,878;3439,28;85,7858;83,9144;61,2391;275,291;12,4933;670;670,8;67,9586;670;670,8;645;612,6;-0,799988;32,4;67,9586;69,6861;2735;68,3237;67,9586;224,769;68,539;49,2755;12,168;59,1966;671,3;670;671,4;670;645;618,1;-1,40002;26,9;59,1966;60,2033;65,1339;2468,53;59,1966;59,6647;43,8791;195,585;12,6213;670;669,6;54,3889;670;669,6;645;626,7;0,400024;18,3;54,3889;54,6152;56,6036;2182,93;54,3889;54,1662;46,1889;177,665;12,2867;670;669,7;49,3522;670;669,7;645;636,8;0,299988;8,20001;49,3522;49,1645;50,7468;2096,37;49,3522;48,7657;42,7019;160,041;13,099;670;669,8;41,2141;670;669,8;645;635,5;0,200012;9,5;41,2141;41,1614;44,6686;1688,1;41,2141;40,7725;36,7055;133,76;12,6204
10.10.2025 00:06:17.320000;0;0;670;670,6;85,8715;670;670,6;645;615,8;-0,599976;29,2;85,8715;86,1647;69,7316;3447,81;85,8715;84,1153;61,27;276,117;12,4868;670;670,8;67,9535;670;670,8;645;612,7;-0,799988;32,3;67,9535;69,5989;2746,41;68,5888;67,9535;224,285;68,4264;49,2896;12,2452;59,0972;671,4;670;671,4;670;645;618;-1,40002;27;59,0972;60,3205;64,9766;2472,17;59,0972;59,5363;43,8668;195,241;12,6622;670;669,7;54,301;670;669,7;645;626,7;0,299988;18,3;54,301;54,4273;56,6654;2179,4;54,301;54,1435;46,2078;177,578;12,2729;670;669,8;49,2629;670;669,8;645;636,8;0,200012;8,20001;49,2629;49,1348;50,7196;2096,1;49,2629;48,9426;42,6291;160,609;13,0509;670;669,7;41,3047;670;669,7;645;635,5;0,299988;9,5;41,3047;41,2313;44,6686;1690,17;41,3047;40,7574;36,7491;133,594;12,6515
10.10.2025 00:06:17.820000;0;0;670;670,6;85,8679;670;670,6;645;615,9;-0,599976;29,1;85,8679;86,356;69,6627;3457,54;85,8679;84,4078;61,2868;277,044;12,4801;670;670,9;67,8572;670;670,9;645;612,7;-0,900024;32,3;67,8572;69,3977;2745,24;68,6037;67,8572;223,313;68,0833;49,3709;12,2932;59,0859;671,4;670;671,4;670;645;618;-1,40002;27;59,0859;60,1481;64,9593;2466,07;59,0859;59,4245;43,8831;194,912;12,6522;670;669,8;54,2125;670;669,8;645;626,9;0,200012;18,1;54,2125;54,4598;56,5858;2179,58;54,2125;54,0985;46,1611;177,417;12,2851;670;670;49,1731;670;670;645;636,8;0;8,20001;49,1731;49,1867;50,7059;2097;49,1731;49,0897;42,597;161,053;13,0206;670;669,8;41,2164;670;669,8;645;635,5;0,200012;9,5;41,2164;41,2112;44,6691;1689,51;41,2164;40,7168;36,7962;133,603;12,6458
10.10.2025 00:06:18.320000;0;0;670;670,7;85,774;670;670,7;645;616;-0,700012;29;85,774;86,4077;69,5603;3458,81;85,774;84,6663;61,2271;277,873;12,4475;670;670,9;67,8525;670;671;645;612,7;-1;32,3;67,8525;69,4914;2733,14;68,2092;67,8525;222,47;67,9007;49,4182;12,2854;59,1669;671,3;670;671,3;670;645;617,7;-1,29999;27,3;59,1669;60,1438;64,8914;2465,1;59,1669;59,3671;43,9264;194,711;12,6603;670;669,8;54,2132;670;669,8;645;627,1;0,200012;17,9;54,2132;54,4736;56,5688;2180,13;54,2132;54,0527;46,1825;177,293;12,2968;670;670;49,1731;670;670;645;636,8;0;8,20001;49,1731;49,184;50,7059;2096,89;49,1731;49,1808;42,597;161,339;12,9968;670;669,7;41,3078;670;669,7;645;635,6;0,299988;9,40002;41,3078;41,1963;44,7216;1689,02;41,3078;40,8313;36,7654;133,952;12,6091
10.10.2025 00:06:18.820000;0;0;670;670,6;85,8599;670;670,6;645;616,1;-0,599976;28,9;85,8599;86,3868;69,5765;3453,65;85,8599;84,8959;61,2293;278,581;12,3973;670;670,9;67,8451;670;670,9;645;612,7;-0,900024;32,3;67,8451;69,3642;2735,13;68,351;67,8451;221,778;67,6153;49,4727;12,3328;59,3386;671,1;670;671,1;670;645;617,7;-1,09998;27,3;59,3386;60,0186;64,8656;2459,96;59,3386;59,2735;43,962;194,391;12,6547;670;669,9;54,1236;670;669,9;645;627,4;0,0999756;17,6;54,1236;54,5333;56,479;2182,52;54,1236;54,0335;46,1617;177,23;12,3147;670;670;49,1731;670;670;645;636,8;0;8,20001;49,1731;49,1795;50,7059;2096,85;49,1731;49,2321;42,597;161,533;12,981;670;669,7;41,3092;670;669,7;645;635,6;0,299988;9,40002;41,3092;41,1835;44,6856;1688,7;41,3092;40,9921;36,7087;134,518;12,5537
10.10.2025 00:06:19.320000;0;0;670;670,6;85,8556;670;670,6;645;616,1;-0,599976;28,9;85,8556;85,9038;69,7743;3437,53;85,8556;85,1155;61,1997;279,179;12,313;670;670,9;67,8393;670;670,9;645;612,6;-0,900024;32,4;67,8393;69,4665;2726,24;68,1066;67,8393;221,157;67,4376;49,5557;12,3272;59,3313;671,1;670;671,1;670;645;617,6;-1,09998;27,4;59,3313;59,9299;64,9063;2457,29;59,3313;59,2017;43,9753;194,182;12,6546;670;669,9;54,1236;670;669,9;645;627,5;0,0999756;17,5;54,1236;54,5615;56,4434;2182,5;54,1236;54,0127;46,1661;177,175;12,3183;670;670,1;49,1731;670;670,1;645;636,8;-0,0999756;8,20001;49,1731;49,251;50,7059;2100,06;49,1731;49,3015;42,5851;161,709;12,9867;670;669,8;41,2206;670;669,8;645;635,6;0,200012;9,40002;41,2206;41,1807;44,6893;1688,4;41,2206;41,0931;36,6741;134,785;12,5266
10.10.2025 00:06:19.820000;0;0;670;670,6;85,8519;670;670,6;645;616,2;-0,599976;28,8;85,8519;85,6763;69,8142;3428,26;85,8519;85,2604;61,1016;279,693;12,2573;670;670,8;67,9236;670;670,8;645;612,5;-0,799988;32,5;67,9236;69,4388;2727,39;68,1295;67,9236;220,81;67,3318;49,6199;12,3517;59,4147;671;670;671;670;645;617,4;-1;27,6;59,4147;59,9208;64,9278;2457,23;59,4147;59,1626;44,0311;194,053;12,6627;670;669,9;54,1236;670;669,9;645;627,5;0,0999756;17,5;54,1236;54,4867;56,4629;2180,16;54,1236;54,0284;46,1619;177,2;12,3034;670;670,2;49,0827;670;670,2;645;636,8;-0,200012;8,20001;49,0827;49,1863;50,7359;2098,26;49,0827;49,3446;42,5269;161,884;12,9615;670;669,7;41,3117;670;669,8;645;635,7;0,200012;9,29999;41,3117;41,1483;44,7072;1686,76;41,3117;41,2145;36,6741;135,242;12,4722
10.10.2025 00:06:20.320000;0;0;670;670,7;85,7578;670;670,7;645;616,2;-0,700012;28,8;85,7578;85,5721;69,8245;3424,25;85,7578;85,3628;61,0333;280,029;12,2282;670;670,7;68,0086;670;670,7;645;612,3;-0,700012;32,7;68,0086;69,3474;2735,2;68,3686;68,0086;220,49;67,2383;49,7262;12,4051;59,6795;670,7;670;670,7;670;645;617,3;-0,700012;27,7;59,6795;60,0253;64,9426;2461,36;59,6795;59,2139;44,0978;194,273;12,6696;670;669,9;54,1236;670;670;645;627,5;0;17,5;54,1236;54,4856;56,4458;2180,33;54,1236;53,9935;46,1746;177,099;12,3114;670;670,2;49,082;670;670,2;645;636,8;-0,200012;8,20001;49,082;49,1039;50,8121;2093,63;49,082;49,4037;42,4898;162,07;12,9181;670;669,8;41,2225;670;669,8;645;635,7;0,200012;9,29999;41,2225;41,113;44,7073;1685,63;41,2225;41,2696;36,649;135,364;12,4526
10.10.2025 00:06:20.820000;0;0;670;670,7;85,7534;670;670,7;645;616,2;-0,700012;28,8;85,7534;85,7405;69,7854;3430,16;85,7534;85,4836;61,0574;280,412;12,2326;670;670,7;68,0042;670;670,7;645;612,2;-0,700012;32,8;68,0042;69,3291;2738,28;68,4496;68,0042;220,386;67,1908;49,8254;12,4249;59,7653;670,6;670;670,6;670;645;617,3;-0,599976;27,7;59,7653;59,9833;64,9902;2458,36;59,7653;59,2879;44,1235;194,477;12,6409;670;670;54,1236;670;670;645;627,4;0;17,6;54,1236;54,3538;56,4984;2174,38;54,1236;53,9736;46,1853;177,046;12,2814;670;670,1;49,1718;670;670,1;645;636,9;-0,0999756;8,09998;49,1718;49,1114;50,8418;2094,75;49,1718;49,4425;42,4705;162,184;12,9159;670;669,9;41,133;670;669,9;645;635,7;0,0999756;9,29999;41,133;41,1017;44,7615;1685,17;41,133;41,3554;36,6042;135,672;12,421
10.10.2025 00:06:21.320000;0;0;670;670,6;85,8397;670;670,6;645;616,2;-0,599976;28,8;85,8397;85,914;69,7854;3437,79;85,8397;85,5802;61,0693;280,734;12,2457;670;670,5;68,1807;670;670,5;645;612;-0,5;33;68,1807;69,4628;2734,61;68,3379;68,1807;220,514;67,2318;49,9304;12,4011;59,9421;670,4;670;670,4;670;645;617,1;-0,400024;27,9;59,9421;60,0144;65,086;2460,59;59,9421;59,3934;44,2102;194,843;12,6286;670;670;54,1236;670;670;645;627,4;0;17,6;54,1236;54,103;56,5612;2164,67;54,1236;53,9876;46,174;177,074;12,2246;670;670,1;49,1718;670;670,1;645;636,9;-0,0999756;8,09998;49,1718;49,1674;50,8468;2096,66;49,1718;49,4827;42,4628;162,299;12,9185;670;669,9;41,133;670;669,9;645;635,8;0,0999756;9,20001;41,133;41,145;44,7629;1686,79;41,133;41,3819;36,5955;135,729;12,4276
10.10.2025 00:06:21.820000;0;0;670;670,5;85,9262;670;670,5;645;616,1;-0,5;28,9;85,9262;86,0725;69,7151;3443,81;85,9262;85,5945;61,0721;280,776;12,2653;670;670,4;68,2682;670;670,4;645;611,9;-0,400024;33,1;68,2682;69,4615;2738,78;68,4181;68,2682;220,852;67,3171;49,9879;12,401;60,0301;670,3;670;670,3;670;645;617;-0,299988;28;60,0301;60,06;65,0855;2462,14;60,0301;59,4336;44,2581;194,955;12,6293;670;669,9;54,1236;670;669,9;645;627,3;0,0999756;17,7;54,1236;54,2107;56,5612;2169,94;54,1236;53,9587;46,1971;176,984;12,2606;670;670,2;49,0813;670;670,3;645;637;-0,299988;8;49,0813;49,209;50,8163;2097,63;49,0813;49,4432;42,4287;162,174;12,9345;670;670;41,133;670;670;645;635,8;0;9,20001;41,133;41,1688;44,7859;1688,08;41,133;41,4344;36,564;135,918;12,4199
10.10.2025 00:06:22.320000;0;0;670;670,4;86,0133;670;670,4;645;616,2;-0,400024;28,8;86,0133;86,0245;69,7815;3442,36;86,0133;85,62;61,1101;280,859;12,2565;670;670,4;68,266;670;670,4;645;611,8;-0,400024;33,2;68,266;69,4341;2738,2;68,4556;68,266;221,733;67,5742;49,9334;12,3491;59,9384;670,4;670;670,4;670;645;617;-0,400024;28;59,9384;59,9034;65,0855;2457;59,9384;59,4872;44,2142;195,144;12,5907;670;669,9;54,1236;670;669,9;645;627,3;0,0999756;17,7;54,1236;54,2943;56,5241;2172,48;54,1236;53,9653;46,1986;176,993;12,2743;670;670,3;48,9899;670;670,4;645;637,2;-0,400024;7,79999;48,9899;49,0959;50,8573;2092,65;48,9899;49,3912;42,3924;161,926;12,9235;670;670,1;41,133;670;670,1;645;635,8;-0,0999756;9,20001;41,133;41,1527;44,802;1687,26;41,133;41,4256;36,5533;135,863;12,4188
10.10.2025 00:06:22.820000;0;0;670;670,3;86,1014;670;670,3;645;616,1;-0,299988;28,9;86,1014;85,8217;69,8731;3432;86,1014;85,652;61,0692;280,951;12,2156;670;670,5;68,1735;670;670,5;645;611,8;-0,5;33,2;68,1735;69,3915;2738,8;68,4347;68,1735;222,724;67,8723;49,8053;12,2969;59,8458;670,5;670;670,5;670;645;616,9;-0,5;28,1;59,8458;60,0038;65,0564;2460,16;59,8458;59,5229;44,1955;195,248;12,6002;670;669,9;54,1236;670;669,9;645;627,4;0,0999756;17,6;54,1236;54,2859;56,5247;2172,78;54,1236;53,9579;46,2059;176,995;12,276;670;670,5;48,8077;670;670,5;645;637,3;-0,5;7,70001;48,8077;49,1336;50,7668;2095,37;48,8077;49,2349;42,3998;161,465;12,9773;670;670,2;41,0428;670;670,2;645;635,8;-0,200012;9,20001;41,0428;41,2234;44,792;1690,96;41,0428;41,4573;36,4908;135,98;12,4354
10.10.2025 00:06:23.320000;0;0;670;670,2;86,1901;670;670,2;645;616,1;-0,200012;28,9;86,1901;85,4608;70,123;3418,84;86,1901;85,6872;60,9893;281,041;12,1649;670;670,6;68,0804;670;670,6;645;611,8;-0,599976;33,2;68,0804;69,3139;2741,84;68,4786;68,0804;223,328;68,0877;49,7301;12,2772;59,8429;670,5;670;670,5;670;645;616,9;-0,5;28,1;59,8429;59,95;65,0794;2459,71;59,8429;59,5738;44,1873;195,415;12,5871;670;669,9;54,1236;670;669,9;645;627,4;0,0999756;17,6;54,1236;54,2988;56,5144;2172,98;54,1236;53,9501;46,2136;176,956;12,2798;670;670,5;48,8048;670;670,5;645;637,3;-0,5;7,70001;48,8048;49,1267;50,7662;2094,44;48,8048;49,0861;42,4056;160,964;13,0119;670;670,2;41,0416;670;670,2;645;635,8;-0,200012;9,20001;41,0416;41,2011;44,7503;1689,24;41,0416;41,3398;36,4798;135,53;12,464
10.10.2025 00:06:23.820000;0;0;670;670,2;86,1894;670;670,1;645;616,1;-0,0999756;28,9;86,1894;85,3923;70,1995;3416,58;86,1894;85,7767;60,9109;281,386;12,142;670;670,8;67,8962;670;670,8;645;611,9;-0,799988;33,1;67,8962;69,4067;2734,7;68,3321;67,8962;223,554;68,1568;49,7002;12,2328;59,9303;670,4;670;670,4;670;645;616,9;-0,400024;28,1;59,9303;59,9668;65,0804;2458,8;59,9303;59,621;44,2145;195,557;12,5733;670;670;54,1236;670;670;645;627,4;0;17,6;54,1236;54,2349;56,5412;2170,42;54,1236;53,9801;46,2058;177,055;12,2585;670;670,5;48,8019;670;670,5;645;637,4;-0,5;7,59998;48,8019;49,1969;50,7027;2098,24;48,8019;48,9738;42,4413;160,609;13,0643;670;670,3;40,9507;670;670,3;645;635,8;-0,299988;9,20001;40,9507;41,1852;44,7313;1688,27;40,9507;41,2725;36,4953;135,374;12,4712
10.10.2025 00:06:24.320000;0;0;670;670,2;86,189;670;670,2;645;616;-0,200012;29;86,189;85,7675;70,0481;3434,15;86,189;85,8699;61,0122;281,692;12,1912;670;670,9;67,8007;670;670,9;645;612,1;-0,900024;32,9;67,8007;69,4358;2731,1;68,2422;67,8007;223,424;68,1288;49,6262;12,2239;60,0184;670,3;670;670,3;670;645;616,9;-0,299988;28,1;60,0184;60,0325;65,0796;2461,17;60,0184;59,6734;44,2421;195,754;12,5728;670;670;54,1236;670;670;645;627,4;0;17,6;54,1236;54,2493;56,5325;2171,8;54,1236;53,9947;46,2027;177,141;12,2603;670;670,6;48,7087;670;670,6;645;637,5;-0,599976;7,5;48,7087;49,1893;50,6485;2096,95;48,7087;48,8799;42,4382;160,313;13,0803;670;670,2;41,0395;670;670,2;645;635,7;-0,200012;9,29999;41,0395;41,2046;44,7313;1689,39;41,0395;41,1569;36,566;134,943;12,5192
10.10.2025 00:06:24.820000;0;0;670;670,4;86,0075;670;670,4;645;615,9;-0,400024;29,1;86,0075;85,9678;69,8961;3439,45;86,0075;85,9554;61,0132;281,985;12,1973;670;671,1;67,6145;670;671,1;645;612,3;-1,09998;32,7;67,6145;69,3842;2729,6;68,1967;67,6145;222,986;67,9912;49,5949;12,2411;60,107;670,2;670;670,2;670;645;616,9;-0,200012;28,1;60,107;60,0064;65,0796;2459,78;60,107;59,7356;44,2259;195,966;12,5521;670;669,9;54,1236;670;669,9;645;627,3;0,0999756;17,7;54,1236;54,1956;56,5437;2168,85;54,1236;54,0726;46,1914;177,366;12,2281;670;670,5;48,7954;670;670,5;645;637,6;-0,5;7,40002;48,7954;49,1883;50,6091;2098,03;48,7954;48,8287;42,4642;160,166;13,0991;670;670,2;41,0387;670;670,2;645;635,7;-0,200012;9,29999;41,0387;41,228;44,7274;1690,03;41,0387;41,1214;36,5728;134,887;12,5292
10.10.2025 00:06:25.320000;0;0;670;670,4;86,0053;670;670,5;645;615,9;-0,5;29,1;86,0053;85,8822;69,921;3436,82;86,0053;86,0279;60,9927;282,21;12,1782;670;671,2;67,517;670;671,2;645;612,4;-1,20001;32,6;67,517;69,3296;2727,54;68,1692;67,517;222,544;67,8684;49,5899;12,2562;60,1966;670;670;670;670;645;617;0;28;60,1966;59,9629;65,1508;2458,96;60,1966;59,8283;44,1772;196,275;12,5281;670;670;54,1236;670;670;645;627,3;0;17,7;54,1236;54,1157;56,5433;2164,37;54,1236;54,1185;46,1914;177,521;12,1922;670;670,5;48,7925;670;670,5;645;637,6;-0,5;7,40002;48,7925;49,2422;50,5654;2100,33;48,7925;48,8315;42,4642;160,103;13,1186;670;670,3;40,9479;670;670,3;645;635,7;-0,299988;9,29999;40,9479;41,259;44,6761;1691,46;40,9479;41,0539;36,5728;134,618;12,5649
10.10.2025 00:06:25.820000;0;0;670;670,5;85,9125;670;670,6;645;615,9;-0,599976;29,1;85,9125;85,7029;70,0807;3431,57;85,9125;86,1395;60,8612;282,525;12,1461;670;671,3;67,4185;670;671,3;645;612,5;-1,29999;32,5;67,4185;69,3304;2722,35;68,0555;67,4185;222,292;67,7758;49,5715;12,2467;60,1966;669,9;670;669,9;670;645;617;0,0999756;28;60,1966;59,9993;65,1386;2460,45;60,1966;59,8805;44,1732;196,408;12,5272;670;670,1;54,1236;670;670,1;645;627,2;-0,0999756;17,8;54,1236;53,8462;56,6553;2154,55;54,1236;54,1588;46,1004;177,654;12,1278;670;670,5;48,7896;670;670,7;645;637,6;-0,700012;7,40002;48,7896;49,2354;50,5265;2099,56;48,7896;48,7739;42,4642;159,991;13,123;670;670,3;40,9465;670;670,3;645;635,7;-0,299988;9,29999;40,9465;41,2791;44,6669;1691,96;40,9465;41,0705;36,5631;134,762;12,5551
10.10.2025 00:06:26.320000;0;0;670;670,7;85,7286;670;670,8;645;615,9;-0,799988;29,1;85,7286;85,875;70,0173;3435,09;85,7286;86,1623;60,8454;282,619;12,1545;670;671,4;67,3194;670;671,5;645;612,5;-1,5;32,5;67,3194;69,232;2726,48;68,1348;67,3194;221,99;67,6892;49,5499;12,282;60,1966;669,9;670;669,9;670;645;617,1;0,0999756;27,9;60,1966;60,0424;65,1213;2462,38;60,1966;59,9232;44,1759;196,582;12,5259;670;670,2;54,0334;670;670,2;645;627,2;-0,200012;17,8;54,0334;53,8033;56,6992;2153,47;54,0334;54,1702;46,0607;177,674;12,1203;670;670,6;48,6956;670;670,6;645;637,7;-0,599976;7,29999;48,6956;49,1564;50,5274;2096,03;48,6956;48,7539;42,4618;159,897;13,1086;670;670,3;40,945;670;670,3;645;635,7;-0,299988;9,29999;40,945;41,1887;44,6879;1688,58;40,945;41,031;36,5709;134,502;12,5543
10.10.2025 00:06:26.820000;0;0;670;670,8;85,6336;670;671;645;616,1;-1;28,9;85,6336;85,9023;70,0166;3439,87;85,6336;86,159;60,7821;282,589;12,1727;670;671,4;67,3095;670;671,4;645;612,4;-1,40002;32,6;67,3095;69,2551;2719,73;67,9781;67,3095;221,74;67,6153;49,5567;12,2654;60,3772;669,7;670;669,7;670;645;617,2;0,299988;27,8;60,3772;60,051;65,1672;2462,09;60,3772;59,9549;44,1693;196,639;12,5208;670;670,3;53,9423;670;670,3;645;627;-0,299988;18;53,9423;53,9473;56,6418;2158,27;53,9423;54,1745;46,1014;177,667;12,1479;670;670,7;48,6019;670;670,7;645;637,7;-0,700012;7,29999;48,6019;49,1389;50,5133;2095,44;48,6019;48,7464;42,4618;159,863;13,1078;670;670,3;40,9436;670;670,3;645;635,7;-0,299988;9,29999;40,9436;41,1971;44,6728;1688,92;40,9436;41,0195;36,5709;134,57;12,5505
10.10.2025 00:06:27.320000;0;0;670;671;85,4475;670;671;645;616,2;-1;28,8;85,4475;86,1898;69,9422;3450,09;85,4475;86,1705;60,7033;282,652;12,2061;670;671,5;67,2096;670;671,5;645;612,3;-1,5;32,7;67,2096;69,3093;2713,58;67,8045;67,2096;221,622;67,5756;49,517;12,2442;60,3786;669,7;670;669,9;670;645;617,2;0,0999756;27,8;60,3786;60,0372;65,2339;2461,04;60,3786;59,9723;44,1694;196,722;12,5103;670;670,4;53,8504;670;670,4;645;626,9;-0,400024;18,1;53,8504;54,0207;56,6001;2164,57;53,8504;54,1513;46,0636;177,629;12,1859;670;670,8;48,5075;670;670,8;645;637,8;-0,799988;7,20001;48,5075;49,1718;50,4623;2096,69;48,5075;48,7182;42,4517;159,744;13,1253;670;670,3;40,9421;670;670,3;645;635,7;-0,299988;9,29999;40,9421;41,2008;44,6548;1688,75;40,9421;40,9974;36,5708;134,369;12,5681
10.10.2025 00:06:27.820000;0;0;670;671,1;85,3509;670;671,1;645;616,2;-1,09998;28,8;85,3509;86,58;69,759;3466,5;85,3509;86,1335;60,6398;282,586;12,2671;670;671,5;67,1994;670;671,5;645;612,2;-1,5;32,8;67,1994;69,214;2718,33;67,8991;67,1994;221,466;67,5071;49,5254;12,2742;60,1988;669,9;670;669,9;670;645;617,2;0,0999756;27,8;60,1988;59,9785;65,1836;2458,32;60,1988;59,9758;44,1694;196,746;12,4949;670;670,4;53,8483;670;670,4;645;626,8;-0,400024;18,2;53,8483;54,1404;56,585;2166,48;53,8483;54,1482;46,051;177,666;12,1941;670;670,8;48,5024;670;670,8;645;637,8;-0,799988;7,20001;48,5024;49,1943;50,406;2097,17;48,5024;48,677;42,4254;159,704;13,1316;670;670,5;40,7602;670;670,5;645;635,7;-0,5;9,29999;40,7602;41,1977;44,6397;1689,11;40,7602;40,9813;36,5218;134,496;12,5588
10.10.2025 00:06:28.320000;0;0;670;671,2;85,2535;670;671,2;645;616,4;-1,20001;28,6;85,2535;86,8691;69,6016;3477,27;85,2535;86,1697;60,5395;282,637;12,303;670;671,4;67,2796;670;671,4;645;612,1;-1,40002;32,9;67,2796;69,1826;2712,55;67,8906;67,2796;221,296;67,4761;49,5578;12,2576;60,1992;669,9;670;669,9;670;645;617,3;0,0999756;27,7;60,1992;60,0019;65,1831;2459,58;60,1992;59,9784;44,1694;196,729;12,5024;670;670,4;53,8461;670;670,4;645;626,8;-0,400024;18,2;53,8461;54,0629;56,585;2161,78;53,8461;54,1572;46,0323;177,648;12,1689;670;670,8;48,4973;670;670,8;645;637,8;-0,799988;7,20001;48,4973;49,1231;50,429;2095,76;48,4973;48,6964;42,4094;159,658;13,1265;670;670,5;40,7576;670;670,5;645;635,7;-0,5;9,29999;40,7576;41,2483;44,5963;1691,5;40,7576;40,9597;36,5231;134,237;12,6009
10.10.2025 00:06:28.820000;0;0;670;671,3;85,1552;670;671,3;645;616,5;-1,29999;28,5;85,1552;86,8942;69,5309;3476,52;85,1552;86,1358;60,4238;282,513;12,3057;670;671,4;67,2702;670;671,4;645;612,1;-1,40002;32,9;67,2702;69,199;2713,82;67,7985;67,2702;221,221;67,4454;49,5617;12,2675;60,1992;669,9;670;669,9;670;645;617,4;0,0999756;27,6;60,1992;60,0767;65,1504;2461,92;60,1992;59,9762;44,1697;196,696;12,5164;670;670,4;53,8439;670;670,4;645;627;-0,400024;18;53,8439;54,0578;56,5935;2163,33;53,8439;54,1717;46,0117;177,709;12,1735;670;670,7;48,5826;670;670,7;645;637,8;-0,700012;7,20001;48,5826;49,0871;50,4172;2093,85;48,5826;48,6805;42,445;159,685;13,1124;670;670,5;40,7547;670;670,5;645;635,7;-0,5;9,29999;40,7547;41,248;44,5746;1690,37;40,7547;40,9451;36,5231;134,325;12,5841
10.10.2025 00:06:29.320000;0;0;670;671,3;85,1483;670;671,3;645;616,5;-1,29999;28,5;85,1483;86,7977;69,5448;3473,39;85,1483;86,1299;60,3765;282,442;12,2977;670;671,4;67,2626;670;671,4;645;612;-1,40002;33;67,2626;69,1618;2714,14;67,8383;67,2626;221,166;67,4404;49,5566;12,2719;60,1992;669,9;670;669,9;670;645;617,5;0,0999756;27,5;60,1992;60,1056;65,1404;2462,57;60,1992;60,0014;44,1716;196,843;12,5103;670;670,4;53,8422;670;670,3;645;627,1;-0,299988;17,9;53,8422;54,081;56,5879;2165,7;53,8422;54,1803;45,9949;177,724;12,1858;670;670,7;48,5791;670;670,7;645;637,8;-0,700012;7,20001;48,5791;49,1012;50,4021;2093,68;48,5791;48,6961;42,4381;159,685;13,1113;670;670,5;40,7524;670;670,5;645;635,7;-0,5;9,29999;40,7524;41,2546;44,5574;1691,44;40,7524;40,9359;36,5206;134,244;12,5997
10.10.2025 00:06:29.820000;0;0;670;671,3;85,1395;670;671,3;645;616,5;-1,29999;28,5;85,1395;86,6067;69,5431;3463,9;85,1395;86,0063;60,368;281,959;12,2851;670;671,3;67,3436;670;671,3;645;612;-1,29999;33;67,3436;69,0705;2721,21;67,947;67,3436;221,11;67,4116;49,5846;12,307;60,1992;670;670;670;670;645;617,6;0;27,4;60,1992;60,1399;65,1414;2464,46;60,1992;60,0137;44,1813;196,845;12,5198;670;670,2;54,0207;670;670,2;645;627,1;-0,200012;17,9;54,0207;54,1887;56,5879;2168,41;54,0207;54,1745;46,021;177,705;12,2023;670;670,6;48,665;670;670,6;645;637,7;-0,599976;7,29999;48,665;49,0639;50,3859;2092,57;48,665;48,6485;42,4444;159,593;13,1119;670;670,4;40,8396;670;670,4;645;635,7;-0,400024;9,29999;40,8396;41,2217;44,5488;1690,09;40,8396;40,9138;36,5245;134,236;12,5904
10.10.2025 00:06:30.320000;0;0;670;671,4;85,0406;670;671,4;645;616,6;-1,40002;28,4;85,0406;86,2785;69,6055;3452,04;85,0406;85,8562;60,3422;281,609;12,2583;670;671,2;67,4251;670;671,2;645;612;-1,20001;33;67,4251;69,1374;2710,42;67,7774;67,4251;221,029;67,3793;49,5846;12,2627;60,1089;670,2;670;670,2;670;645;617,7;-0,200012;27,3;60,1089;60,0266;65,1414;2458,69;60,1089;60,0246;44,1712;196,952;12,4837;670;670,2;54,02;670;670,2;645;627,2;-0,200012;17,8;54,02;54,0159;56,6239;2163,1;54,02;54,1854;46,046;177,808;12,1654;670;670,5;48,7514;670;670,5;645;637,6;-0,5;7,40002;48,7514;48,9676;50,4156;2087,98;48,7514;48,6557;42,4444;159,602;13,0824;670;670,4;40,8374;670;670,4;645;635,6;-0,400024;9,40002;40,8374;41,2015;44,5493;1688,94;40,8374;40,9171;36,5493;134,175;12,5876
10.10.2025 00:06:30.820000;0;0;670;671,3;85,1218;670;671,3;645;616,5;-1,29999;28,5;85,1218;86,2572;69,5655;3451,19;85,1218;85,7924;60,3582;281,36;12,2661;670;671,1;67,5076;670;671;645;611,9;-1;33,1;67,5076;69,2551;2702,91;67,5257;67,5076;220,946;67,3694;49,602;12,2333;60,0179;670,3;670;670,3;670;645;617,9;-0,299988;27,1;60,0179;59,9557;65,1434;2458,02;60,0179;60,0558;44,1711;196,97;12,4792;670;670,1;54,1095;670;670,1;645;627,2;-0,0999756;17,8;54,1095;54,0796;56,6115;2163,57;54,1095;54,2191;46,0524;177,826;12,1668;670;670,5;48,7485;670;670,4;645;637,6;-0,400024;7,40002;48,7485;48,9791;50,4447;2087,51;48,7485;48,6526;42,4444;159,54;13,0845;670;670,3;40,9257;670;670,3;645;635,6;-0,299988;9,40002;40,9257;41,1511;44,5687;1687,99;40,9257;40,9082;36,5493;134,209;12,5773
10.10.2025 00:06:31.320000;0;0;670;671,2;85,2033;670;671,2;645;616,4;-1,20001;28,6;85,2033;86,0306;69,6247;3440,36;85,2033;85,7237;60,3837;281,097;12,2391;670;671;67,591;670;670,9;645;612;-0,900024;33;67,591;69,1473;2718,9;67,9013;67,591;220,903;67,3524;49,65;12,3081;59,9259;670,4;670;670,4;670;645;618,1;-0,400024;26,9;59,9259;59,9802;65,1433;2458,71;59,9259;60,0328;44,1685;196,959;12,4834;670;670,2;54,0193;670;670,2;645;627,3;-0,200012;17,7;54,0193;53,9717;56,6217;2160,37;54,0193;54,1271;46,0437;177,562;12,1668;670;670,4;48,8362;670;670,4;645;637,6;-0,400024;7,40002;48,8362;48,9009;50,5075;2085,13;48,8362;48,656;42,4807;159,592;13,0654;670;670,3;40,9243;670;670,2;645;635,7;-0,200012;9,29999;40,9243;41,1363;44,5676;1686,27;40,9243;40,9174;36,5493;134,158;12,5693
10.10.2025 00:06:31.820000;0;0;670;671,3;85,1047;670;671,3;645;616,3;-1,29999;28,7;85,1047;85,8102;69,6896;3432,5;85,1047;85,6493;60,3443;280,965;12,2168;670;670,9;67,6751;670;670,9;645;612,2;-0,900024;32,8;67,6751;69,132;2720,71;67,9865;67,6751;220,951;67,3446;49,7006;12,3136;59,653;670,7;670;670,7;670;645;618,3;-0,700012;26,7;59,653;59,9566;65,1452;2458,06;59,653;60,0603;44,0786;197,015;12,4766;670;670,1;54,1089;670;670,1;645;627,4;-0,0999756;17,6;54,1089;54,0836;56,5953;2163,89;54,1089;54,1467;46,0642;177,665;12,1796;670;670,5;48,744;670;670,5;645;637,6;-0,5;7,40002;48,744;48,9192;50,5075;2084,63;48,744;48,6364;42,4935;159,562;13,0647;670;670,1;41,1035;670;670,1;645;635,6;-0,0999756;9,40002;41,1035;41,1251;44,6153;1685,97;41,1035;40,9096;36,552;134,29;12,5547
10.10.2025 00:06:32.320000;0;0;670;671,3;85,096;670;671,3;645;616,1;-1,29999;28,9;85,096;85,6105;69,7195;3424,03;85,096;85,6212;60,3226;280,756;12,1958;670;670,8;67,7599;670;670,8;645;612,4;-0,799988;32,6;67,7599;69,1512;2723,79;68,0116;67,7599;220,882;67,3665;49,7426;12,3314;59,5583;670,8;670;671;670;645;618,3;-1;26,7;59,5583;59,8471;65,2186;2451,01;59,5583;60,092;43,9695;197,079;12,4367;670;670;54,1089;670;670;645;627,4;0;17,6;54,1089;54,1637;56,5954;2168,05;54,1089;54,1572;46,0641;177,631;12,2054;670;670,6;48,651;670;670,6;645;637,7;-0,599976;7,29999;48,651;48,9223;50,4639;2086,53;48,651;48,6612;42,4549;159,569;13,076;670;670,1;41,1035;670;670,1;645;635,6;-0,0999756;9,40002;41,1035;41,1441;44,621;1686,59;41,1035;40,9283;36,584;134,122;12,575
10.10.2025 00:06:32.820000;0;0;670;671,2;85,1775;670;671,2;645;616;-1,20001;29;85,1775;85,6032;69,7195;3427,26;85,1775;85,5613;60,3533;280,59;12,2145;670;670,7;67,8448;670;670,7;645;612,6;-0,700012;32,4;67,8448;69,2107;2714,41;67,8731;67,8448;220,911;67,3431;49,7713;12,2873;59,3719;671;670;671;670;645;618,5;-1;26,5;59,3719;59,7895;65,2523;2453,29;59,3719;60,0746;43,8649;196,968;12,4553;670;670;54,1089;670;670;645;627,4;0;17,6;54,1089;54,2156;56,5954;2171,41;54,1089;54,1729;46,0641;177,687;12,2204;670;670,6;48,6474;670;670,6;645;637,7;-0,599976;7,29999;48,6474;48,8967;50,4206;2085,27;48,6474;48,6393;42,4549;159,55;13,0697;670;670,1;41,1035;670;670,1;645;635,6;-0,0999756;9,40002;41,1035;41,1332;44,621;1686,78;41,1035;40,893;36,6059;134,193;12,5698
10.10.2025 00:06:33.320000;0;0;670;671,2;85,1695;670;671,2;645;615,9;-1,20001;29,1;85,1695;85,7433;69,6219;3430,46;85,1695;85,4574;60,3758;280,275;12,2397;670;670,7;67,8405;670;670,7;645;612,9;-0,700012;32,1;67,8405;69,2192;2717,49;67,8582;67,8405;221,147;67,3955;49,809;12,2882;59,2749;671,1;670;671,1;670;645;618,7;-1,09998;26,3;59,2749;59,8474;65,1847;2454,74;59,2749;59,9859;43,8215;196,702;12,4795;670;670,2;54,0184;670;670,3;645;627,3;-0,299988;17,7;54,0184;54,3505;56,5478;2174,57;54,0184;54,1623;46,0447;177,652;12,2406;670;670,6;48,6438;670;670,6;645;637,7;-0,599976;7,29999;48,6438;48,9615;50,381;2087,41;48,6438;48,6531;42,4549;159,515;13,086;670;670,1;41,1031;670;670,1;645;635,6;-0,0999756;9,40002;41,1031;41,1471;44,6022;1685,91;41,1031;40,9144;36,5646;134,145;12,5678
10.10.2025 00:06:33.820000;0;0;670;671,1;85,2521;670;671,1;645;615,7;-1,09998;29,3;85,2521;85,483;69,7075;3419,09;85,2521;85,3904;60,4281;280,075;12,2078;670;670,6;67,9264;670;670,6;645;613;-0,599976;32;67,9264;69,2192;2715,96;67,8678;67,9264;221,679;67,5331;49,7833;12,2518;59,1772;671,2;670;671,3;670;645;618,8;-1,29999;26,2;59,1772;59,9093;65,1657;2455,47;59,1772;59,8692;43,7897;196,27;12,5107;670;670,3;53,9271;670;670,4;645;627,4;-0,400024;17,6;53,9271;54,2588;56,5849;2169,62;53,9271;54,1517;46,0059;177,618;12,2151;670;670,7;48,5498;670;670,7;645;637,8;-0,700012;7,20001;48,5498;49,0109;50,3161;2090,78;48,5498;48,6026;42,4549;159,441;13,1132;670;670,1;41,1031;670;670,2;645;635,6;-0,200012;9,40002;41,1031;41,0185;44,619;1681,6;41,1031;40,884;36,5835;134,174;12,533
10.10.2025 00:06:34.320000;0;0;670;671,1;85,2448;670;671,1;645;615,6;-1,09998;29,4;85,2448;85,445;69,7075;3421,09;85,2448;85,3544;60,438;279,924;12,2215;670;670,6;67,9227;670;670,6;645;613,1;-0,599976;31,9;67,9227;69,2673;2710,34;67,7315;67,9227;222,351;67,7509;49,6957;12,1895;58,9882;671,4;670;671,5;670;645;618,9;-1,5;26,1;58,9882;59,8911;65,1223;2456,53;58,9882;59,7069;43,7393;195,762;12,5486;670;670,4;53,8349;670;670,4;645;627,4;-0,400024;17,6;53,8349;53,9262;56,6557;2154,55;53,8349;54,1576;45,9537;177,65;12,1281;670;670,7;48,545;670;670,7;645;637,8;-0,700012;7,20001;48,545;49,1423;50,2407;2094,75;48,545;48,6279;42,4239;159,474;13,1354;670;670,2;41,0125;670;670,2;645;635,6;-0,200012;9,40002;41,0125;41,0465;44,619;1683,23;41,0125;40,9012;36,5747;134,104;12,5516
10.10.2025 00:06:34.820000;0;0;670;671,1;85,2375;670;671,1;645;615,6;-1,09998;29,4;85,2375;85,4881;69,6566;3419,93;85,2375;85,3016;60,4412;279,776;12,2238;670;670,7;67,8287;670;670,7;645;613,2;-0,700012;31,8;67,8287;69,3683;2703,61;67,6032;67,8287;223,092;67,9805;49,5794;12,1188;58,8881;671,5;670;671,5;670;645;619;-1,5;26;58,8881;59,8268;65,0903;2453,83;58,8881;59,596;43,7016;195,398;12,5581;670;670,5;53,7425;670;670,5;645;627,5;-0,5;17,5;53,7425;53,7091;56,7871;2150,18;53,7425;54,1682;45,8795;177,685;12,1011;670;670,6;48,631;670;670,6;645;637,8;-0,599976;7,20001;48,631;49,0398;50,2708;2090,35;48,631;48,6308;42,4522;159,509;13,1049;670;670,2;41,0116;670;670,2;645;635,6;-0,200012;9,40002;41,0116;41,0622;44,619;1683,71;41,0116;40,8964;36,579;134,153;12,5507
10.10.2025 00:06:35.320000;0;0;670;671;85,3203;670;671;645;615,5;-1;29,5;85,3203;85,314;69,6982;3413,76;85,3203;85,2929;60,4412;279,744;12,2032;670;670,7;67,8244;670;670,7;645;613,3;-0,700012;31,7;67,8244;69,5666;2699,11;67,4467;67,8244;223,623;68,1591;49,4126;12,0699;58,7875;671,6;670;671,6;670;645;619,1;-1,59998;25,9;58,7875;59,9083;64,9871;2457,74;58,7875;59,5002;43,6595;195,107;12,5969;670;670,5;53,7396;670;670,5;645;627,5;-0,5;17,5;53,7396;53,8427;56,7412;2153,61;53,7396;54,1702;45,8688;177,637;12,1237;670;670,6;48,6274;670;670,6;645;637,8;-0,599976;7,20001;48,6274;48,9379;50,306;2084,85;48,6274;48,6325;42,4522;159,487;13,0722;670;670,3;40,9207;670;670,3;645;635,6;-0,299988;9,40002;40,9207;41,0234;44,6177;1682,44;40,9207;40,8503;36,5741;133,963;12,559
10.10.2025 00:06:35.820000;0;0;670;671,1;85,2236;670;671,1;645;615,4;-1,09998;29,6;85,2236;85,317;69,6982;3414,21;85,2236;85,2857;60,4412;279,699;12,2067;670;670,7;67,82;670;670,7;645;613,3;-0,700012;31,7;67,82;69,6702;2697,77;67,4052;67,82;223,872;68,2419;49,3187;12,0505;58,7766;671,6;670;671,6;670;645;619,2;-1,59998;25,8;58,7766;60,0031;64,8649;2461,72;58,7766;59,3988;43,6578;194,738;12,6412;670;670,3;53,9175;670;670,3;645;627,5;-0,299988;17,5;53,9175;53,9473;56,6942;2159,23;53,9175;54,1588;45,9266;177,641;12,155;670;670,6;48,623;670;670,6;645;637,7;-0,599976;7,29999;48,623;48,9358;50,2891;2085,98;48,623;48,5859;42,4522;159,374;13,0886;670;670,3;40,9195;670;670,3;645;635,6;-0,299988;9,40002;40,9195;41,0355;44,6106;1682,13;40,9195;40,8668;36,5756;134,082;12,5456
10.10.2025 00:06:36.320000;0;0;670;671,2;85,1261;670;671,2;645;615,4;-1,20001;29,6;85,1261;85,5063;69,6419;3422,42;85,1261;85,2982;60,4125;279,804;12,2315;670;670,8;67,7252;670;670,8;645;613,3;-0,799988;31,7;67,7252;69,6658;2700,28;67,472;67,7252;223,668;68,215;49,3109;12,0727;58,7657;671,6;670;671,6;670;645;619,2;-1,59998;25,8;58,7657;59,9713;64,8013;2459,13;58,7657;59,3111;43,6572;194,502;12,6432;670;670,5;53,7347;670;670,5;645;627,6;-0,5;17,4;53,7347;53,9608;56,7062;2159,62;53,7347;54,1795;45,8271;177,709;12,1526;670;670,7;48,5291;670;670,7;645;637,7;-0,700012;7,29999;48,5291;48,8952;50,2895;2084,57;48,5291;48,6092;42,4522;159,438;13,0745;670;670,4;40,8276;670;670,4;645;635,6;-0,400024;9,40002;40,8276;40,9931;44,5968;1680,23;40,8276;40,853;36,5756;133,972;12,5416
10.10.2025 00:06:36.820000;0;0;670;671,2;85,1165;670;671,2;645;615,4;-1,20001;29,6;85,1165;85,7508;69,4928;3431,41;85,1165;85,283;60,4084;279,728;12,2669;670;670,9;67,6285;670;670,9;645;613,3;-0,900024;31,7;67,6285;69,5897;2702,03;67,5237;67,6285;223,143;68,0314;49,3607;12,109;58,843;671,5;670;671,5;670;645;619,2;-1,5;25,8;58,843;59,9387;64,7041;2457,81;58,843;59,1804;43,7106;194,086;12,6635;670;670,5;53,7318;670;670,5;645;627,6;-0,5;17,4;53,7318;54,0571;56,6664;2163,95;53,7318;54,187;45,7997;177,72;12,1762;670;670,6;48,615;670;670,6;645;637,7;-0,599976;7,29999;48,615;48,8125;50,3254;2081,04;48,615;48,6062;42,4522;159,415;13,0542;670;670,5;40,7351;670;670,5;645;635,5;-0,5;9,5;40,7351;40,9353;44,6163;1678,51;40,7351;40,8831;36,556;134,135;12,5136
10.10.2025 00:06:37.320000;0;0;670;671,2;85,1101;670;671,2;645;615,3;-1,20001;29,7;85,1101;85,7051;69,5029;3427,02;85,1101;85,2929;60,3978;279,748;12,2504;670;670,9;67,6227;670;670,9;645;613,4;-0,900024;31,6;67,6227;69,5553;2699,93;67,4713;67,6227;222,586;67,8615;49,3817;12,1299;58,9235;671,4;670;671,4;670;645;619,3;-1,40002;25,7;58,9235;59,9245;64,6372;2456,58;58,9235;59,1203;43,7574;193,915;12,6684;670;670,6;53,6388;670;670,6;645;627,8;-0,599976;17,2;53,6388;54,13;56,652;2166,11;53,6388;54,1937;45,7725;177,755;12,1859;670;670,7;48,521;670;670,7;645;637,7;-0,700012;7,29999;48,521;48,8568;50,2917;2081,82;48,521;48,609;42,4521;159,425;13,0583;670;670,5;40,7322;670;670,5;645;635,5;-0,5;9,5;40,7322;40,9662;44,6163;1679,93;40,7322;40,8783;36,5525;134,055;12,5317
10.10.2025 00:06:37.820000;0;0;670;671,1;85,1911;670;671,1;645;615,2;-1,09998;29,8;85,1911;85,3554;69,6517;3415,58;85,1911;85,3152;60,4165;279,834;12,2057;670;670,9;67,6169;670;670,9;645;613,4;-0,900024;31,6;67,6169;69,4157;2711,37;67,7572;67,6169;222,094;67,7117;49,4909;12,2082;58,914;671,4;670;671,4;670;645;619,3;-1,40002;25,7;58,914;59,9635;64,5538;2459,3;58,914;59,0842;43,7622;193,783;12,691;670;670,7;53,5451;670;670,7;645;628;-0,700012;17;53,5451;54,159;56,652;2167,55;53,5451;54,2007;45,7023;177,778;12,1924;670;670,7;48,5167;670;670,7;645;637,7;-0,700012;7,29999;48,5167;48,8229;50,3068;2081,65;48,5167;48,6161;42,4521;159,487;13,0522;670;670,6;40,6388;670;670,6;645;635,5;-0,599976;9,5;40,6388;40,9471;44,6162;1678,99;40,6388;40,9247;36,4901;134,259;12,5057
10.10.2025 00:06:38.320000;0;0;670;671;85,2743;670;671;645;615,1;-1;29,9;85,2743;85,2335;69,6557;3410,7;85,2743;85,3414;60,4211;279,92;12,1846;670;671;67,5205;670;671;645;613,4;-1;31,6;67,5205;69,3313;2715,19;67,8567;67,5205;221,68;67,5972;49,4894;12,2482;58,9046;671,4;670;671,4;670;645;619,2;-1,40002;25,8;58,9046;60,1192;64,4073;2465,21;58,9046;59,056;43,7662;193,704;12,7267;670;670,7;53,5408;670;670,7;645;628,2;-0,700012;16,8;53,5408;54,3103;56,652;2172,96;53,5408;54,2117;45,6231;177,827;12,2195;670;670,7;48,5119;670;670,7;645;637,6;-0,700012;7,40002;48,5119;48,7551;50,3584;2079,72;48,5119;48,6664;42,3899;159,626;13,0287;670;670,7;40,5448;670;670,7;645;635,5;-0,700012;9,5;40,5448;40,9512;44,6162;1678,68;40,5448;40,9084;36,4443;134,154;12,5131
10.10.2025 00:06:38.820000;0;0;670;670,9;85,3584;670;670,9;645;615;-0,900024;30;85,3584;85,3539;69,6518;3415,36;85,3584;85,3471;60,4242;279,926;12,201;670;671;67,5139;670;671;645;613,4;-1;31,6;67,5139;69,3647;2707,71;67,6942;67,5139;221,377;67,5007;49,4894;12,2313;58,9854;671,3;670;671,3;670;645;619,1;-1,29999;25,9;58,9854;60,0886;64,3413;2463,15;58,9854;59,0181;43,7838;193,554;12,726;670;670,8;53,4462;670;670,8;645;628,4;-0,799988;16,6;53,4462;54,4189;56,6048;2178,11;53,4462;54,2285;45,5388;177,857;12,2464;670;670,8;48,417;670;670,8;645;637,6;-0,799988;7,40002;48,417;48,8444;50,3215;2083,21;48,417;48,6752;42,3769;159,655;13,0482;670;670,7;40,54;670;670,7;645;635,5;-0,700012;9,5;40,54;40,9975;44,6162;1681,38;40,54;40,9367;36,4097;134,298;12,5198
10.10.2025 00:06:39.320000;0;0;670;670,9;85,3526;670;670,8;645;615;-0,799988;30;85,3526;85,4527;69,6518;3419,94;85,3526;85,413;60,4242;280,168;12,2068;670;671;67,5074;670;670,9;645;613,5;-0,900024;31,5;67,5074;69,3382;2710,45;67,7301;67,5074;221,166;67,4247;49,4894;12,2553;58,9767;671,3;670;671,3;670;645;618,9;-1,29999;26,1;58,9767;60,0814;64,2871;2463,18;58,9767;59,0221;43,7838;193,605;12,7227;670;670,8;53,4411;670;670,8;645;628,5;-0,799988;16,5;53,4411;54,5431;56,5075;2182,76;53,4411;54,1764;45,5132;177,647;12,287;670;670,8;48,412;670;670,8;645;637,6;-0,799988;7,40002;48,412;48,7959;50,3438;2080,5;48,412;48,6765;42,3628;159,697;13,0277;670;670,8;40,4456;670;670,8;645;635,5;-0,799988;9,5;40,4456;41,054;44,593;1682,73;40,4456;40,9085;36,3994;134,167;12,5421
10.10.2025 00:06:39.820000;0;0;670;670,9;85,3474;670;670,9;645;615;-0,900024;30;85,3474;85,5369;69,6509;3422,25;85,3474;85,4236;60,4242;280,202;12,2135;670;670,9;67,5915;670;670,9;645;613,5;-0,900024;31,5;67,5915;69,1883;2725,4;68,0837;67,5915;220,935;67,3661;49,5453;12,3357;59,149;671,1;670;671,1;670;645;618,7;-1,09998;26,3;59,149;60,044;64,3144;2461,32;59,149;59,0129;43,7998;193,575;12,7151;670;670,9;53,3456;670;670,9;645;628,4;-0,900024;16,6;53,3456;54,6803;56,3456;2188,73;53,3456;54,0394;45,4902;177,211;12,351;670;670,8;48,4069;670;670,8;645;637,5;-0,799988;7,5;48,4069;48,759;50,3533;2080,2;48,4069;48,6703;42,3525;159,664;13,0286;670;670,7;40,5306;670;670,7;645;635,6;-0,700012;9,40002;40,5306;41,031;44,6063;1682,59;40,5306;40,9162;36,3355;134,244;12,5338
10.10.2025 00:06:40.320000;0;0;670;670,9;85,3416;670;670,9;645;615;-0,900024;30;85,3416;85,3746;69,6509;3417,15;85,3416;85,4562;60,4187;280,309;12,1906;670;671;67,4955;670;671;645;613,5;-1;31,5;67,4955;68,9718;2735,98;68,3521;67,4955;220,72;67,3044;49,5412;12,3957;59,2324;671;670;671;670;645;618,6;-1;26,4;59,2324;60,1019;64,2794;2464,66;59,2324;59,0803;43,8109;193,835;12,7152;670;671;53,2494;670;671;645;628,3;-1;16,7;53,2494;54,664;56,2416;2186,95;53,2494;53,8952;45,4711;176,776;12,3713;670;670,8;48,4018;670;670,8;645;637,5;-0,799988;7,5;48,4018;48,7751;50,353;2079,61;48,4018;48,6984;42,327;159,731;13,0195;670;670,7;40,5262;670;670,7;645;635,6;-0,700012;9,40002;40,5262;41,077;44,5847;1684,16;40,5262;40,9207;36,3469;134,194;12,5501
10.10.2025 00:06:40.820000;0;0;670;670,9;85,3358;670;670,9;645;615,1;-0,900024;29,9;85,3358;85,3752;69,6509;3415,9;85,3358;85,4255;60,4228;280,193;12,1912;670;671;67,489;670;671;645;613,4;-1;31,6;67,489;69,0129;2726,57;68,173;67,489;220,746;67,2932;49,5504;12,3516;59,406;670,8;670;670,8;670;645;618,4;-0,799988;26,6;59,406;60,0734;64,2426;2463,49;59,406;59,1512;43,7904;194,015;12,6974;670;671;53,2428;670;671;645;628,2;-1;16,8;53,2428;54,4986;56,2499;2180,66;53,2428;53,8251;45,4623;176,507;12,3545;670;670,8;48,3967;670;670,8;645;637,4;-0,799988;7,59998;48,3967;48,7211;50,353;2077,63;48,3967;48,687;42,3163;159,654;13,0133;670;670,6;40,6121;670;670,6;645;635,6;-0,599976;9,40002;40,6121;41,0298;44,6101;1682,06;40,6121;40,9524;36,3493;134,323;12,5225
10.10.2025 00:06:41.320000;0;0;670;670,9;85,33;670;670,9;645;615,3;-0,900024;29,7;85,33;85,0912;69,75;3403,25;85,33;85,3838;60,3429;280,072;12,1514;670;671,1;67,3921;670;671,1;645;613,3;-1,09998;31,7;67,3921;68,9443;2726,88;68,1448;67,3921;221,126;67,397;49,5148;12,3318;59,491;670,7;670;670,7;670;645;618,1;-0,700012;26,9;59,491;60,0013;64,3303;2458,77;59,491;59,2122;43,8334;194,242;12,6583;670;670,9;53,3269;670;670,8;645;628;-0,799988;17;53,3269;54,1936;56,2985;2167,49;53,3269;53,6826;45,5294;176,066;12,3107;670;670,9;48,3012;670;670,9;645;637,4;-0,900024;7,59998;48,3012;48,7175;50,353;2077,15;48,3012;48,6699;42,2712;159,586;13,0159;670;670,6;40,6085;670;670,6;645;635,7;-0,599976;9,29999;40,6085;41,0106;44,6101;1681,91;40,6085;40,912;36,3484;134,153;12,5373
10.10.2025 00:06:41.820000;0;0;670;670,9;85,3239;670;670,9;645;615,4;-0,900024;29,6;85,3239;84,7347;69,9281;3390,43;85,3239;85,3412;60,1946;279,893;12,1133;670;671,1;67,3848;670;671,1;645;613,3;-1,09998;31,7;67,3848;68,9962;2726,43;68,1614;67,3848;221,767;67,5883;49,472;12,2941;59,4866;670,7;670;670,7;670;645;618,1;-0,700012;26,9;59,4866;59,8825;64,4119;2455,02;59,4866;59,2387;43,8668;194,316;12,6342;670;670,8;53,4118;670;670,8;645;627,8;-0,799988;17,2;53,4118;53,9735;56,3557;2159;53,4118;53,6187;45,5778;175,844;12,278;670;670,8;48,3858;670;670,8;645;637,4;-0,799988;7,59998;48,3858;48,7481;50,3525;2078,78;48,3858;48,6489;42,2984;159,568;13,0275;670;670,7;40,5145;670;670,6;645;635,7;-0,599976;9,29999;40,5145;41,0302;44,607;1681,92;40,5145;40,9258;36,2906;134,262;12,5271
10.10.2025 00:06:42.320000;0;0;670;670,9;85,3181;670;670,9;645;615,6;-0,900024;29,4;85,3181;84,7959;69,9164;3394,31;85,3181;85,2984;60,2046;279,753;12,1332;670;671,2;67,2869;670;671,2;645;613,1;-1,20001;31,9;67,2869;69,2184;2711,51;67,8327;67,2869;222,245;67,7499;49,3505;12,2006;59,4823;670,7;670;670,7;670;645;618;-0,700012;27;59,4823;59,8631;64,4033;2455,5;59,4823;59,2772;43,858;194,416;12,6301;670;670,8;53,4067;670;670,8;645;627,7;-0,799988;17,3;53,4067;53,949;56,3265;2159,3;53,4067;53,57;45,5894;175,71;12,289;670;670,8;48,3807;670;670,8;645;637,4;-0,799988;7,59998;48,3807;48,7605;50,3448;2079,63;48,3807;48,6463;42,2862;159,56;13,0335;670;670,7;40,5106;670;670,7;645;635,7;-0,700012;9,29999;40,5106;40,9829;44,6091;1680,3;40,5106;40,8943;36,2848;134,108;12,5295
10.10.2025 00:06:42.820000;0;0;670;670,7;85,4927;670;670,7;645;615,7;-0,700012;29,3;85,4927;85,1148;69,8195;3406,27;85,4927;85,2173;60,349;279,526;12,1859;670;671,3;67,1884;670;671,3;645;613,1;-1,29999;31,9;67,1884;69,2184;2716,6;67,8678;67,1884;222,608;67,8566;49,2382;12,2035;59,4779;670,7;670;670,7;670;645;618;-0,700012;27;59,4779;59,7736;64,4284;2449,76;59,4779;59,2566;43,8721;194,349;12,605;670;670,7;53,4918;670;670,7;645;627,5;-0,700012;17,5;53,4918;54,0487;56,2302;2163,13;53,4918;53,5232;45,6117;175,543;12,3225;670;670,7;48,4661;670;670,7;645;637,4;-0,700012;7,59998;48,4661;48,787;50,309;2080,76;48,4661;48,6083;42,3287;159,422;13,0518;670;670,6;40,5969;670;670,6;645;635,7;-0,599976;9,29999;40,5969;40,9837;44,6089;1680,17;40,5969;40,9168;36,2957;134,194;12,5204
10.10.2025 00:06:43.320000;0;0;670;670,6;85,5787;670;670,6;645;615,9;-0,599976;29,1;85,5787;85,3354;69,8086;3414,62;85,5787;85,2016;60,3638;279,461;12,2186;670;671,3;67,1797;670;671,4;645;613,1;-1,40002;31,9;67,1797;69,295;2707,22;67,6933;67,1797;222,852;67,9428;49,1592;12,148;59,5641;670,6;670;670,6;670;645;618;-0,599976;27;59,5641;59,7558;64,4722;2450,15;59,5641;59,2761;43,9092;194,426;12,602;670;670,6;53,5779;670;670,6;645;627,4;-0,599976;17,6;53,5779;53,989;56,2618;2158,18;53,5779;53,4684;45,6158;175,363;12,3069;670;670,6;48,552;670;670,6;645;637,3;-0,599976;7,70001;48,552;48,7111;50,329;2076,72;48,552;48,5809;42,3427;159,345;13,0328;670;670,7;40,5027;670;670,7;645;635,8;-0,700012;9,20001;40,5027;41,0067;44,5879;1680,79;40,5027;40,8659;36,2618;134,027;12,5407
10.10.2025 00:06:43.820000;0;0;670;670,7;85,4846;670;670,7;645;616,1;-0,700012;28,9;85,4846;85,5006;69,7407;3422,35;85,4846;85,1917;60,4334;279,429;12,2477;670;671,4;67,0803;670;671,4;645;613,1;-1,40002;31,9;67,0803;69,4678;2700,18;67,4775;67,0803;223,165;68,0304;49,0329;12,0995;59,651;670,5;670;670,5;670;645;617,8;-0,5;27,2;59,651;59,6848;64,5144;2447,88;59,651;59,2813;43,957;194,443;12,5892;670;670,7;53,4838;670;670,7;645;627,2;-0,700012;17,8;53,4838;53,9419;56,2212;2157,58;53,4838;53,3951;45,6131;175,11;12,3213;670;670,4;48,7291;670;670,4;645;637,3;-0,400024;7,70001;48,7291;48,7008;50,3436;2076,6;48,7291;48,5585;42,3427;159,297;13,036;670;670,6;40,5888;670;670,6;645;635,9;-0,599976;9,09998;40,5888;41,0118;44,5911;1682,6;40,5888;40,8825;36,274;134,12;12,5455
10.10.2025 00:06:44.320000;0;0;670;670,8;85,3902;670;670,8;645;616,2;-0,799988;28,8;85,3902;85,4241;69,7405;3416,25;85,3902;85,1878;60,4226;279,431;12,2258;670;671,6;66,8904;670;671,6;645;613,2;-1,59998;31,8;66,8904;69,449;2705,12;67,581;66,8904;223,141;68,0461;48,9256;12,1229;59,7387;670,4;670;670,4;670;645;617,9;-0,400024;27,1;59,7387;59,6952;64,5144;2448,14;59,7387;59,3362;43,9704;194,675;12,5755;670;670,6;53,57;670;670,6;645;627,1;-0,599976;17,9;53,57;53,7955;56,3244;2152,04;53,57;53,3834;45,6511;175,099;12,2904;670;670,4;48,7269;670;670,4;645;637,3;-0,400024;7,70001;48,7269;48,7389;50,3436;2077,27;48,7269;48,5545;42,3755;159,222;13,0464;670;670,5;40,6753;670;670,5;645;635,9;-0,5;9,09998;40,6753;41,0853;44,5279;1684,02;40,6753;40,8394;36,3141;133,928;12,574
10.10.2025 00:06:44.820000;0;0;670;670,8;85,3851;670;670,9;645;616,4;-0,900024;28,6;85,3851;85,246;69,7619;3411,84;85,3851;85,1845;60,3694;279,405;12,2111;670;671,7;66,7894;670;671,7;645;613,2;-1,70001;31,8;66,7894;69,3754;2708,45;67,6402;66,7894;222,756;67,9212;48,8696;12,1588;59,8266;670,3;670;670,3;670;645;617,9;-0,299988;27,1;59,8266;59,8239;64,5144;2453,26;59,8266;59,3836;43,986;194,804;12,5935;670;670,6;53,5664;670;670,6;645;627,1;-0,599976;17,9;53,5664;53,7434;56,3425;2149,64;53,5664;53,3916;45,652;175,124;12,2749;670;670,4;48,7247;670;670,4;645;637,4;-0,400024;7,59998;48,7247;48,6863;50,3436;2076,62;48,7247;48,5275;42,3749;159,209;13,0434;670;670,4;40,7625;670;670,4;645;635,9;-0,400024;9,09998;40,7625;41,1089;44,5223;1685,94;40,7625;40,871;36,2959;134,07;12,5751
10.10.2025 00:06:45.320000;0;0;670;670,9;85,2893;670;670,9;645;616,6;-0,900024;28,4;85,2893;85,4868;69,6923;3422,92;85,2893;85,1917;60,3696;279,429;12,2497;670;671,8;66,6874;670;671,8;645;613,3;-1,79999;31,7;66,6874;69,2498;2718,13;67,9221;66,6874;222,151;67,7484;48,7968;12,2355;59,9152;670,2;670;670,2;670;645;617,8;-0,200012;27,2;59,9152;59,8418;64,5144;2452,07;59,9152;59,4811;44,0016;195,149;12,5651;670;670,6;53,5628;670;670,5;645;627;-0,5;18;53,5628;53,7396;56,3389;2150,92;53,5628;53,3912;45,6559;175,097;12,2841;670;670,4;48,7226;670;670,4;645;637,5;-0,400024;7,5;48,7226;48,6949;50,3436;2076,2;48,7226;48,5585;42,3697;159,246;13,0377;670;670,4;40,7603;670;670,4;645;635,9;-0,400024;9,09998;40,7603;41,1012;44,495;1684,83;40,7603;40,8276;36,3341;133,876;12,585
10.10.2025 00:06:45.820000;0;0;670;670,9;85,2847;670;671;645;616,7;-1;28,3;85,2847;85,7463;69,5452;3431,84;85,2847;85,2101;60,3696;279,502;12,2784;670;671,8;66,6775;670;671,8;645;613,2;-1,79999;31,8;66,6775;69,1491;2715,8;67,9141;66,6775;221,39;67,5595;48,8217;12,2671;59,9146;670,2;670;670,2;670;645;617,8;-0,200012;27,2;59,9146;59,8063;64,5212;2451,26;59,9146;59,5468;43,9752;195,352;12,5479;670;670,5;53,6504;670;670,5;645;626,9;-0,5;18,1;53,6504;53,7516;56,3746;2150,76;53,6504;53,4061;45,6916;175,172;12,278;670;670,4;48,7208;670;670,4;645;637,5;-0,400024;7,5;48,7208;48,6722;50,3436;2076,98;48,7208;48,5852;42,3562;159,385;13,0312;670;670,4;40,7586;670;670,4;645;635,9;-0,400024;9,09998;40,7586;41,0412;44,533;1683,65;40,7586;40,8584;36,3341;134,105;12,5547
10.10.2025 00:06:46.320000;0;0;670;670,8;85,369;670;670,8;645;616,7;-0,799988;28,3;85,369;85,7697;69,5531;3434,14;85,369;85,2408;60,382;279,603;12,2822;670;671,8;66,6652;670;671,7;645;613,1;-1,70001;31,9;66,6652;68,8938;2719,21;67,9987;66,6652;220,155;67,1908;48,9233;12,3513;59,9139;670,2;670;670,2;670;645;617,9;-0,200012;27,1;59,9139;59,6753;64,5901;2444,77;59,9139;59,6169;43,9166;195,62;12,4975;670;670,5;53,6475;670;670,4;645;626,8;-0,400024;18,2;53,6475;53,871;56,3119;2157,14;53,6475;53,347;45,7247;174,965;12,329;670;670,4;48,7184;670;670,4;645;637,5;-0,400024;7,5;48,7184;48,6344;50,3436;2074,09;48,7184;48,6475;42,3564;159,551;12,9996;670;670,3;40,8465;670;670,3;645;635,8;-0,299988;9,20001;40,8465;41,0297;44,5506;1681,1;40,8465;40,8894;36,3185;134,066;12,5393
10.10.2025 00:06:46.820000;0;0;670;670,8;85,3639;670;670,8;645;616,8;-0,799988;28,2;85,3639;86,1432;69,3317;3450,5;85,3639;85,325;60,3707;279,883;12,3284;670;671,6;66,8337;670;671,6;645;613;-1,59998;32;66,8337;68,7229;2721,95;68,0094;66,8337;219,515;66,961;49,0671;12,3998;59,8231;670,3;670;670,3;670;645;617,7;-0,299988;27,3;59,8231;59,6185;64,6311;2443,88;59,8231;59,7142;43,9163;195,864;12,4774;670;670,5;53,6451;670;670,5;645;626,8;-0,5;18,2;53,6451;53,9671;56,3005;2160,19;53,6451;53,3996;45,7548;175,181;12,3312;670;670,4;48,7162;670;670,4;645;637,6;-0,400024;7,40002;48,7162;48,6012;50,3514;2071,87;48,7162;48,6715;42,3564;159,674;12,9756;670;670,4;40,7546;670;670,4;645;635,8;-0,400024;9,20001;40,7546;40,9553;44,5701;1678,37;40,7546;40,9115;36,3079;134,263;12,5006
10.10.2025 00:06:47.320000;0;0;670;670,7;85,4489;670;670,7;645;616,7;-0,700012;28,3;85,4489;86,3894;69,1644;3457,76;85,4489;85,3766;60,3707;280,035;12,3476;670;671,4;67,0035;670;671,4;645;612,9;-1,40002;32,1;67,0035;68,6688;2722,43;68,0378;67,0035;219,188;66,8335;49,1062;12,4205;59,6409;670,5;670;670,4;670;645;617,7;-0,400024;27,3;59,6409;59,6361;64,5527;2443,96;59,6409;59,7609;43,9044;196,041;12,4665;670;670,5;53,6422;670;670,5;645;626,7;-0,5;18,3;53,6422;54,0706;56,1864;2163,53;53,6422;53,4049;45,7251;175,168;12,3512;670;670,4;48,714;670;670,4;645;637,7;-0,400024;7,29999;48,714;48,6576;50,345;2074,92;48,714;48,6938;42,3563;159,703;12,9924;670;670,3;40,8427;670;670,3;645;635,8;-0,299988;9,20001;40,8427;40,924;44,5701;1677,88;40,8427;40,9241;36,3254;134,192;12,5036
10.10.2025 00:06:47.820000;0;0;670;670,6;85,5346;670;670,6;645;616,7;-0,599976;28,3;85,5346;86,2288;69,2277;3447,97;85,5346;85,3881;60,3707;280,06;12,3115;670;671,4;66,9941;670;671,3;645;612,8;-1,29999;32,2;66,9941;68,5347;2729,48;68,1739;66,9941;219,275;66,8325;49,1084;12,4478;59,7287;670,4;670;670,4;670;645;617,8;-0,400024;27,2;59,7287;59,4639;64,6652;2438,98;59,7287;59,7987;43,8125;196,127;12,4357;670;670,6;53,5491;670;670,6;645;626,6;-0,599976;18,4;53,5491;54,0932;56,1063;2163,63;53,5491;53,4112;45,6936;175,201;12,3494;670;670,4;48,7118;670;670,4;645;637,7;-0,400024;7,29999;48,7118;48,6999;50,345;2076,4;48,7118;48,692;42,3563;159,722;13,0001;670;670,2;40,9313;670;670,2;645;635,7;-0,200012;9,29999;40,9313;40,8812;44,5701;1676,77;40,9313;40,9258;36,3254;134,275;12,4876
10.10.2025 00:06:48.320000;0;0;670;670,5;85,6212;670;670,5;645;616,8;-0,5;28,2;85,6212;85,8428;69,4839;3433,33;85,6212;85,3785;60,4317;280,013;12,2613;670;671,3;67,0753;670;671,2;645;612,8;-1,20001;32,2;67,0753;68,4691;2730,74;68,2491;67,0753;219,779;66,9642;49,0924;12,4249;59,7265;670,4;670;670,4;670;645;617,7;-0,400024;27,3;59,7265;59,5308;64,6322;2441,56;59,7265;59,7778;43,836;196,053;12,4536;670;670,6;53,5455;670;670,6;645;626,5;-0,599976;18,5;53,5455;54,0445;56,1045;2162,49;53,5455;53,3787;45,7081;175,024;12,3554;670;670,4;48,7096;670;670,4;645;637,8;-0,400024;7,20001;48,7096;48,6043;50,3481;2073,61;48,7096;48,6909;42,3563;159,661;12,9876;670;670,3;40,8405;670;670,3;645;635,6;-0,299988;9,40002;40,8405;40,9278;44,5701;1679,16;40,8405;40,9289;36,3254;134,213;12,5111
10.10.2025 00:06:48.820000;0;0;670;670,5;85,6183;670;670,5;645;616,8;-0,5;28,2;85,6183;85,5674;69,5427;3423,59;85,6183;85,3333;60,4387;279,842;12,234;670;671;67,3374;670;671;645;612,8;-1;32,2;67,3374;68,5053;2728,1;68,1472;67,3374;220,444;67,1693;49,0875;12,3755;59,6338;670,5;670;670,5;670;645;617,7;-0,5;27,3;59,6338;59,711;64,5628;2444,79;59,6338;59,7126;43,8903;195,819;12,485;670;670,6;53,5419;670;670,6;645;626,3;-0,599976;18,7;53,5419;53,9488;56,1284;2158,66;53,5419;53,3407;45,7284;174,945;12,3391;670;670,4;48,7075;670;670,4;645;637,8;-0,400024;7,20001;48,7075;48,6944;50,3452;2077,61;48,7075;48,6567;42,3563;159,607;13,017;670;670,1;41,0195;670;670,2;645;635,6;-0,200012;9,40002;41,0195;40,9383;44,5701;1678,15;41,0195;40,8945;36,3254;134,134;12,511
10.10.2025 00:06:49.320000;0;0;670;670,6;85,525;670;670,6;645;616,9;-0,599976;28,1;85,525;85,7176;69,4951;3431,99;85,525;85,2505;60,4663;279,57;12,276;670;670,9;67,4209;670;670,9;645;612,7;-0,900024;32,3;67,4209;68,5265;2729,07;68,1834;67,4209;220,93;67,3411;49,0879;12,3526;59,6309;670,5;670;670,6;670;645;617,8;-0,599976;27,2;59,6309;59,6252;64,5628;2443,19;59,6309;59,6534;43,8903;195,637;12,4884;670;670,7;53,4478;670;670,7;645;626,3;-0,700012;18,7;53,4478;53,9574;56,0559;2158,2;53,4478;53,305;45,7113;174,828;12,3447;670;670,4;48,7053;670;670,4;645;637,8;-0,400024;7,20001;48,7053;48,7044;50,3452;2077,39;48,7053;48,6485;42,3563;159,503;13,0242;670;670,2;40,9288;670;670,2;645;635,6;-0,200012;9,40002;40,9288;40,9071;44,5701;1677,19;40,9288;40,8707;36,3254;134,005;12,5159
10.10.2025 00:06:49.820000;0;0;670;670,7;85,431;670;670,7;645;617;-0,700012;28;85,431;85,8089;69,3896;3433,25;85,431;85,1565;60,4791;279,273;12,2935;670;670,7;67,5956;670;670,7;645;612,7;-0,700012;32,3;67,5956;68,561;2728,6;68,1956;67,5956;221,353;67,4665;49,0879;12,3269;59,5374;670,6;670;670,6;670;645;617,8;-0,599976;27,2;59,5374;59,67;64,5628;2447,75;59,5374;59,6064;43,8903;195,482;12,5216;670;670,7;53,4435;670;670,6;645;626,2;-0,599976;18,8;53,4435;53,8729;56,0738;2154,66;53,4435;53,3129;45,7097;174,852;12,3228;670;670,5;48,6129;670;670,5;645;637,7;-0,5;7,29999;48,6129;48,7049;50,3452;2077,26;48,6129;48,6015;42,3563;159,412;13,0307;670;670,4;40,7478;670;670,4;645;635,6;-0,400024;9,40002;40,7478;40,9264;44,5701;1678,46;40,7478;40,8629;36,3254;134,081;12,5183
10.10.2025 00:06:50.320000;0;0;670;670,7;85,4267;670;670,7;645;617;-0,700012;28;85,4267;85,8486;69,3502;3435,48;85,4267;85,1122;60,5083;279,173;12,3059;670;670,7;67,5912;670;670,7;645;612,7;-0,700012;32,3;67,5912;68,625;2720,85;68,0939;67,5912;221,64;67,5555;49,088;12,276;59,4437;670,7;670;670,7;670;645;617,7;-0,700012;27,3;59,4437;59,655;64,5628;2446,97;59,4437;59,5664;43,8903;195,385;12,5239;670;670,6;53,5298;670;670,5;645;626,2;-0,5;18,8;53,5298;53,7685;56,1566;2149,2;53,5298;53,3121;45,7509;174,871;12,2902;670;670,5;48,61;670;670,5;645;637,7;-0,5;7,29999;48,61;48,6943;50,3449;2075,66;48,61;48,6087;42,3563;159,406;13,0212;670;670,4;40,7456;670;670,4;645;635,6;-0,400024;9,40002;40,7456;40,9466;44,5701;1679,61;40,7456;40,8466;36,3238;133,935;12,5405
10.10.2025 00:06:50.820000;0;0;670;670,7;85,4223;670;670,9;645;617,1;-0,900024;27,9;85,4223;85,6614;69,4236;3428,14;85,4223;85,1206;60,5171;279,208;12,2781;670;670,7;67,5869;670;670,7;645;612,7;-0,700012;32,3;67,5869;68,7077;2716,36;67,9379;67,5869;221,918;67,6383;49,088;12,2404;59,5297;670,6;670;670,7;670;645;617,9;-0,700012;27,1;59,5297;59,7006;64,525;2444,37;59,5297;59,5276;43,8897;195,225;12,5208;670;670,4;53,7069;670;670,4;645;626,1;-0,400024;18,9;53,7069;53,5619;56,2238;2143,33;53,7069;53,3242;45,7699;174,916;12,2535;670;670,6;48,5168;670;670,6;645;637,6;-0,599976;7,40002;48,5168;48,6752;50,3449;2076,63;48,5168;48,5816;42,3563;159,373;13,03;670;670,5;40,6533;670;670,5;645;635,6;-0,5;9,40002;40,6533;41,0328;44,5271;1682,02;40,6533;40,8548;36,283;134,042;12,5485
10.10.2025 00:06:51.320000;0;0;670;671;85,1463;670;671,1;645;617,2;-1,09998;27,8;85,1463;85,3959;69,4037;3413,84;85,1463;85,1239;60,4404;279,303;12,2227;670;670,6;67,6726;670;670,6;645;612,6;-0,599976;32,4;67,6726;68,6791;2726,94;68,0424;67,6726;222,139;67,7044;49,0791;12,2758;59,4354;670,7;670;670,7;670;645;617,9;-0,700012;27,1;59,4354;59,5686;64,5595;2440,87;59,4354;59,4959;43,8897;195,17;12,5064;670;670,2;53,8849;670;670,2;645;626;-0,200012;19;53,8849;53,709;56,2245;2150,02;53,8849;53,3356;45,8357;175,011;12,2851;670;670,6;48,5131;670;670,6;645;637,5;-0,599976;7,5;48,5131;48,7244;50,3244;2076,78;48,5131;48,5852;42,3563;159,374;13,0308;670;670,5;40,6499;670;670,5;645;635,7;-0,5;9,29999;40,6499;41,0018;44,5386;1681,08;40,6499;40,853;36,2746;133,998;12,5455
10.10.2025 00:06:51.820000;0;0;670;671,1;85,0491;670;671,2;645;617,3;-1,20001;27,7;85,0491;85,3025;69,4609;3414,58;85,0491;85,1724;60,4314;279,271;12,2268;670;670,7;67,5786;670;670,7;645;612,6;-0,700012;32,4;67,5786;68,5456;2735,24;68,3137;67,5786;222,189;67,7533;49,0564;12,3104;59,3398;670,8;670;670,8;670;645;617,9;-0,799988;27,1;59,3398;59,5261;64,5595;2440,25;59,3398;59,4581;43,8821;195,022;12,5127;670;670,1;53,9744;670;670,1;645;626;-0,0999756;19;53,9744;53,6581;56,3406;2147,18;53,9744;53,4273;45,7969;175,241;12,2527;670;670,6;48,5088;670;670,6;645;637,4;-0,599976;7,59998;48,5088;48,6483;50,3426;2073,41;48,5088;48,5596;42,3563;159,288;13,0167;670;670,5;40,647;670;670,5;645;635,7;-0,5;9,29999;40,647;40,9713;44,5511;1679,82;40,647;40,8527;36,2674;134,01;12,5351
10.10.2025 00:06:52.320000;0;0;670;671,3;84,8608;670;671,3;645;617,3;-1,29999;27,7;84,8608;85,3278;69,44;3411,12;84,8608;85,167;60,3514;279,322;12,2121;670;670,7;67,5742;670;670,8;645;612,5;-0,799988;32,5;67,5742;68,4849;2737,83;68,3943;67,5742;222,289;67,7749;49,0407;12,3165;59,4254;670,7;670;670,7;670;645;617,9;-0,700012;27,1;59,4254;59,6006;64,5313;2446,06;59,4254;59,445;43,8459;194,979;12,5452;670;669,9;53,9744;670;669,9;645;626;0,0999756;19;53,9744;53,7227;56,319;2151,85;53,9744;53,4766;45,8086;175,467;12,2635;670;670,6;48,5059;670;670,7;645;637,3;-0,700012;7,70001;48,5059;48,6419;50,3426;2075,26;48,5059;48,5734;42,3563;159,282;13,0288;670;670,4;40,7342;670;670,4;645;635,7;-0,400024;9,29999;40,7342;40,9643;44,5445;1679,38;40,7342;40,8349;36,2659;133,926;12,5396
10.10.2025 00:06:52.820000;0;0;670;671,6;84,5819;670;671,6;645;617,4;-1,59998;27,6;84,5819;84,9647;69,5193;3398,19;84,5819;85,1604;60,3371;279,313;12,1662;670;670,9;67,389;670;670,9;645;612,6;-0,900024;32,4;67,389;68,3881;2742,18;68,551;67,389;222,459;67,815;48,9386;12,3267;59,3297;670,8;670;670,8;670;645;617,8;-0,799988;27,2;59,3297;59,6515;64,4923;2445,31;59,3297;59,4263;43,8847;194,918;12,5453;670;669,9;53,9744;670;669,9;645;626;0,0999756;19;53,9744;53,7465;56,3136;2150,72;53,9744;53,5283;45,8115;175,573;12,2497;670;670,6;48,5009;670;670,6;645;637,3;-0,599976;7,70001;48,5009;48,7108;50,3034;2077,35;48,5009;48,5389;42,3545;159,22;13,047;670;670,5;40,6416;670;670,5;645;635,8;-0,5;9,20001;40,6416;40,9837;44,5385;1680,33;40,6416;40,8472;36,2574;133,979;12,5418
10.10.2025 00:06:53.320000;0;0;670;671,4;84,7511;670;671,4;645;617,4;-1,40002;27,6;84,7511;84,9333;69,5255;3401,09;84,7511;85,126;60,2095;279,194;12,1818;670;670,9;67,3832;670;670,9;645;612,6;-0,900024;32,4;67,3832;68,3892;2741,48;68,4935;67,3832;222,481;67,8321;48,9067;12,3223;59,3246;670,8;670;670,8;670;645;617,7;-0,799988;27,3;59,3246;59,6599;64,4327;2448,12;59,3246;59,3823;43,8847;194,774;12,569;670;669,8;54,0649;670;669,8;645;626,1;0,200012;18,9;54,0649;53,7858;56,3483;2152,27;54,0649;53,5784;45,8149;175,75;12,2462;670;670,5;48,5877;670;670,5;645;637,2;-0,5;7,79999;48,5877;48,7742;50,2904;2079,73;48,5877;48,5029;42,3545;159,09;13,0727;670;670,4;40,7289;670;670,4;645;635,8;-0,400024;9,20001;40,7289;40,9335;44,5446;1678,12;40,7289;40,8114;36,2933;133,848;12,5375
10.10.2025 00:06:53.820000;0;0;670;671,5;84,6514;670;671,5;645;617,5;-1,5;27,5;84,6514;85,4473;69,3624;3422,62;84,6514;85,1188;60,2236;279,215;12,258;670;670,9;67,3774;670;671;645;612,7;-1;32,3;67,3774;68,3904;2734,53;68,3679;67,3774;222,221;67,7739;48,9056;12,3054;59,3205;670,8;670;670,8;670;645;617,7;-0,799988;27,3;59,3205;59,6932;64,4139;2447,76;59,3205;59,3619;43,8847;194,707;12,5715;670;669,8;54,0656;670;669,8;645;626,2;0,200012;18,8;54,0656;53,801;56,3514;2153,22;54,0656;53,6325;45,8059;175,94;12,2384;670;670,3;48,7654;670;670,3;645;637,2;-0,299988;7,79999;48,7654;48,7371;50,3296;2077,51;48,7654;48,514;42,4056;159,139;13,0547;670;670,4;40,7263;670;670,4;645;635,8;-0,400024;9,20001;40,7263;40,937;44,5487;1678,6;40,7263;40,8265;36,2549;133,916;12,5348
10.10.2025 00:06:54.320000;0;0;670;671,5;84,6412;670;671,5;645;617,7;-1,5;27,3;84,6412;85,8416;69,1571;3436,79;84,6412;85,1559;60,1784;279,35;12,3028;670;670,9;67,37;670;670,9;645;612,5;-0,900024;32,5;67,37;68,2916;2731,07;68,2573;67,37;221,481;67,5482;48,9732;12,3309;59,3144;670,8;670;670,8;670;645;617,7;-0,799988;27,3;59,3144;59,4803;64,5189;2439,81;59,3144;59,3788;43,8847;194,775;12,5263;670;669,9;53,9762;670;669,9;645;626,3;0,0999756;18,7;53,9762;53,9125;56,3049;2157,84;53,9762;53,6689;45,8404;176,034;12,2581;670;670,2;48,8539;670;670,2;645;637,1;-0,200012;7,90002;48,8539;48,646;50,3388;2074,43;48,8539;48,5503;42,3605;159,245;13,0266;670;670,3;40,8145;670;670,3;645;635,8;-0,299988;9,20001;40,8145;40,898;44,5531;1676,49;40,8145;40,8038;36,29;133,824;12,5276
10.10.2025 00:06:54.820000;0;0;670;671,5;84,629;670;671,5;645;617,7;-1,5;27,3;84,629;85,8013;69,1467;3432,15;84,629;85,1899;60,1248;279,423;12,283;670;670,9;67,3642;670;670,9;645;612,5;-0,900024;32,5;67,3642;68,179;2725,13;68,2089;67,3642;220,81;67,3397;49,0031;12,3415;59,3093;670,8;670;670,8;670;645;617,6;-0,799988;27,4;59,3093;59,6445;64,4408;2445,58;59,3093;59,3936;43,8847;194,824;12,5528;670;669,9;53,9762;670;669,9;645;626,5;0,0999756;18,5;53,9762;53,8686;56,2826;2154,65;53,9762;53,7386;45,8007;176,301;12,2214;670;670,1;48,9437;670;670,1;645;637,1;-0,0999756;7,90002;48,9437;48,6099;50,4572;2072,73;48,9437;48,5691;42,3605;159,345;13,0078;670;670,3;40,8131;670;670,3;645;635,8;-0,299988;9,20001;40,8131;40,9166;44,5531;1677,74;40,8131;40,8385;36,29;133,963;12,5239
10.10.2025 00:06:55.320000;0;0;670;671,4;84,7089;670;671,4;645;617,7;-1,40002;27,3;84,7089;85,4936;69,3027;3421,11;84,7089;85,2342;60,071;279,568;12,2371;670;670,8;67,4491;670;670,8;645;612,4;-0,799988;32,6;67,4491;68,3874;2714,2;67,8278;67,4491;220,197;67,1331;49,0969;12,3262;59,3042;670,8;670;670,8;670;645;617,6;-0,799988;27,4;59,3042;59,6205;64,4607;2443,8;59,3042;59,4258;43,8761;194,942;12,536;670;669,9;53,9762;670;669,9;645;626,6;0,0999756;18,4;53,9762;53,8901;56,2794;2155,99;53,9762;53,7946;45,789;176,458;12,2182;670;670;48,9437;670;670;645;637,2;0;7,79999;48,9437;48,5988;50,4772;2072,57;48,9437;48,6015;42,3605;159,438;12,9993;670;670,2;40,9018;670;670,2;645;635,8;-0,200012;9,20001;40,9018;40,9861;44,5531;1680,75;40,9018;40,8433;36,29;133,965;12,5462
10.10.2025 00:06:55.820000;0;0;670;671,4;84,6995;670;671,4;645;617,7;-1,40002;27,3;84,6995;85,1285;69,3922;3406,66;84,6995;85,2513;60,0662;279,624;12,183;670;670,7;67,5343;670;670,7;645;612,2;-0,700012;32,8;67,5343;68,396;2715,44;67,8549;67,5343;219,689;66,9902;49,2094;12,3604;59,4802;670,6;670;670,6;670;645;617,5;-0,599976;27,5;59,4802;59,4912;64,5058;2437,22;59,4802;59,4476;43,8833;195,001;12,4985;670;669,9;53,9762;670;669,9;645;626,7;0,0999756;18,3;53,9762;53,7745;56,3328;2150,88;53,9762;53,8475;45,789;176,633;12,1771;670;670,1;48,9437;670;670,1;645;637,2;-0,0999756;7,79999;48,9437;48,708;50,4349;2076,75;48,9437;48,6311;42,3605;159,536;13,0175;670;670,3;40,8106;670;670,3;645;635,8;-0,299988;9,20001;40,8106;40,9987;44,5409;1680,95;40,8106;40,8771;36,29;134,09;12,536
10.10.2025 00:06:56.320000;0;0;670;671,4;84,69;670;671,4;645;617,6;-1,40002;27,4;84,69;85,3128;69,3812;3415,16;84,69;85,2589;60,0282;279,636;12,2129;670;670,6;67,6204;670;670,5;645;612,1;-0,5;32,9;67,6204;68,259;2727,27;68,1745;67,6204;219,249;66,8521;49,3347;12,4391;59,5671;670,5;670;670,5;670;645;617,4;-0,5;27,6;59,5671;59,5064;64,5064;2439,76;59,5671;59,4658;43,8833;195,061;12,5077;670;670;53,9762;670;670;645;626,8;0;18,2;53,9762;53,7875;56,3356;2153;53,9762;53,8733;45,7864;176,73;12,1824;670;670,2;48,8531;670;670,2;645;637,2;-0,200012;7,79999;48,8531;48,7537;50,3714;2078,38;48,8531;48,6371;42,3673;159,517;13,0292;670;670,3;40,8095;670;670,3;645;635,8;-0,299988;9,20001;40,8095;40,9647;44,5515;1679,87;40,8095;40,8788;36,29;134,083;12,5286
10.10.2025 00:06:56.820000;0;0;670;671,4;84,6806;670;671,4;645;617,5;-1,40002;27,5;84,6806;85,471;69,3164;3419,99;84,6806;85,2511;59,9969;279,636;12,2301;670;670,4;67,7977;670;670,4;645;611,9;-0,400024;33,1;67,7977;68,3144;2727,28;68,1907;67,7977;219,211;66,8247;49,4687;12,4414;59,8355;670,2;670;670,2;670;645;617,4;-0,200012;27,6;59,8355;59,5234;64,5736;2439,98;59,8355;59,4541;43,8833;194,997;12,5129;670;670,1;53,9762;670;670,1;645;627,1;-0,0999756;17,9;53,9762;53,795;56,3372;2152,5;53,9762;53,9125;45,7786;176,833;12,1725;670;670,2;48,8523;670;670,2;645;637,2;-0,200012;7,79999;48,8523;48,7843;50,3715;2080,16;48,8523;48,6371;42,3829;159,543;13,0383;670;670,3;40,808;670;670,3;645;635,8;-0,299988;9,20001;40,808;40,9764;44,5515;1680,51;40,808;40,918;36,286;134,211;12,5214
10.10.2025 00:06:57.320000;0;0;670;671,4;84,6712;670;671,5;645;617,5;-1,5;27,5;84,6712;85,6195;69,2362;3427,9;84,6712;85,2585;59,9578;279,622;12,259;670;670,2;67,9766;670;670,2;645;611,9;-0,200012;33,1;67,9766;68,4466;2724,24;68,0868;67,9766;219,521;66,927;49,5606;12,41;59,9249;670;670;670;670;645;617,3;0;27,7;59,9249;59,5066;64,6431;2441,85;59,9249;59,4433;43,8833;194,987;12,5232;670;670,1;53,9762;670;670,1;645;627,2;-0,0999756;17,8;53,9762;53,8639;56,3073;2156,54;53,9762;53,9058;45,7847;176,811;12,1969;670;670,2;48,8516;670;670,2;645;637,2;-0,200012;7,79999;48,8516;48,8627;50,3715;2083,67;48,8516;48,6347;42,4165;159,509;13,063;670;670,4;40,7163;670;670,4;645;635,8;-0,400024;9,20001;40,7163;41,0431;44,5154;1682,77;40,7163;40,8729;36,2669;134,05;12,5533
10.10.2025 00:06:57.820000;0;0;670;671,4;84,6611;670;671,4;645;617,4;-1,40002;27,6;84,6611;85,7338;69,1177;3429,58;84,6611;85,1806;59,9145;279,341;12,2774;670;670,1;68,0664;670;670,1;645;611,8;-0,0999756;33,2;68,0664;68,4974;2715,34;67,8764;68,0664;220,225;67,1184;49,5014;12,3298;59,9249;669,9;670;669,9;670;645;617,2;0,0999756;27,8;59,9249;59,5427;64,6848;2440,61;59,9249;59,4267;43,8928;194,894;12,5228;670;670,2;53,8856;670;670,2;645;627,3;-0,200012;17,7;53,8856;53,9273;56,3013;2157,16;53,8856;53,8968;45,7847;176,781;12,2024;670;670,2;48,8509;670;670,2;645;637,2;-0,200012;7,79999;48,8509;48,8547;50,3715;2083,96;48,8509;48,6215;42,4298;159,453;13,0695;670;670,4;40,7141;670;670,4;645;635,8;-0,400024;9,20001;40,7141;41,0342;44,5328;1682,24;40,7141;40,9063;36,2481;134,198;12,5355
10.10.2025 00:06:58.320000;0;0;670;671,4;84,6517;670;671,4;645;617,2;-1,40002;27,8;84,6517;85,8365;68,9904;3433,4;84,6517;85,0944;59,9554;279,084;12,3024;670;669,9;68,0664;670;669,9;645;611,7;0,0999756;33,3;68,0664;68,5321;2713,56;67,8204;68,0664;220,919;67,3299;49,4301;12,283;60,0151;669,8;670;669,8;670;645;617,2;0,200012;27,8;60,0151;59,4068;64,8186;2434,4;60,0151;59,411;43,887;194,868;12,4926;670;670,4;53,7041;670;670,4;645;627,4;-0,400024;17,6;53,7041;53,9733;56,3013;2160,28;53,7041;53,8772;45,7847;176,704;12,2254;670;670,3;48,7598;670;670,3;645;637,2;-0,299988;7,79999;48,7598;48,8847;50,3589;2084,28;48,7598;48,6175;42,4022;159,44;13,0725;670;670,5;40,6216;670;670,5;645;635,9;-0,5;9,09998;40,6216;41,1008;44,4735;1685,29;40,6216;40,8632;36,2213;134,018;12,5751
10.10.2025 00:06:58.820000;0;0;670;671,2;84,8233;670;671,2;645;617,2;-1,20001;27,8;84,8233;85,2006;69,2216;3408,43;84,8233;84,97;60,0608;278,68;12,2306;670;669,8;68,1566;670;669,8;645;611,7;0,200012;33,3;68,1566;68,6741;2706,26;67,6542;68,1566;221,364;67,4802;49,3188;12,2254;60,0158;669,8;670;669,8;670;645;617,2;0,200012;27,8;60,0158;59,4497;64,8302;2437,12;60,0158;59,3893;43,887;194,787;12,5117;670;670,4;53,7019;670;670,4;645;627,4;-0,400024;17,6;53,7019;53,989;56,2908;2158,98;53,7019;53,8714;45,7529;176,688;12,2192;670;670,2;48,8487;670;670,2;645;637,2;-0,200012;7,79999;48,8487;48,9015;50,3693;2085,48;48,8487;48,5845;42,457;159,334;13,0888;670;670,6;40,5285;670;670,6;645;635,9;-0,599976;9,09998;40,5285;41,1052;44,4715;1685,31;40,5285;40,8813;36,1665;134,093;12,5683
10.10.2025 00:06:59.320000;0;0;670;671;84,9958;670;671;645;617,2;-1;27,8;84,9958;84,9453;69,2829;3397,41;84,9958;84,8673;60,0779;278,339;12,206;670;669,8;68,1573;670;669,8;645;611,7;0,200012;33,3;68,1573;68,7264;2705,49;67,6058;68,1573;221,292;67,4748;49,3034;12,2259;60,0166;669,8;670;669,8;670;645;617,2;0,200012;27,8;60,0166;59,5431;64,8135;2441,59;60,0166;59,411;43,9001;194,894;12,5278;670;670,4;53,6998;670;670,4;645;627,3;-0,400024;17,7;53,6998;53,7408;56,312;2150,65;53,6998;53,8655;45,7501;176,666;12,1735;670;670,2;48,848;670;670,2;645;637,2;-0,200012;7,79999;48,848;48,8742;50,3693;2083,84;48,848;48,5901;42,4654;159,388;13,0739;670;670,4;40,7054;670;670,4;645;635,9;-0,400024;9,09998;40,7054;41,0656;44,459;1683,37;40,7054;40,8319;36,2084;133,89;12,5728
10.10.2025 00:06:59.820000;0;0;670;670,8;85,1697;670;670,8;645;617,2;-0,799988;27,8;85,1697;84,9304;69,3543;3398,58;85,1697;84,7916;60,0948;278,104;12,2205;670;669,7;68,2481;670;669,7;645;611,7;0,299988;33,3;68,2481;68,797;2702,33;67,5232;68,2481;221,121;67,4229;49,2939;12,221;59,9266;670;670;670;670;645;617,4;0;27,6;59,9266;59,5657;64,7756;2443,79;59,9266;59,4219;43,9072;194,904;12,5385;670;670,4;53,6976;670;670,4;645;627,2;-0,400024;17,8;53,6976;53,721;56,3267;2150,18;53,6976;53,8686;45,743;176,689;12,1693;670;670,2;48,8473;670;670,2;645;637,2;-0,200012;7,79999;48,8473;48,8996;50,3693;2084,92;48,8473;48,5894;42,4759;159,399;13,0799;670;670,4;40,7032;670;670,4;645;635,9;-0,400024;9,09998;40,7032;41,073;44,4209;1683,83;40,7032;40,7843;36,2539;133,721;12,5921
10.10.2025 00:07:00.320000;0;0;670;670,7;85,2549;670;670,7;645;617,2;-0,700012;27,8;85,2549;84,8639;69,4423;3394,63;85,2549;84,7362;60,0924;277,909;12,2149;670;669,8;68,1592;670;669,8;645;611,8;0,200012;33,2;68,1592;68,813;2704,34;67,5694;68,1592;220,863;67,3441;49,3452;12,2444;59,8361;670,2;670;670,2;670;645;617,6;-0,200012;27,4;59,8361;59,7468;64,6515;2449,78;59,8361;59,4489;43,9788;194,992;12,5635;670;670,4;53,6954;670;670,4;645;627,2;-0,400024;17,8;53,6954;53,7465;56,3304;2151,52;53,6954;53,8956;45,7257;176,778;12,1708;670;670,2;48,8465;670;670,3;645;637,2;-0,299988;7,79999;48,8465;48,8219;50,3693;2081,92;48,8465;48,593;42,4741;159,385;13,0622;670;670,3;40,7912;670;670,3;645;635,9;-0,299988;9,09998;40,7912;41,0135;44,3959;1681,56;40,7912;40,6391;36,2539;133,27;12,6176
10.10.2025 00:07:00.820000;0;0;670;670,7;85,2506;670;670,7;645;617,3;-0,700012;27,7;85,2506;84,6758;69,5608;3388,39;85,2506;84,6527;60,0815;277,635;12,2044;670;670;68,0693;670;670;645;611,8;0;33,2;68,0693;68,8159;2701,2;67,527;68,0693;220,641;67,2687;49,3696;12,2425;59,6548;670,4;670;670,4;670;645;617,7;-0,400024;27,3;59,6548;59,6613;64,6515;2444,83;59,6548;59,4519;43,9545;195,015;12,5366;670;670,5;53,6029;670;670,5;645;627;-0,5;18;53,6029;53,6787;56,3829;2147,53;53,6029;53,9223;45,6685;176,891;12,1404;670;670,3;48,7552;670;670,3;645;637,2;-0,299988;7,79999;48,7552;48,7361;50,3693;2078,43;48,7552;48,6041;42,4408;159,486;13,0321;670;670,3;40,7897;670;670,3;645;635,9;-0,299988;9,09998;40,7897;40,9852;44,4471;1680,71;40,7897;40,5876;36,2999;133,063;12,6309
10.10.2025 00:07:01.320000;0;0;670;670,7;85,2464;670;670,7;645;617,4;-0,700012;27,6;85,2464;84,776;69,5362;3392,07;85,2464;84,5847;60,1205;277,412;12,2276;670;670;68,0693;670;670;645;611,9;0;33,1;68,0693;68,876;2698,96;67,4711;68,0693;220,506;67,2432;49,3636;12,2398;59,5623;670,5;670;670,5;670;645;617,9;-0,5;27,1;59,5623;59,701;64,632;2448,86;59,5623;59,4811;43,9134;195,098;12,552;670;670,5;53,6;670;670,5;645;626,9;-0,5;18,1;53,6;53,7579;56,3555;2152,46;53,6;53,9317;45,6483;176,896;12,1679;670;670,4;48,6636;670;670,4;645;637,4;-0,400024;7,59998;48,6636;48,7425;50,3693;2078,86;48,6636;48,6329;42,4324;159,503;13,0334;670;670,3;40,7878;670;670,3;645;635,9;-0,299988;9,09998;40,7878;40,9731;44,3982;1678,62;40,7878;40,4948;36,3071;132,771;12,6429
10.10.2025 00:07:01.820000;0;0;670;670,7;85,242;670;670,7;645;617,5;-0,700012;27,5;85,242;84,8698;69,5075;3395,51;85,242;84,5301;60,1906;277,259;12,2467;670;670,1;68,0693;670;670,1;645;612;-0,0999756;33;68,0693;68,9159;2700,07;67,4547;68,0693;220,523;67,2286;49,3716;12,2439;59,5589;670,5;670;670,5;670;645;618;-0,5;27;59,5589;59,8611;64,5399;2455,74;59,5589;59,4746;43,9134;195,089;12,5878;670;670,6;53,5066;670;670,6;645;626,8;-0,599976;18,2;53,5066;53,8178;56,334;2154,05;53,5066;53,945;45,5867;176,952;12,1731;670;670,4;48,6614;670;670,4;645;637,4;-0,400024;7,59998;48,6614;48,7291;50,3688;2078,61;48,6614;48,6582;42,4286;159,624;13,0219;670;670,3;40,7864;670;670,3;645;635,9;-0,299988;9,09998;40,7864;40,8755;44,4835;1675,26;40,7864;40,4617;36,3694;132,663;12,6279
10.10.2025 00:07:02.320000;0;0;670;670,7;85,2377;670;670,7;645;617,6;-0,700012;27,4;85,2377;84,7262;69,6003;3391,36;85,2377;84,5326;60,1415;277,267;12,2314;670;670,1;68,0693;670;670,1;645;612;-0,0999756;33;68,0693;68,8841;2704,27;67,5756;68,0693;220,311;67,1678;49,4573;12,2748;59,4655;670,6;670;670,6;670;645;617,9;-0,599976;27,1;59,4655;59,9469;64,4608;2458,46;59,4655;59,5233;43,9134;195,224;12,5931;670;670,6;53,503;670;670,8;645;626,7;-0,799988;18,3;53,503;53,8178;56,3473;2153,42;53,503;53,97;45,5515;177,009;12,1656;670;670,4;48,6593;670;670,4;645;637,5;-0,400024;7,5;48,6593;48,7405;50,3688;2078,14;48,6593;48,6948;42,4286;159,706;13,0122;670;670,3;40,7849;670;670,3;645;635,8;-0,299988;9,20001;40,7849;40,8119;44,4835;1673,29;40,7849;40,3649;36,4256;132,397;12,6384
10.10.2025 00:07:02.820000;0;0;670;670,7;85,2333;670;670,7;645;617,5;-0,700012;27,5;85,2333;85,2215;69,402;3411,5;85,2333;84,4973;60,3808;277,164;12,3086;670;670,3;67,888;670;670,3;645;612,1;-0,299988;32,9;67,888;68,6992;2714,97;67,7952;67,888;220,298;67,16;49,574;12,3241;59,552;670,5;670;670,5;670;645;617,9;-0,5;27,1;59,552;59,7102;64,5575;2449,24;59,552;59,5115;43,9134;195,198;12,5475;670;670,8;53,318;670;670,8;645;626,7;-0,799988;18,3;53,318;53,7864;56,3585;2151,36;53,318;53,9544;45,4514;176,957;12,1575;670;670,4;48,6571;670;670,4;645;637,5;-0,400024;7,5;48,6571;48,7068;50,3688;2074,86;48,6571;48,7262;42,4286;159,847;12,9803;670;670,3;40,7835;670;670,3;645;635,8;-0,299988;9,20001;40,7835;40,7653;44,4835;1670,26;40,7835;40,4433;36,4057;132,731;12,5838
10.10.2025 00:07:03.320000;0;0;670;670,7;85,2298;670;670,7;645;617,5;-0,700012;27,5;85,2298;85,4695;69,3305;3420,61;85,2298;84,4738;60,4279;277,061;12,346;670;670,4;67,7964;670;670,4;645;612,1;-0,400024;32,9;67,7964;68,6637;2719,69;67,965;67,7964;220,105;67,1169;49,6229;12,3563;59,5496;670,5;670;670,5;670;645;617,8;-0,5;27,2;59,5496;59,8161;64,5173;2452,46;59,5496;59,535;43,9134;195,288;12,5582;670;670,9;53,2239;670;670,9;645;626,7;-0,900024;18,3;53,2239;53,7013;56,4036;2149,07;53,2239;53,9465;45,4244;176,919;12,1472;670;670,5;48,565;670;670,4;645;637,6;-0,400024;7,40002;48,565;48,6521;50,3688;2075;48,565;48,734;42,3998;159,809;12,9843;670;670,2;40,8727;670;670,2;645;635,8;-0,200012;9,20001;40,8727;40,6831;44,5298;1667,53;40,8727;40,5529;36,3358;133,155;12,5232
10.10.2025 00:07:03.820000;0;0;670;670,7;85,2255;670;670,7;645;617,5;-0,700012;27,5;85,2255;85,539;69,2797;3424,46;85,2255;84,4157;60,495;276,845;12,3696;670;670,5;67,704;670;670,5;645;612,1;-0,5;32,9;67,704;68,6954;2703,73;67,642;67,704;220,222;67,1292;49,5943;12,2773;59,6371;670,4;670;670,4;670;645;617,5;-0,400024;27,5;59,6371;59,8777;64,5193;2454,03;59,6371;59,5237;43,9192;195,225;12,5702;670;671;53,128;670;671;645;626,8;-1;18,2;53,128;53,7481;56,3697;2148,86;53,128;53,9117;45,3603;176,779;12,1557;670;670,5;48,5624;670;670,5;645;637,7;-0,5;7,29999;48,5624;48,6805;50,3688;2077,49;48,5624;48,7069;42,4073;159,772;13,0029;670;670,1;40,9622;670;670,1;645;635,7;-0,0999756;9,29999;40,9622;40,6788;44,5834;1667,67;40,9622;40,796;36,3169;133,939;12,4509
10.10.2025 00:07:04.320000;0;0;670;670,7;85,2211;670;670,5;645;617,5;-0,5;27,5;85,2211;85,8935;69,0769;3436,36;85,2211;84,3295;60,5778;276,541;12,4262;670;670,5;67,7011;670;670,5;645;612;-0,5;33;67,7011;68,8335;2692,2;67,3377;67,7011;220,434;67,1957;49,4628;12,2132;59,6349;670,4;670;670,4;670;645;617,4;-0,400024;27,6;59,6349;59,9734;64,4616;2457,95;59,6349;59,512;43,9243;195,194;12,5924;670;671,1;53,0313;670;671,1;645;626,8;-1,09998;18,2;53,0313;53,7315;56,3413;2152,52;53,0313;53,7981;45,2889;176,401;12,2024;670;670,5;48,5595;670;670,5;645;637,7;-0,5;7,29999;48,5595;48,703;50,3688;2076,37;48,5595;48,6991;42,4062;159,716;13,0005;670;670,1;40,9617;670;670,1;645;635,7;-0,0999756;9,29999;40,9617;40,6509;44,5853;1665,73;40,9617;40,9174;36,2505;134,269;12,4058
10.10.2025 00:07:04.820000;0;0;670;670,4;85,4881;670;670,4;645;617,5;-0,400024;27,5;85,4881;85,6557;69,2641;3424,4;85,4881;84,2361;60,7503;276,269;12,3952;670;670,4;67,7887;670;670,4;645;611,9;-0,400024;33,1;67,7887;69,0525;2682,33;67,0473;67,7887;220,962;67,3333;49,3684;12,1393;59,8137;670,2;670;670,2;670;645;617,3;-0,200012;27,7;59,8137;60,0543;64,5002;2462,55;59,8137;59,4889;44,013;195,137;12,6196;670;671,1;53,024;670;671,1;645;626,8;-1,09998;18,2;53,024;53,8463;56,3157;2156,31;53,024;53,6967;45,2849;176,096;12,2451;670;670,5;48,5566;670;670,5;645;637,7;-0,5;7,29999;48,5566;48,6392;50,3688;2073,98;48,5566;48,6564;42,4207;159,651;12,9907;670;670,1;40,9617;670;670,2;645;635,7;-0,200012;9,29999;40,9617;40,6897;44,6492;1669,24;40,9617;41,0548;36,1959;134,764;12,3864
10.10.2025 00:07:05.320000;0;0;670;670,5;85,3959;670;670,5;645;617,5;-0,5;27,5;85,3959;85,3857;69,3429;3419,51;85,3959;84,217;60,8238;276,206;12,3803;670;670,3;67,8769;670;670,3;645;611,8;-0,299988;33,2;67,8769;69,1578;2681,85;67,0122;67,8769;221,458;67,4903;49,272;12,11;59,9035;670;670;669,9;670;645;617,2;0,0999756;27,8;59,9035;60,1214;64,5035;2465,3;59,9035;59,4796;44,0709;195,093;12,6365;670;671,2;52,9264;670;671,2;645;626,8;-1,20001;18,2;52,9264;53,9095;56,2163;2157,72;52,9264;53,5763;45,2573;175,627;12,2858;670;670,4;48,6442;670;670,4;645;637,8;-0,400024;7,20001;48,6442;48,5561;50,3708;2069,63;48,6442;48,6601;42,4186;159,554;12,9714;670;670,2;40,8711;670;670,3;645;635,7;-0,299988;9,29999;40,8711;40,7641;44,6635;1671,81;40,8711;41,1233;36,1799;134,936;12,3896
10.10.2025 00:07:05.820000;0;0;670;670,3;85,5731;670;670,3;645;617,4;-0,299988;27,6;85,5731;85,4433;69,3404;3417,5;85,5731;84,1758;60,9172;276,122;12,3768;670;670,3;67,8755;670;670,2;645;611,7;-0,200012;33,3;67,8755;69,2406;2675,3;66,9401;67,8755;221,815;67,607;49,1682;12,0609;59,9035;670,1;670;670,1;670;645;617;-0,0999756;28;59,9035;60,0584;64,5298;2462,39;59,9035;59,442;44,1088;194,982;12,6288;670;671,1;53,0088;670;671,1;645;626,9;-1,09998;18,1;53,0088;54,0782;56,0252;2164,47;53,0088;53,4112;45,3268;175,073;12,3632;670;670,4;48,642;670;670,4;645;637,8;-0,400024;7,20001;48,642;48,6278;50,3689;2075,09;48,642;48,6168;42,42;159,467;13,0127;670;670,4;40,6895;670;670,4;645;635,7;-0,400024;9,29999;40,6895;40,8071;44,6971;1673,57;40,6895;41,1994;36,1007;135,178;12,3805
10.10.2025 00:07:06.320000;0;0;670;670,3;85,5717;670;670,3;645;617,3;-0,299988;27,7;85,5717;85,5463;69,3423;3423,22;85,5717;84,3126;60,9983;276,659;12,3734;670;670,1;68,0552;670;670,1;645;611,8;-0,0999756;33,2;68,0552;69,4717;2676,86;66,7916;68,0552;221,99;67,6765;49,0316;12,0585;59,9035;670,1;670;670,1;670;645;617;-0,0999756;28;59,9035;59,9048;64,556;2455,3;59,9035;59,5111;44,1033;195,221;12,577;670;671,1;53,0015;670;671,1;645;627;-1,09998;18;53,0015;54,1433;55,9;2165,32;53,0015;53,3078;45,3488;174,797;12,3876;670;670,5;48,5498;670;670,5;645;637,8;-0,5;7,20001;48,5498;48,6875;50,3689;2075,71;48,5498;48,5966;42,42;159,357;13,0256;670;670,4;40,6877;670;670,4;645;635,7;-0,400024;9,29999;40,6877;40,8298;44,7192;1674,98;40,6877;41,2301;36,0977;135,247;12,3846
10.10.2025 00:07:06.820000;0;0;670;670,2;85,6604;670;670,2;645;617,2;-0,200012;27,8;85,6604;85,4453;69,4009;3420,46;85,6604;84,5338;60,9358;277,451;12,3282;670;670,1;68,0552;670;670,1;645;611,9;-0,0999756;33,1;68,0552;69,4211;2677,96;67,0187;68,0552;221,829;67,6505;49,0909;12,0722;59,9035;670,1;670;670,2;670;645;617;-0,200012;28;59,9035;59,9391;64,556;2458,78;59,9035;59,5359;44,1097;195,291;12,5904;670;671,1;52,9943;670;671,1;645;627,1;-1,09998;17,9;52,9943;54,1638;55,8033;2165,66;52,9943;53,2306;45,3661;174,532;12,4084;670;670,5;48,5469;670;670,5;645;637,8;-0,5;7,20001;48,5469;48,6238;50,3682;2073,8;48,5469;48,5663;42,42;159,285;13,0194;670;670,3;40,7759;670;670,3;645;635,7;-0,299988;9,29999;40,7759;40,8768;44,7129;1676,27;40,7759;41,231;36,0691;135,186;12,3997
10.10.2025 00:07:07.320000;0;0;670;670,2;85,6597;670;670,2;645;617,3;-0,200012;27,7;85,6597;85,2486;69,51;3412,59;85,6597;84,8172;60,7839;278,367;12,2593;670;670,2;67,9648;670;670,2;645;612;-0,200012;33;67,9648;69,3614;2688,85;67,1652;67,9648;221,335;67,5232;49,1665;12,1483;59,8129;670,2;670;670,2;670;645;617;-0,200012;28;59,8129;59,9165;64,5538;2456,74;59,8129;59,5851;44,0663;195,478;12,5679;670;671,1;52,987;670;671;645;627,2;-1;17,8;52,987;54,1762;55,7102;2165,68;52,987;53,1664;45,3822;174,373;12,4198;670;670,5;48,544;670;670,6;645;637,9;-0,599976;7,09998;48,544;48,6795;50,3538;2075,06;48,544;48,5531;42,42;159,241;13,0309;670;670,4;40,6842;670;670,4;645;635,7;-0,400024;9,29999;40,6842;40,8376;44,6604;1674,66;40,6842;41,0614;36,0805;134,54;12,4473
10.10.2025 00:07:07.820000;0;0;670;670,1;85,7494;670;670,1;645;617,2;-0,0999756;27,8;85,7494;85,3126;69,5408;3415,31;85,7494;85,0612;60,729;279,185;12,2331;670;670,3;67,8739;670;670,3;645;612,2;-0,299988;32,8;67,8739;69,2762;2694,83;67,3226;67,8739;220,789;67,3441;49,2625;12,2055;59,7217;670,3;670;670,3;670;645;617,1;-0,299988;27,9;59,7217;59,9102;64,5076;2455,04;59,7217;59,6094;44,0245;195,56;12,5539;670;670,9;53,1604;670;670,9;645;627,3;-0,900024;17,7;53,1604;54,0374;55,7279;2161,24;53,1604;53,1672;45,4119;174,404;12,3922;670;670,6;48,4504;670;670,6;645;637,9;-0,599976;7,09998;48,4504;48,6986;50,3323;2075,38;48,4504;48,5343;42,42;159,233;13,0336;670;670,4;40,6822;670;670,4;645;635,8;-0,400024;9,20001;40,6822;40,9036;44,6004;1677,85;40,6822;40,8936;36,1357;134,043;12,5172
10.10.2025 00:07:08.320000;0;0;670;670,1;85,7494;670;670,1;645;617,1;-0,0999756;27,9;85,7494;85,7924;69,3831;3438,19;85,7494;85,2942;60,8241;279,855;12,2856;670;670,3;67,8724;670;670,3;645;612,3;-0,299988;32,7;67,8724;69,2295;2704,06;67,4627;67,8724;220,11;67,1301;49,3604;12,2851;59,7202;670,3;670;670,3;670;645;617,2;-0,299988;27,8;59,7202;59,9422;64,4859;2457,31;59,7202;59,6734;44,0196;195,806;12,5497;670;671;53,0646;670;671;645;627,4;-1;17,6;53,0646;53,8973;55,7574;2154,83;53,0646;53,1723;45,4119;174,392;12,3563;670;670,7;48,3564;670;670,7;645;637,9;-0,700012;7,09998;48,3564;48,6394;50,3637;2074,78;48,3564;48,5784;42,3689;159,35;13,0203;670;670,3;40,7706;670;670,3;645;635,8;-0,299988;9,20001;40,7706;40,9701;44,5485;1680,1;40,7706;40,7065;36,1777;133,376;12,5967
10.10.2025 00:07:08.820000;0;0;670;670,1;85,7494;670;670,1;645;617,1;-0,0999756;27,9;85,7494;86,0036;69,3011;3440,88;85,7494;85,4795;60,768;280,488;12,2675;670;670,3;67,871;670;670,4;645;612,4;-0,400024;32,6;67,871;69,1976;2703,45;67,5512;67,871;219,715;67,0058;49,4725;12,3044;59,7188;670,3;670;670,2;670;645;617,1;-0,200012;27,9;59,7188;59,904;64,4991;2457,18;59,7188;59,7213;44,0196;195,924;12,5415;670;670,9;53,1482;670;670,9;645;627,4;-0,900024;17,6;53,1482;53,6841;55,827;2147,26;53,1482;53,1652;45,4118;174,395;12,3127;670;670,6;48,4426;670;670,7;645;637,9;-0,700012;7,09998;48,4426;48,6207;50,3637;2074;48,4426;48,5948;42,3911;159,391;13,012;670;670,3;40,7691;670;670,2;645;635,8;-0,200012;9,20001;40,7691;41,0257;44,5119;1681,41;40,7691;40,5896;36,2124;133,006;12,6417
10.10.2025 00:07:09.320000;0;0;670;670,2;85,6588;670;670,2;645;617;-0,200012;28;85,6588;85,8195;69,3422;3430,96;85,6588;85,6623;60,7043;281,071;12,2067;670;670,4;67,7788;670;670,4;645;612,4;-0,400024;32,6;67,7788;69,1686;2701,07;67,5317;67,7788;219,785;67,0009;49,5005;12,2896;59,8079;670,2;670;670,2;670;645;617,1;-0,200012;27,9;59,8079;59,9896;64,4958;2460,69;59,8079;59,787;44,0196;196,124;12,5466;670;670,9;53,1424;670;670,9;645;627,3;-0,900024;17,7;53,1424;53,4637;55,906;2138,77;53,1424;53,1292;45,4118;174,223;12,276;670;670,7;48,3483;670;670,7;645;637,9;-0,700012;7,09998;48,3483;48,6894;50,3637;2075,13;48,3483;48,6058;42,3409;159,412;13,0174;670;670,2;40,8583;670;670,2;645;635,8;-0,200012;9,20001;40,8583;40,9718;44,5795;1680;40,8583;40,4363;36,3239;132,539;12,6755
10.10.2025 00:07:09.820000;0;0;670;670,4;85,4777;670;670,4;645;617,1;-0,400024;27,9;85,4777;85,6478;69,3805;3428,56;85,4777;85,7668;60,6633;281,366;12,1854;670;670,4;67,7767;670;670,4;645;612,5;-0,400024;32,5;67,7767;69,2056;2701,89;67,4762;67,7767;220,286;67,1331;49,4492;12,2653;59,7172;670,3;670;670,3;670;645;617,2;-0,299988;27,8;59,7172;59,8252;64,5327;2452,03;59,7172;59,7861;44,0196;196,098;12,5041;670;670,9;53,1366;670;670,9;645;627,4;-0,900024;17,6;53,1366;53,4434;55,9003;2140,67;53,1366;53,0853;45,4118;174,133;12,2933;670;670,7;48,3439;670;670,7;645;637,9;-0,700012;7,09998;48,3439;48,6888;50,3637;2076,53;48,3439;48,6012;42,3309;159,412;13,0262;670;670;40,9481;670;670;645;635,8;0;9,20001;40,9481;41,0148;44,5856;1681,45;40,9481;40,3417;36,432;132,295;12,7098
10.10.2025 00:07:10.320000;0;0;670;670,4;85,4755;670;670,4;645;617,1;-0,400024;27,9;85,4755;85,7706;69,3723;3433,63;85,4755;85,8556;60,5758;281,671;12,1902;670;670,3;67,8646;670;670,3;645;612,6;-0,299988;32,4;67,8646;69,1732;2707,73;67,5583;67,8646;220,848;67,2848;49,4354;12,2606;59,7157;670,3;670;670,3;670;645;617,2;-0,299988;27,8;59,7157;59,8484;64,5327;2452,83;59,7157;59,797;44,0196;196,121;12,5067;670;670,9;53,1308;670;670,9;645;627,4;-0,900024;17,6;53,1308;53,5325;55,8367;2142,96;53,1308;53,0963;45,4118;174,117;12,3075;670;670,7;48,3396;670;670,7;645;637,9;-0,700012;7,09998;48,3396;48,7475;50,3328;2078,47;48,3396;48,5887;42,3237;159,307;13,0469;670;670,1;40,9481;670;670,1;645;635,7;-0,0999756;9,29999;40,9481;41,0082;44,5856;1681,49;40,9481;40,3803;36,4503;132,524;12,6882
10.10.2025 00:07:10.820000;0;0;670;670,6;85,2929;670;670,6;645;617,2;-0,599976;27,8;85,2929;85,8665;69,3723;3437,79;85,2929;85,909;60,495;281,78;12,2003;670;670,3;67,8631;670;670,3;645;612,6;-0,299988;32,4;67,8631;69,1308;2709,28;67,7368;67,8631;221,444;67,4904;49,4394;12,2346;59,7135;670,3;670;670,3;670;645;617,2;-0,299988;27,8;59,7135;59,7849;64,5327;2450,3;59,7135;59,7552;44,0057;195,997;12,5017;670;670,8;53,2139;670;670,8;645;627,3;-0,799988;17,7;53,2139;53,6131;55,7676;2145,38;53,2139;53,0387;45,4118;173,967;12,3321;670;670,8;48,2441;670;670,8;645;637,9;-0,799988;7,09998;48,2441;48,8062;50,2658;2081,74;48,2441;48,531;42,2992;159,182;13,0777;670;670,2;40,858;670;670,2;645;635,7;-0,200012;9,29999;40,858;40,9963;44,5856;1680,39;40,858;40,5887;36,3917;133,208;12,6147
10.10.2025 00:07:11.320000;0;0;670;670,6;85,2893;670;670,6;645;617,2;-0,599976;27,8;85,2893;86,0209;69,3713;3443,97;85,2893;85,9189;60,4195;281,79;12,2217;670;670,3;67,8617;670;670,3;645;612,7;-0,299988;32,3;67,8617;69,1804;2708,49;67,6451;67,8617;221,841;67,5986;49,3848;12,2091;59,7121;670,3;670;670,3;670;645;617,4;-0,299988;27,6;59,7121;59,6811;64,5451;2442,28;59,7121;59,7352;44,0081;195,931;12,465;670;670,8;53,2089;670;670,8;645;627,3;-0,799988;17,7;53,2089;53,7055;55,7411;2147,96;53,2089;53,007;45,4581;173,85;12,3552;670;670,8;48,2391;670;670,8;645;637,9;-0,799988;7,09998;48,2391;48,8504;50,2053;2082,18;48,2391;48,4837;42,3049;159,014;13,0944;670;670,1;40,9476;670;670,1;645;635,6;-0,0999756;9,40002;40,9476;40,9141;44,5853;1677,64;40,9476;40,7373;36,3265;133,67;12,5507
10.10.2025 00:07:11.820000;0;0;670;670,7;85,1956;670;670,7;645;617,3;-0,700012;27,7;85,1956;85,8685;69,3699;3430,04;85,1956;85,8464;60,4138;281,499;12,1849;670;670,4;67,7697;670;670,4;645;612,8;-0,400024;32,2;67,7697;69,2222;2695,63;67,4837;67,7697;222,371;67,7528;49,3152;12,1222;59,6199;670,4;670;670,4;670;645;617,4;-0,400024;27,6;59,6199;59,6246;64,5373;2443,81;59,6199;59,7087;44,0132;195,832;12,4791;670;670,9;53,1135;670;670,9;645;627,2;-0,900024;17,8;53,1135;53,6131;55,7188;2144,9;53,1135;52,9804;45,4381;173,776;12,3429;670;670,8;48,234;670;670,8;645;637,9;-0,799988;7,09998;48,234;48,8607;50,1646;2082,62;48,234;48,4492;42,3085;158,913;13,1054;670;670,2;40,8574;670;670,2;645;635,5;-0,200012;9,5;40,8574;40,9533;44,5853;1679,28;40,8574;40,9063;36,2969;134,222;12,5112
10.10.2025 00:07:12.320000;0;0;670;670,7;85,1903;670;670,7;645;617,3;-0,700012;27,7;85,1903;85,4966;69,4335;3421,23;85,1903;85,7153;60,3895;281,146;12,1689;670;670,5;67,6764;670;670,5;645;612,9;-0,5;32,1;67,6764;69,3301;2697,09;67,4002;67,6764;222,546;67,8493;49,215;12,1193;59,7079;670,3;670;670,3;670;645;617,5;-0,299988;27,5;59,7079;59,5277;64,5718;2441,44;59,7079;59,6917;43,9849;195,763;12,4714;670;670,9;53,1077;670;670,9;645;627;-0,900024;18;53,1077;53,6374;55,6785;2146,35;53,1077;52,9401;45,4553;173,643;12,3607;670;670,9;48,1384;670;670,9;645;638;-0,900024;7;48,1384;48,8196;50,1592;2081,99;48,1384;48,4324;42,2666;158,833;13,1081;670;670,2;40,8567;670;670,2;645;635,5;-0,200012;9,5;40,8567;40,9923;44,5853;1680,7;40,8567;41,0111;36,2743;134,542;12,492
10.10.2025 00:07:12.820000;0;0;670;670,8;85,0958;670;670,8;645;617,3;-0,799988;27,7;85,0958;85,4212;69,4153;3418,7;85,0958;85,5963;60,3743;280,73;12,1779;670;670,6;67,5831;670;670,6;645;613;-0,599976;32;67,5831;69,222;2704,66;67,5736;67,5831;222,257;67,7768;49,2974;12,1691;59,7965;670,2;670;670,2;670;645;617,7;-0,200012;27,3;59,7965;59,5503;64,5695;2439,64;59,7965;59,6621;44,0051;195,704;12,466;670;670,9;53,1019;670;670,9;645;626,9;-0,900024;18,1;53,1019;53,6746;55,6299;2148,32;53,1019;52,9416;45,4565;173,648;12,3717;670;670,9;48,1326;670;670,9;645;638;-0,900024;7;48,1326;48,7428;50,1949;2078,71;48,1326;48,4573;42,2412;158,953;13,0775;670;670,1;40,9463;670;670,3;645;635,5;-0,299988;9,5;40,9463;40,9375;44,6267;1678,28;40,9463;41,118;36,2581;134,88;12,4427
10.10.2025 00:07:13.320000;0;0;670;671;84,91;670;671;645;617,4;-1;27,6;84,91;85,1644;69,5268;3405,86;84,91;85,5454;60,2918;280,557;12,1396;670;670,7;67,489;670;670,7;645;613,1;-0,700012;31,9;67,489;69,2033;2699,37;67,4573;67,489;221,699;67,6162;49,3115;12,1758;59,7957;670,2;670;670,2;670;645;617,9;-0,200012;27,1;59,7957;59,5858;64,6083;2444,14;59,7957;59,7404;43,9812;195,944;12,4736;670;671;53,0058;670;671;645;626,8;-1;18,2;53,0058;53,8307;55,4684;2155,21;53,0058;52,9494;45,4347;173,67;12,4098;670;670,9;48,1268;670;670,9;645;638,1;-0,900024;6,90002;48,1268;48,7053;50,2011;2076,15;48,1268;48,4534;42,2253;158,949;13,0617;670;670,3;40,7652;670;670,3;645;635,5;-0,299988;9,5;40,7652;40,9501;44,6499;1679,59;40,7652;41,165;36,1922;135,044;12,4374
10.10.2025 00:07:13.820000;0;0;670;671,1;84,8129;670;671,1;645;617,4;-1,09998;27,6;84,8129;84,7828;69,7095;3391,71;84,8129;85,4706;60,234;280,344;12,0984;670;670,7;67,4847;670;670,7;645;613,1;-0,700012;31,9;67,4847;69,1426;2706,26;67,6455;67,4847;221,308;67,4797;49,3346;12,2285;59,7048;670,3;670;670,3;670;645;617,9;-0,299988;27,1;59,7048;59,4281;64,6746;2436,71;59,7048;59,7491;43,9066;195,99;12,4328;670;670,9;53,0897;670;670,9;645;626,7;-0,900024;18,3;53,0897;53,8349;55,4648;2154,26;53,0897;52,9507;45,452;173,665;12,4047;670;670,8;48,211;670;670,8;645;638,1;-0,799988;6,90002;48,211;48,6829;50,2192;2075,68;48,211;48,4823;42,1953;159,048;13,0507;670;670,4;40,6735;670;670,4;645;635,5;-0,400024;9,5;40,6735;40,9932;44,6824;1680,4;40,6735;41,257;36,0594;135,297;12,4201
10.10.2025 00:07:14.320000;0;0;670;671,1;84,8057;670;671,1;645;617,4;-1,09998;27,6;84,8057;84,8605;69,7167;3396,63;84,8057;85,4867;60,1964;280,396;12,1137;670;670,7;67,4803;670;670,7;645;613,1;-0,700012;31,9;67,4803;69,1665;2704,31;67,5847;67,4803;221,023;67,3852;49,3346;12,2354;59,5228;670,5;670;670,5;670;645;617,9;-0,5;27,1;59,5228;59,3813;64,742;2434,63;59,5228;59,8031;43,8482;196,167;12,411;670;670,9;53,0839;670;670,9;645;626,7;-0,900024;18,3;53,0839;53,8186;55,4298;2152,97;53,0839;52,9572;45,4494;173,725;12,3929;670;670,9;48,1157;670;670,9;645;638,2;-0,900024;6,79999;48,1157;48,5889;50,2669;2072,47;48,1157;48,5122;42,1675;159,12;13,0246;670;670,5;40,5817;670;670,5;645;635,5;-0,5;9,5;40,5817;41,0406;44,6067;1682,66;40,5817;41,1298;36,12;134,841;12,4788
10.10.2025 00:07:14.820000;0;0;670;671;84,8891;670;671;645;617,5;-1;27,5;84,8891;85,2892;69,5175;3414,54;84,8891;85,4743;60,2008;280,369;12,1788;670;670,7;67,476;670;670,7;645;613,1;-0,700012;31,9;67,476;69,0717;2711,6;67,7629;67,476;220,868;67,3455;49,3484;12,277;59,4295;670,6;670;670,6;670;645;618;-0,599976;27;59,4295;59,3626;64,7773;2432,59;59,4295;59,8144;43,8145;196,204;12,3982;670;671;52,9875;670;671;645;626,7;-1;18,3;52,9875;53,606;55,4497;2144,62;52,9875;52,978;45,4386;173,788;12,3404;670;670,9;48,1099;670;670,9;645;638,2;-0,900024;6,79999;48,1099;48,5861;50,2669;2071,07;48,1099;48,5485;42,1303;159,234;13,0064;670;670,5;40,5788;670;670,4;645;635,5;-0,400024;9,5;40,5788;40,9974;44,6067;1681,05;40,5788;40,9779;36,0841;134,404;12,5075
10.10.2025 00:07:15.320000;0;0;670;671;84,8825;670;671,1;645;617,5;-1,09998;27,5;84,8825;85,6579;69,4416;3427,57;84,8825;85,4912;60,1581;280,411;12,2234;670;670,7;67,4716;670;670,7;645;613,1;-0,700012;31,9;67,4716;69,0081;2716,27;67,8597;67,4716;220,704;67,2956;49,3704;12,3073;59,3355;670,7;670;670,7;670;645;617,9;-0,700012;27,1;59,3355;59,3341;64,8212;2433,5;59,3355;59,8192;43,772;196,194;12,4035;670;671;52,9809;670;671;645;626,8;-1;18,2;52,9809;53,4742;55,5067;2139,98;52,9809;53,0242;45,4386;173,932;12,3035;670;671;48,0138;670;670,9;645;638,2;-0,900024;6,79999;48,0138;48,538;50,2669;2070,14;48,0138;48,5243;42,0772;159,121;13,0099;670;670,5;40,5763;670;670,5;645;635,5;-0,5;9,5;40,5763;40,9579;44,5814;1679,59;40,5763;40,8089;36,14;133,789;12,554
10.10.2025 00:07:15.820000;0;0;670;671;84,8754;670;671;645;617,5;-1;27,5;84,8754;85,5984;69,4739;3425,79;84,8754;85,5176;60,0698;280,511;12,2127;670;670,7;67,4673;670;670,7;645;613;-0,700012;32;67,4673;68,992;2713,88;67,844;67,4673;220,73;67,2956;49,3733;12,2951;59,2405;670,8;670;670,8;670;645;617,9;-0,799988;27,1;59,2405;59,4016;64,7715;2434,82;59,2405;59,7491;43,735;195,964;12,4248;670;671;52,9744;670;671;645;626,9;-1;18,1;52,9744;53,4017;55,5411;2137,56;52,9744;53,0603;45,4386;174,051;12,2813;670;670,9;48,0979;670;670,9;645;638,3;-0,900024;6,70001;48,0979;48,5468;50,2668;2069,72;48,0979;48,4901;42,1022;159,035;13,0142;670;670,5;40,5734;670;670,5;645;635,5;-0,5;9,5;40,5734;40,9107;44,5493;1677,5;40,5734;40,7087;36,1735;133,499;12,5656
10.10.2025 00:07:16.320000;0;0;670;671;84,8689;670;671;645;617,5;-1;27,5;84,8689;85,379;69,5006;3413,65;84,8689;85,5318;60,0598;280,557;12,1674;670;670,7;67,4629;670;670,7;645;612,9;-0,700012;32,1;67,4629;69,0301;2712,42;67,7394;67,4629;220,569;67,2545;49,3943;12,2974;59,3255;670,7;670;670,7;670;645;618;-0,700012;27;59,3255;59,3333;64,7887;2432,83;59,3255;59,6843;43,7336;195,739;12,4289;670;671;52,9679;670;671;645;627;-1;18;52,9679;53,2736;55,6016;2130,84;52,9679;53,0775;45,4352;174,069;12,2414;670;671;48,0016;670;671;645;638,3;-1;6,70001;48,0016;48,5908;50,2329;2070,79;48,0016;48,425;42,0692;158,795;13,0406;670;670,5;40,5705;670;670,5;645;635,5;-0,5;9,5;40,5705;40,8991;44,4847;1677,02;40,5705;40,5885;36,187;133,117;12,5981
10.10.2025 00:07:16.820000;0;0;670;670,9;84,9524;670;670,9;645;617,5;-0,900024;27,5;84,9524;85,1117;69,649;3405,35;84,9524;85,53;60,0199;280,538;12,1386;670;670,8;67,3685;670;670,8;645;613;-0,799988;32;67,3685;68,8448;2725,71;68,0595;67,3685;220,616;67,2609;49,397;12,355;59,4115;670,6;670;670,5;670;645;617,9;-0,5;27,1;59,4115;59,3006;64,7726;2431,64;59,4115;59,5929;43,7807;195,439;12,442;670;671,1;52,8712;670;671,1;645;627;-1,09998;18;52,8712;53,1383;55,6479;2126,38;52,8712;53,0842;45,3927;174,129;12,2115;670;671;47,995;670;671;645;638,3;-1;6,70001;47,995;48,5119;50,2369;2069,19;47,995;48,3612;42,073;158,614;13,0454;670;670,4;40,6582;670;670,4;645;635,5;-0,400024;9,5;40,6582;40,9729;44,4703;1680,05;40,6582;40,5249;36,201;132,898;12,6417
10.10.2025 00:07:17.320000;0;0;670;670,9;84,9466;670;670,9;645;617,5;-0,900024;27,5;84,9466;84,9847;69,7257;3400,59;84,9466;85,5032;60,0313;280,438;12,126;670;670,8;67,3634;670;670,8;645;613;-0,799988;32;67,3634;68,6822;2729,7;68,2072;67,3634;220,45;67,2144;49,3801;12,3824;59,4985;670,5;670;670,5;670;645;617,8;-0,5;27,2;59,4985;59,3864;64,7069;2435,48;59,4985;59,5307;43,8311;195,235;12,4746;670;671,2;52,7735;670;671,2;645;627;-1,20001;18;52,7735;53,161;55,6479;2128,25;52,7735;53,0963;45,3388;174,13;12,2222;670;671;47,9885;670;671;645;638,4;-1;6,59998;47,9885;48,5949;50,1479;2072,41;47,9885;48,2833;42,086;158,343;13,088;670;670,3;40,7462;670;670,3;645;635,5;-0,299988;9,5;40,7462;40,9615;44,4616;1679,74;40,7462;40,443;36,2382;132,64;12,6639
10.10.2025 00:07:17.820000;0;0;670;671,1;84,7604;670;671,1;645;617,5;-1,09998;27,5;84,7604;84,9673;69,7286;3401,01;84,7604;85,4409;59,952;280,272;12,1347;670;670,8;67,3583;670;670,8;645;612,9;-0,799988;32,1;67,3583;68,6985;2720,92;68,0824;67,3583;220,474;67,2138;49,3818;12,3412;59,6765;670,3;670;670,3;670;645;617,8;-0,299988;27,2;59,6765;59,5139;64,7202;2442,95;59,6765;59,471;43,8481;195,078;12,5229;670;671,2;52,7655;670;671,2;645;627,1;-1,20001;17,9;52,7655;53,1211;55,6479;2126,33;52,7655;53,0912;45,323;174,113;12,2123;670;670,9;48,072;670;670,9;645;638,3;-0,900024;6,70001;48,072;48,6728;50,0733;2075,09;48,072;48,2465;42,0866;158,249;13,1128;670;670,1;40,9249;670;670,1;645;635,5;-0,0999756;9,5;40,9249;40,9751;44,4901;1679,66;40,9249;40,4137;36,299;132,493;12,6774
10.10.2025 00:07:18.320000;0;0;670;671;84,8435;670;671;645;617,5;-1;27,5;84,8435;84,957;69,7353;3398,04;84,8435;85,4026;59,9642;280,099;12,1316;670;670,8;67,3533;670;670,8;645;612,9;-0,799988;32,1;67,3533;68,9646;2701,14;67,5068;67,3533;220,418;67,1918;49,3924;12,2546;59,7651;670,2;670;670,2;670;645;617,8;-0,200012;27,2;59,7651;59,6045;64,6891;2443,31;59,7651;59,465;43,8657;195,061;12,5259;670;671,3;52,667;670;671,3;645;627,2;-1,29999;17,8;52,667;53,173;55,6443;2128,09;52,667;53,0658;45,2765;174,058;12,2263;670;670,9;48,0662;670;670,9;645;638,3;-0,900024;6,70001;48,0662;48,6583;50,0346;2075,27;48,0662;48,1939;42,1371;158,053;13,1302;670;670,1;40,9249;670;670,1;645;635,4;-0,0999756;9,59998;40,9249;40,9763;44,5543;1680,03;40,9249;40,3378;36,4309;132,31;12,6977
10.10.2025 00:07:18.820000;0;0;670;671;84,8369;670;671;645;617,4;-1;27,6;84,8369;84,8557;69,7577;3396,55;84,8369;85,2975;59,9762;279,75;12,1414;670;670,8;67,3482;670;670,8;645;612,8;-0,799988;32,2;67,3482;68,8757;2706,58;67,6619;67,3482;220,404;67,1923;49,3934;12,2801;59,8548;670,1;670;670,1;670;645;617,7;-0,0999756;27,3;59,8548;59,3484;64,9059;2431,36;59,8548;59,4223;43,8503;194,905;12,4746;670;671,3;52,6583;670;671,3;645;627,3;-1,29999;17,7;52,6583;53,1615;55,646;2125,87;52,6583;53,074;45,2496;174,095;12,211;670;670,8;48,1505;670;670,8;645;638,3;-0,799988;6,70001;48,1505;48,6239;50,0169;2074,28;48,1505;48,1707;42,1431;157,987;13,1294;670;670,1;40,9249;670;670,1;645;635,4;-0,0999756;9,59998;40,9249;40,9646;44,5543;1679,87;40,9249;40,4321;36,4235;132,746;12,6548
10.10.2025 00:07:19.320000;0;0;670;670,9;84,9206;670;670,9;645;617,4;-0,900024;27,6;84,9206;85,0256;69,6331;3401,9;84,9206;85,1956;60,0298;279,416;12,1751;670;670,8;67,3431;670;670,8;645;612,7;-0,799988;32,3;67,3431;68,9348;2700,96;67,5243;67,3431;220,365;67,1806;49,4;12,2568;59,8548;670;670;670;670;645;617,7;0;27,3;59,8548;59,3495;64,9338;2434,77;59,8548;59,4028;43,8488;194,815;12,4978;670;671,3;52,6496;670;671,3;645;627,5;-1,29999;17,5;52,6496;53,1216;55,646;2125,55;52,6496;53,0622;45,2296;174,031;12,2136;670;670,9;48,055;670;670,7;645;638,3;-0,700012;6,70001;48,055;48,7017;49,9169;2075,52;48,055;48,1003;42,1467;157,73;13,1587;670;670;40,9249;670;670;645;635,4;0;9,59998;40,9249;40,9846;44,5543;1680,53;40,9249;40,6201;36,3687;133,414;12,5964
10.10.2025 00:07:19.820000;0;0;670;670,9;84,9148;670;670,9;645;617,5;-0,900024;27,5;84,9148;85,025;69,6014;3403,96;84,9148;85,085;60,063;279,056;12,1981;670;670,8;67,338;670;670,8;645;612,6;-0,799988;32,4;67,338;68,8592;2708,59;67,6608;67,338;220,314;67,1689;49,4071;12,2942;59,8548;669,9;670;669,9;670;645;617,8;0,0999756;27,2;59,8548;59,5285;64,8621;2441,47;59,8548;59,3288;43,8909;194,61;12,5455;670;671,3;52,6409;670;671,3;645;627,6;-1,29999;17,4;52,6409;53,2053;55,6165;2129,54;52,6409;53,0474;45,2118;173,993;12,2393;670;670,7;48,2305;670;670,7;645;638,3;-0,700012;6,70001;48,2305;48,6719;49,9728;2074,09;48,2305;48,0505;42,1823;157,589;13,1614;670;670;40,9249;670;670;645;635,4;0;9,59998;40,9249;41,0355;44,5489;1681,65;40,9249;40,8292;36,2926;134,017;12,548
10.10.2025 00:07:20.320000;0;0;670;670,8;84,9995;670;670,8;645;617,5;-0,799988;27,5;84,9995;85,353;69,4645;3414,04;84,9995;84,9679;60,089;278,669;12,2513;670;670,8;67,3325;670;670,8;645;612,6;-0,799988;32,4;67,3325;68,6406;2719,1;67,9543;67,3325;220,158;67,1331;49,3861;12,3507;59,8548;669,9;670;669,9;670;645;617,7;0,0999756;27,3;59,8548;59,5408;64,8696;2440,37;59,8548;59,3162;43,9084;194,544;12,5441;670;671,2;52,7224;670;671,2;645;627,6;-1,20001;17,4;52,7224;53,3364;55,5339;2134,31;52,7224;53,0305;45,2318;173,94;12,2704;670;670,6;48,3166;670;670,6;645;638,2;-0,599976;6,79999;48,3166;48,5663;50,0535;2071,37;48,3166;47,9628;42,2612;157,241;13,1732;670;670;40,9249;670;670,1;645;635,5;-0,0999756;9,5;40,9249;41,0312;44,5541;1682,28;40,9249;40,9605;36,2926;134,453;12,512
10.10.2025 00:07:20.820000;0;0;670;670,8;84,9945;670;670,8;645;617,5;-0,799988;27,5;84,9945;84,9985;69,5867;3401,3;84,9945;84,876;60,0969;278,393;12,2176;670;670,9;67,237;670;670,9;645;612,6;-0,900024;32,4;67,237;68,5091;2726,28;68,1377;67,237;220,14;67,1199;49,3937;12,3843;59,9451;669,8;670;669,8;670;645;617,7;0,200012;27,3;59,9451;59,3969;65,0059;2434,31;59,9451;59,3031;43,8632;194,514;12,5148;670;671,2;52,7144;670;671,2;645;627,6;-1,20001;17,4;52,7144;53,3085;55,5364;2130,79;52,7144;53,0333;45,2134;173,936;12,2504;670;670,6;48,313;670;670,6;645;638,2;-0,599976;6,79999;48,313;48,5522;50,0486;2069,63;48,313;47,9226;42,2948;157,161;13,1689;670;670;40,9249;670;670;645;635,5;0;9,5;40,9249;41,0278;44,5541;1682,14;40,9249;41,0967;36,2622;134,848;12,4743
10.10.2025 00:07:21.320000;0;0;670;670,7;85,08;670;670,8;645;617,6;-0,799988;27,4;85,08;85,0566;69,587;3403,47;85,08;84,8205;60,1464;278,186;12,2345;670;670,9;67,2312;670;670,9;645;612,5;-0,900024;32,5;67,2312;68,4278;2728,77;68,1921;67,2312;220,036;67,0881;49,4064;12,4015;59,9459;669,8;670;669,8;670;645;617,8;0,200012;27,2;59,9459;59,3799;65,0434;2435,7;59,9459;59,3223;43,8632;194,59;12,5171;670;671,1;52,7968;670;671,1;645;627,5;-1,09998;17,5;52,7968;53,2072;55,5657;2128,5;52,7968;53,0055;45,2453;173,807;12,2464;670;670,6;48,3093;670;670,7;645;638,1;-0,700012;6,90002;48,3093;48,4813;50,0763;2066,26;48,3093;47,8753;42,3332;156,967;13,1637;670;670,1;40,9249;670;670,1;645;635,6;-0,0999756;9,40002;40,9249;41,0594;44,5638;1682;40,9249;41,1786;36,222;135,13;12,4472
10.10.2025 00:07:21.820000;0;0;670;670,8;84,986;670;670,8;645;617,6;-0,799988;27,4;84,986;85,1733;69,5428;3408,33;84,986;84,7461;60,1551;277,967;12,2616;670;671;67,1361;670;671;645;612,5;-1;32,5;67,1361;68,3498;2728,09;68,163;67,1361;220,087;67,1116;49,3895;12,3955;59,9464;669,8;670;669,8;670;645;617,9;0,200012;27,1;59,9464;59,5098;64,9981;2438,62;59,9464;59,3066;43,907;194,5;12,5379;670;671,1;52,791;670;671,1;645;627,4;-1,09998;17,6;52,791;53,2991;55,5024;2133,62;52,791;52,9859;45,2458;173,781;12,2776;670;670,7;48,2159;670;670,7;645;638,1;-0,700012;6,90002;48,2159;48,3865;50,0724;2062,88;48,2159;47,844;42,3242;156,915;13,1465;670;670,1;40,9249;670;670,1;645;635,6;-0,0999756;9,40002;40,9249;41,009;44,6334;1681,37;40,9249;41,257;36,1801;135,348;12,4225
10.10.2025 00:07:22.320000;0;0;670;670,9;84,8893;670;670,9;645;617,6;-0,900024;27,4;84,8893;85,3445;69,3942;3420,9;84,8893;84,6814;60,1511;277,729;12,3174;670;671,1;67,0382;670;671,1;645;612,5;-1,09998;32,5;67,0382;68,3699;2721,37;67,987;67,0382;219,938;67,0621;49,3895;12,3733;59,9473;669,8;670;669,8;670;645;617,9;0,200012;27,1;59,9473;59,7049;64,9209;2449,34;59,9473;59,3079;43,999;194,543;12,5902;670;671;52,8728;670;671;645;627,3;-1;17,7;52,8728;53,4712;55,3868;2139,38;52,8728;52,9714;45,2789;173,708;12,316;670;670,7;48,2107;670;670,7;645;638,1;-0,700012;6,90002;48,2107;48,3529;50,0836;2062,1;48,2107;47,845;42,3438;156,983;13,1358;670;670,1;40,9249;670;670,1;645;635,6;-0,0999756;9,40002;40,9249;40,9802;44,6813;1681,31;40,9249;41,297;36,1445;135,467;12,4112
10.10.2025 00:07:22.820000;0;0;670;670,9;84,8846;670;670,8;645;617,6;-0,799988;27,4;84,8846;85,7149;69,1782;3428,05;84,8846;84,6064;60,1865;277,47;12,3546;670;671;67,1226;670;671;645;612,6;-1;32,4;67,1226;68,3996;2712,59;67,8431;67,1226;219,924;67,0655;49,3895;12,3342;59,8578;669,9;670;669,9;670;645;617,9;0,0999756;27,1;59,8578;59,7821;64,8868;2451,39;59,8578;59,3427;44,0343;194,695;12,5909;670;670,9;52,9579;670;670,9;645;627,3;-0,900024;17,7;52,9579;53,5049;55,3426;2141,37;52,9579;52,9475;45,2789;173,642;12,3321;670;670,7;48,2072;670;670,7;645;638,1;-0,700012;6,90002;48,2072;48,2811;50,103;2057,91;48,2072;47,923;42,324;157,29;13,0835;670;670,2;40,8348;670;670,2;645;635,6;-0,200012;9,40002;40,8348;41,0109;44,6956;1681,77;40,8348;41,3359;36,1135;135,575;12,4047
10.10.2025 00:07:23.320000;0;0;670;670,7;85,0595;670;670,7;645;617,7;-0,700012;27,3;85,0595;85,9389;69,0666;3441,33;85,0595;84,5299;60,2691;277,219;12,4137;670;671;67,1161;670;671;645;612,7;-1;32,3;67,1161;68,4779;2706,33;67,6147;67,1161;219,761;67,0122;49,3916;12,3148;59,948;669,8;670;669,8;670;645;618;0,200012;27;59,948;59,9176;64,8544;2458,06;59,948;59,4341;44,0732;195,034;12,6033;670;670,9;52,9521;670;670,9;645;627,3;-0,900024;17,7;52,9521;53,3399;55,3972;2133,81;52,9521;52,9369;45,2789;173,595;12,2919;670;670,7;48,2028;670;670,7;645;638,2;-0,700012;6,79999;48,2028;48,2674;50,103;2059,56;48,2028;48,0807;42,2657;157,807;13,0511;670;670,2;40,834;670;670,3;645;635,6;-0,299988;9,40002;40,834;40,9804;44,6693;1679,87;40,834;41,2271;36,0969;135,122;12,4323
10.10.2025 00:07:23.820000;0;0;670;670,6;85,1457;670;670,6;645;617,6;-0,599976;27,4;85,1457;85,9905;69,0766;3436,84;85,1457;84,4693;60,3969;277,074;12,404;670;671;67,1095;670;671;645;612,7;-1;32,3;67,1095;68,5117;2696,77;67,4953;67,1095;219,797;67,0185;49,39;12,2694;59,9488;669,8;670;669,8;670;645;618;0,200012;27;59,9488;59,9406;64,8544;2458,53;59,9488;59,5229;44,0704;195,288;12,5892;670;670,8;53,0368;670;670,9;645;627,4;-0,900024;17,6;53,0368;53,2114;55,4911;2127,71;53,0368;52,9162;45,2882;173,553;12,2597;670;670,6;48,289;670;670,6;645;638,1;-0,599976;6,90002;48,289;48,2669;50,103;2058,9;48,289;48,2206;42,2566;158,242;13,0111;670;670,3;40,7427;670;670,3;645;635,7;-0,299988;9,29999;40,7427;40,9729;44,6001;1678,93;40,7427;41,0578;36,1097;134,542;12,4789
10.10.2025 00:07:24.320000;0;0;670;670,6;85,1421;670;670,6;645;617,6;-0,599976;27,4;85,1421;85,5792;69,2482;3422,14;85,1421;84,4711;60,4329;277,042;12,3524;670;671;67,103;670;671;645;612,7;-1;32,3;67,103;68,5858;2691,79;67,3235;67,103;219,689;66,9847;49,3985;12,2527;59,8588;669,9;670;669,9;670;645;618,2;0,0999756;26,8;59,8588;59,9416;64,8537;2458,57;59,8588;59,6064;44,019;195,566;12,5715;670;670,9;52,9411;670;671;645;627,4;-1;17,6;52,9411;53,0632;55,5132;2122,1;52,9411;52,8899;45,28;173,434;12,2358;670;670,6;48,2854;670;670,6;645;638,1;-0,599976;6,90002;48,2854;48,3953;50,103;2063,57;48,2854;48,347;42,2566;158,688;13,004;670;670,4;40,6511;670;670,4;645;635,7;-0,400024;9,29999;40,6511;40,9736;44,5887;1679,6;40,6511;40,8511;36,1844;133,897;12,544
10.10.2025 00:07:24.820000;0;0;670;670,4;85,3189;670;670,4;645;617,6;-0,400024;27,4;85,3189;85,3831;69,402;3417,01;85,3189;84,4651;60,5456;277,02;12,3349;670;671,1;67,0063;670;671,1;645;612,7;-1,09998;32,3;67,0063;68,4702;2699,18;67,4398;67,0063;219,74;66,9901;49,3915;12,2835;59,8588;670;670;670;670;645;618,3;0;26,7;59,8588;60,0448;64,8076;2460,88;59,8588;59,6703;44,0012;195,757;12,5711;670;671;52,8446;670;671;645;627,5;-1;17,5;52,8446;52,9665;55,5224;2118,23;52,8446;52,8911;45,28;173,508;12,2082;670;670,6;48,2818;670;670,6;645;638,1;-0,599976;6,90002;48,2818;48,389;50,103;2063,95;48,2818;48,4616;42,2233;159,031;12,9783;670;670,3;40,7391;670;670,3;645;635,7;-0,299988;9,29999;40,7391;40,9185;44,5417;1677,98;40,7391;40,711;36,1866;133,429;12,5758
10.10.2025 00:07:25.320000;0;0;670;670,4;85,3167;670;670,4;645;617,5;-0,400024;27,5;85,3167;85,3037;69,402;3408,4;85,3167;84,46;60,5918;277,042;12,3028;670;670,9;67,1795;670;670,9;645;612,6;-0,900024;32,4;67,1795;68,5874;2691,12;67,2598;67,1795;219,634;66,9578;49,4054;12,2527;59,8588;670,1;670;670,3;670;645;618,3;-0,299988;26,7;59,8588;59,8872;64,8478;2452,82;59,8588;59,7439;43,9755;195,999;12,5145;670;671;52,8381;670;671;645;627,5;-1;17,5;52,8381;52,8665;55,5224;2115,18;52,8381;52,8864;45,28;173,454;12,1945;670;670,6;48,2781;670;670,6;645;638,1;-0,599976;6,90002;48,2781;48,4065;50,1196;2062,78;48,2781;48,5392;42,1823;159,234;12,9543;670;670,3;40,7376;670;670,3;645;635,7;-0,299988;9,29999;40,7376;40,9246;44,547;1679,03;40,7376;40,5499;36,2235;132,939;12,63
10.10.2025 00:07:25.820000;0;0;670;670,3;85,4049;670;670,3;645;617,3;-0,299988;27,7;85,4049;85,1287;69,4985;3407,15;85,4049;84,4548;60,5611;277,019;12,2994;670;670,9;67,1737;670;670,9;645;612,6;-0,900024;32,4;67,1737;68,6214;2687,4;67,1801;67,1737;219,691;66,9803;49,4359;12,2326;59,7677;670,2;670;670,2;670;645;618,3;-0,200012;26,7;59,7677;59,8285;64,8478;2453,61;59,7677;59,7939;43,9695;196,12;12,5108;670;671,1;52,7414;670;671,1;645;627,5;-1,09998;17,5;52,7414;52,7852;55,5325;2112,89;52,7414;52,9052;45,2546;173,525;12,1763;670;670,8;48,0935;670;670,8;645;638,1;-0,799988;6,90002;48,0935;48,3314;50,1839;2060,85;48,0935;48,5816;42,0736;159,396;12,9292;670;670,3;40,7362;670;670,3;645;635,7;-0,299988;9,29999;40,7362;41,0457;44,4767;1682,87;40,7362;40,4866;36,2566;132,742;12,6778
10.10.2025 00:07:26.320000;0;0;670;670,2;85,4938;670;670,2;645;617,2;-0,200012;27,8;85,4938;85,2515;69,4913;3413,34;85,4938;84,475;60,6428;277,065;12,3196;670;670,9;67,1679;670;670,9;645;612,7;-0,900024;32,3;67,1679;68,6214;2690;67,2396;67,1679;219,671;66,973;49,4418;12,2456;59,767;670,2;670;670,2;670;645;618,4;-0,200012;26,6;59,767;59,8636;64,8478;2457,45;59,767;59,81;43,9695;196,203;12,525;670;671,1;52,7341;670;671,1;645;627,4;-1,09998;17,6;52,7341;52,9021;55,5227;2117,41;52,7341;52,8703;45,2622;173,389;12,2119;670;670,7;48,1789;670;670,7;645;638,1;-0,700012;6,90002;48,1789;48,3017;50,2484;2059,24;48,1789;48,6564;42,0524;159,554;12,9062;670;670,3;40,7347;670;670,3;645;635,7;-0,299988;9,29999;40,7347;41,062;44,4541;1684,34;40,7347;40,3773;36,313;132,386;12,7229
10.10.2025 00:07:26.820000;0;0;670;670,3;85,4026;670;670,3;645;617,1;-0,299988;27,9;85,4026;85,3609;69,4231;3413,08;85,4026;84,4783;60,7359;277,089;12,3176;670;671;67,0719;670;671;645;612,8;-1;32,2;67,0719;68,6214;2687,91;67,1353;67,0719;219,683;66,9803;49,4088;12,2354;59,5857;670,4;670;670,4;670;645;618,5;-0,400024;26,5;59,5857;59,8691;64,8466;2453,83;59,5857;59,8174;43,9515;196,214;12,5059;670;671;52,8172;670;671;645;627,2;-1;17,8;52,8172;52,7357;55,54;2111,71;52,8172;52,8699;45,2609;173,388;12,1791;670;670,7;48,1745;670;670,7;645;638,1;-0,700012;6,90002;48,1745;48,3497;50,2465;2062,93;48,1745;48,6717;42,0196;159,682;12,919;670;670,3;40,7333;670;670,3;645;635,7;-0,299988;9,29999;40,7333;41,0625;44,4378;1683,56;40,7333;40,33;36,3501;132,257;12,7295
10.10.2025 00:07:27.320000;0;0;670;670,4;85,3106;670;670,4;645;617;-0,400024;28;85,3106;85,3946;69,4244;3417,15;85,3106;84,5377;60,7375;277,354;12,3205;670;671;67,0654;670;671;645;612,9;-1;32,1;67,0654;68,5094;2696,05;67,3783;67,0654;219,612;66,9495;49,4162;12,2764;59,4932;670,5;670;670,6;670;645;618,7;-0,599976;26,3;59,4932;59,7632;64,8467;2451,25;59,4932;59,8335;43,8614;196,284;12,4883;670;670,9;52,9012;670;670,9;645;627,2;-0,900024;17,8;52,9012;52,858;55,5231;2115,48;52,9012;52,8547;45,2744;173,354;12,2032;670;670,9;47,99;670;670,9;645;638,1;-0,900024;6,90002;47,99;48,4137;50,2327;2064,35;47,99;48,6838;41,9855;159,699;12,9265;670;670,2;40,8219;670;670,2;645;635,7;-0,200012;9,29999;40,8219;41,0425;44,4327;1681,3;40,8219;40,2402;36,4083;131,978;12,7393
10.10.2025 00:07:27.820000;0;0;670;670,5;85,2184;670;670,5;645;617;-0,5;28;85,2184;85,2811;69,4244;3414,53;85,2184;84,6474;60,7233;277,759;12,2931;670;671,1;66,9685;670;671,1;645;613;-1,09998;32;66,9685;68,4095;2698,57;67,4465;66,9685;219,466;66,9378;49,4102;12,2961;59,3094;670,7;670;670,7;670;645;618,8;-0,700012;26,2;59,3094;59,7539;64,8467;2450,71;59,3094;59,8179;43,7735;196,151;12,494;670;670,9;52,8954;670;670,7;645;627,1;-0,700012;17,9;52,8954;52,7809;55,5312;2110,48;52,8954;52,8586;45,2744;173,376;12,1728;670;670,7;48,1649;670;670,7;645;638,1;-0,700012;6,90002;48,1649;48,4974;50,1899;2067;48,1649;48,6681;41,9547;159,606;12,9507;670;670,2;40,8211;670;670,2;645;635,6;-0,200012;9,40002;40,8211;40,9297;44,5295;1678,44;40,8211;40,2245;36,4825;131,949;12,7203
10.10.2025 00:07:28.320000;0;0;670;670,6;85,1254;670;670,6;645;616,9;-0,599976;28,1;85,1254;85,4329;69,363;3418,2;85,1254;84,7947;60,6654;278,255;12,2844;670;671,1;66,9613;670;671,1;645;613,1;-1,09998;31,9;66,9613;68,4595;2691,35;67,2969;66,9613;219,369;66,877;49,4102;12,2686;59,1244;670,9;670;670,9;670;645;618,8;-0,900024;26,2;59,1244;59,7344;64,8467;2447,99;59,1244;59,7765;43,7234;196,028;12,4879;670;670,7;53,0709;670;670,5;645;627,1;-0,5;17,9;53,0709;52,6398;55,7031;2104,48;53,0709;52,8601;45,2223;173,368;12,1388;670;670,7;48,1597;670;670,7;645;638,2;-0,700012;6,79999;48,1597;48,4075;50,1926;2064,09;48,1597;48,5716;41,9623;159,315;12,9561;670;670,2;40,8203;670;670,2;645;635,6;-0,200012;9,40002;40,8203;40,9656;44,5097;1679,43;40,8203;40,3588;36,4648;132,454;12,6793
10.10.2025 00:07:28.820000;0;0;670;670,7;85,0312;670;670,7;645;616,8;-0,700012;28,2;85,0312;85,5055;69,2196;3424,79;85,0312;85,0097;60,5441;278,964;12,2768;670;671,2;66,8639;670;671,2;645;613,1;-1,20001;31,9;66,8639;68,4835;2687,76;67,2192;66,8639;219,297;66,8697;49,4102;12,2563;58,9379;671,1;670;671,1;670;645;618,9;-1,09998;26,1;58,9379;59,7348;64,8467;2447,21;58,9379;59,656;43,6246;195,559;12,5139;670;670,6;53,1578;670;670,6;645;627;-0,599976;18;53,1578;52,5712;55,8565;2103,82;53,1578;52,8183;45,2023;173,195;12,1471;670;670,7;48,1562;670;670,7;645;638,2;-0,700012;6,79999;48,1562;48,3395;50,1729;2060,22;48,1562;48,4595;41,9922;158,872;12,9678;670;670,2;40,8191;670;670,2;645;635,6;-0,200012;9,40002;40,7293;40,9623;44,4621;1680,41;40,8191;40,5605;36,3523;133,207;12,615
10.10.2025 00:07:29.320000;0;0;670;670,8;84,9364;670;670,8;645;616,7;-0,799988;28,3;84,9364;85,7264;69,1809;3432,19;84,9364;85,229;60,4628;279,658;12,2728;670;671,2;66,8559;670;671,2;645;613,2;-1,20001;31,8;66,8559;68,3752;2693,13;67,3013;66,8559;219,143;66,8227;49,4102;12,2894;58,9307;671,1;670;671,2;670;645;619;-1,20001;26;58,9307;59,4441;64,8467;2435,77;58,9307;59,5111;43,6434;195,084;12,4858;670;670,6;53,1541;670;670,6;645;626,9;-0,599976;18,1;53,1541;52,6265;55,8108;2107,63;53,1541;52,7595;45,2427;173,054;12,1791;670;670,7;48,151;670;670,7;645;638,1;-0,700012;6,90002;48,151;48,3417;50,1634;2061,29;48,151;48,2566;42,0625;158,281;13,0229;670;670,3;40,728;670;670,3;645;635,6;-0,299988;9,40002;40,728;40,9108;44,4883;1677,5;40,728;40,7451;36,3363;133,708;12,546
10.10.2025 00:07:29.820000;0;0;670;671;84,7507;670;671;645;616,6;-1;28,4;84,7507;85,7452;69,2298;3431,18;84,7507;85,3966;60,3362;280,242;12,2436;670;671,2;66,8479;670;671,2;645;613,3;-1,20001;31,7;66,8479;68,3273;2690,79;67,3428;66,8479;219,148;66,8134;49,4102;12,2784;58,8312;671,2;670;671,2;670;645;618,9;-1,20001;26,1;58,8312;59,4604;64,8025;2439,03;58,8312;59,3057;43,65;194,484;12,541;670;670,6;53,1498;670;670,6;645;626,9;-0,599976;18,1;53,1498;52,7777;55,7582;2112,59;53,1498;52,734;45,2557;172,968;12,2138;670;670,7;48,1466;670;670,7;645;638,1;-0,700012;6,90002;48,1466;48,3792;50,0922;2063,05;48,1466;48,1166;42,0644;157,771;13,0762;670;670,3;40,7266;670;670,3;645;635,6;-0,299988;9,40002;40,7266;40,9738;44,5204;1679,6;40,7266;40,9144;36,2993;134,238;12,5122
10.10.2025 00:07:30.320000;0;0;670;671,1;84,654;670;671,1;645;616,5;-1,09998;28,5;84,654;85,3891;69,3835;3418,69;84,654;85,5596;60,1538;280,724;12,1781;670;671,2;66,8399;670;671,2;645;613,3;-1,20001;31,7;66,8399;68,4677;2681,25;67,0243;66,8399;219,04;66,784;49,4102;12,2409;58,9153;671,1;670;671,1;670;645;618,8;-1,09998;26,2;58,9153;59,3743;64,8151;2434,13;58,9153;59,2212;43,7028;194,223;12,5327;670;670,7;53,0558;670;670,7;645;626,9;-0,700012;18,1;53,0566;52,9413;55,6377;2117,25;53,0558;52,6937;45,3089;172,81;12,2519;670;670,7;48,1423;670;670,7;645;638,1;-0,700012;6,90002;48,1423;48,4432;50,0477;2066,1;48,1423;47,9863;42,088;157,357;13,13;670;670,2;40,8152;670;670,2;645;635,6;-0,200012;9,40002;40,8152;40,8995;44,5284;1676,24;40,8152;41,0153;36,2494;134,556;12,4576
10.10.2025 00:07:30.820000;0;0;670;671,1;84,6467;670;671,1;645;616,4;-1,09998;28,6;84,6467;85,2476;69,5193;3407,11;84,6467;85,6767;60,0458;281,084;12,1213;670;671,2;66,832;670;671,2;645;613,3;-1,20001;31,7;66,832;68,505;2674,75;66,878;66,832;219,182;66,8276;49,4102;12,2034;59,0884;670,9;670;670,9;670;645;618,8;-0,900024;26,2;59,0884;59,4396;64,7367;2440,27;59,0884;59,1438;43,7571;193,902;12,5851;670;670,7;53,0523;670;670,7;645;626,8;-0,700012;18,2;53,0523;53,0092;55,6307;2122,18;53,0523;52,6898;45,3576;172,835;12,2786;670;670,7;48,1379;670;670,7;645;638,1;-0,700012;6,90002;48,1379;48,4014;50,0547;2063,51;48,1379;47,9315;42,1144;157,151;13,1308;670;670,4;40,6339;670;670,4;645;635,6;-0,400024;9,40002;40,6339;40,7749;44,6574;1671,29;40,6339;41,1328;36,1874;134,928;12,3865
10.10.2025 00:07:31.320000;0;0;670;671,2;84,5476;670;671,2;645;616,5;-1,20001;28,5;84,5476;84,684;69,9083;3388,72;84,5476;85,7928;59,8778;281,4;12,0423;670;671,3;66,7319;670;671,3;645;613,4;-1,29999;31,6;66,7319;68,5535;2666,62;66,639;66,7319;219,214;66,8335;49,371;12,1645;59,1719;670,8;670;670,8;670;645;618,5;-0,799988;26,5;59,1719;59,5123;64,6959;2440,96;59,1719;59,0711;43,7752;193,753;12,5983;670;670,7;53,0471;670;670,7;645;626,8;-0,700012;18,2;53,0471;53,0302;55,6307;2121,42;53,0471;52,6796;45,3903;172,776;12,2784;670;670,7;48,1336;670;670,7;645;638,1;-0,700012;6,90002;48,1336;48,3526;50,0678;2061,6;48,1336;47,8311;42,1634;156,86;13,1429;670;670,3;40,7221;670;670,3;645;635,6;-0,299988;9,40002;40,7221;40,804;44,6723;1673,12;40,7221;41,1575;36,1517;134,984;12,395
10.10.2025 00:07:31.820000;0;0;670;671,2;84,5396;670;671,2;645;616,6;-1,20001;28,4;84,5396;84,9073;69,8591;3397,65;84,5396;85,8002;59,795;281,425;12,073;670;671,4;66,6326;670;671,4;645;613,3;-1,40002;31,7;66,6326;68,5113;2674,49;66,8034;66,6326;219,378;66,8837;49,3409;12,1912;59,3475;670,6;670;670,6;670;645;618,6;-0,599976;26,4;59,3475;59,5088;64,7725;2440,02;59,3475;59,0726;43,8486;193,745;12,594;670;670,7;53,0427;670;670,7;645;626,8;-0,700012;18,2;53,0427;52,8701;55,6681;2115,01;53,0427;52,6874;45,3347;172,802;12,2395;670;670,7;48,1292;670;670,7;645;638,1;-0,700012;6,90002;48,1292;48,3136;50,0772;2059,77;48,1292;47,7869;42,1948;156,741;13,1412;670;670,4;40,6299;670;670,4;645;635,6;-0,400024;9,40002;40,6299;40,8237;44,6295;1673,13;40,6299;41,0649;36,1273;134,641;12,4266
10.10.2025 00:07:32.320000;0;0;670;671,2;84,5317;670;671,2;645;616,7;-1,20001;28,3;84,5317;85,1981;69,7293;3409,29;84,5317;85,7491;59,7366;281,257;12,1216;670;671,3;66,7136;670;671,3;645;613,2;-1,29999;31,8;66,7136;68,4585;2684,93;67,0964;66,7136;219,418;66,8956;49,3602;12,2366;59,3439;670,6;670;670,6;670;645;618,5;-0,599976;26,5;59,3439;59,7032;64,6655;2447,19;59,3439;59,149;43,8269;194,035;12,6121;670;670,7;53,0383;670;670,7;645;626,9;-0,700012;18,1;53,0383;52,764;55,7262;2111,24;53,0383;52,7262;45,3042;172,955;12,2069;670;670,7;48,1249;670;670,7;645;638,1;-0,700012;6,90002;48,1249;48,371;50,0418;2063,5;48,1249;47,7446;42,2269;156,551;13,181;670;670,5;40,5377;670;670,5;645;635,6;-0,5;9,40002;40,5377;40,8349;44,5628;1674,39;40,5377;40,8909;36,18;134,084;12,4877
10.10.2025 00:07:32.820000;0;0;670;671,2;84,5237;670;671,2;645;616,8;-1,20001;28,2;84,5237;85,3567;69,6253;3416,88;84,5237;85,659;59,698;280,961;12,1614;670;671,3;66,7049;670;671,3;645;613,1;-1,29999;31,9;66,7049;68,3185;2696,88;67,387;66,7049;219,553;66,9348;49,3339;12,2835;59,3403;670,6;670;670,6;670;645;618,4;-0,599976;26,6;59,3403;59,6447;64,6803;2444,63;59,3403;59,243;43,7918;194,35;12,5785;670;670,7;53,034;670;670,7;645;626,9;-0,700012;18,1;53,034;52,9001;55,6631;2118,45;53,034;52,8006;45,3042;173,219;12,2299;670;670,6;48,2109;670;670,6;645;638;-0,599976;7;48,2109;48,4312;50,0457;2064,95;48,2109;47,725;42,2907;156,546;13,1906;670;670,5;40,5348;670;670,5;645;635,6;-0,5;9,40002;40,5348;40,8427;44,5628;1674,71;40,5348;40,7812;36,1737;133,707;12,5252
10.10.2025 00:07:33.320000;0;0;670;671,3;84,4251;670;671,3;645;616,9;-1,29999;28,1;84,4251;85,3197;69,5806;3413,51;84,4251;85,5176;59,6463;280,498;12,1695;670;671,2;66,7867;670;671,2;645;613;-1,20001;32;66,7867;68,2897;2696,33;67,4211;66,7867;219,638;66,9588;49,3507;12,2762;59,4273;670,5;670;670,5;670;645;618,3;-0,5;26,7;59,4273;59,6886;64,694;2447,23;59,4273;59,3849;43,792;194,834;12,5606;670;670,4;53,3003;670;670,4;645;627;-0,400024;18;53,3003;53,0153;55,7398;2122,26;53,3003;52,8645;45,3278;173,408;12,2385;670;670,7;48,117;670;670,7;645;638;-0,700012;7;48,117;48,4385;49,9873;2064,94;48,117;47,7147;42,283;156,53;13,192;670;670,6;40,4416;670;670,6;645;635,6;-0,599976;9,40002;40,4416;40,8695;44,4976;1675,81;40,4416;40,646;36,1843;133,293;12,5723
10.10.2025 00:07:33.820000;0;0;670;671,2;84,5064;670;671,2;645;617;-1,20001;28;84,5064;85,2198;69,5332;3410,79;84,5064;85,2851;59,6768;279,671;12,1957;670;671,2;66,7787;670;671,2;645;612,9;-1,20001;32,1;66,7787;68,3655;2691,11;67,2549;66,7787;219,67;66,9725;49,3364;12,2507;59,4244;670,5;670;670,5;670;645;618,3;-0,5;26,7;59,4244;59,7055;64,6892;2447,61;59,4244;59,4571;43,792;195,019;12,5506;670;670,4;53,2981;670;670,4;645;627;-0,400024;18;53,2981;53,1702;55,6663;2127,98;53,2981;52,9052;45,382;173,542;12,2621;670;670,7;48,1127;670;670,7;645;638;-0,700012;7;48,1127;48,4987;49,9402;2068,78;48,1127;47,8806;42,2304;157,125;13,1664;670;670,5;40,5286;670;670,5;645;635,6;-0,5;9,40002;40,5286;40,8788;44,4445;1676,19;40,5286;40,5689;36,2239;133,015;12,6016
10.10.2025 00:07:34.320000;0;0;670;671,2;84,4984;670;671,2;645;617,2;-1,20001;27,8;84,4984;85,064;69,5332;3402,96;84,4984;85,0384;59,7703;278,849;12,2036;670;671,2;66,7707;670;671,2;645;612,8;-1,20001;32,2;66,7707;68,2546;2701,22;67,4315;66,7707;219,67;66,9608;49,3318;12,2967;59,3313;670,6;670;670,6;670;645;618,3;-0,599976;26,7;59,3313;59,7892;64,6633;2450,08;59,3313;59,512;43,7595;195,238;12,5492;670;670,3;53,3863;670;670,3;645;627;-0,299988;18;53,3863;53,3071;55,6523;2132,34;53,3863;52,913;45,4496;173,568;12,2853;670;670,6;48,199;670;670,5;645;638;-0,5;7;48,199;48,5493;49,9416;2069,34;48,199;48,0689;42,1959;157,678;13,1239;670;670,5;40,5252;670;670,5;645;635,6;-0,5;9,40002;40,5252;40,9142;44,3524;1677,96;40,5252;40,4556;36,2239;132,681;12,6466
10.10.2025 00:07:34.820000;0;0;670;671,2;84,4904;670;671,2;645;617,3;-1,20001;27,7;84,4904;84,9196;69,5332;3398,62;84,4904;84,8217;59,832;278,164;12,2181;670;671,2;66,7627;670;671,2;645;612,6;-1,20001;32,4;66,7627;68,1619;2703,52;67,5769;66,7627;219,68;66,9833;49,3124;12,3067;59,2375;670,7;670;670,7;670;645;618,2;-0,700012;26,8;59,2375;59,6416;64,7479;2445,3;59,2375;59,5385;43,7408;195,312;12,52;670;670,2;53,4754;670;670,2;645;627,1;-0,200012;17,9;53,4754;53,3184;55,6846;2134,07;53,4754;52,9475;45,4564;173,694;12,2864;670;670,5;48,286;670;670,5;645;638;-0,5;7;48,286;48,4265;50,0383;2064,27;48,286;48,2284;42,1853;158,215;13,0472;670;670,6;40,432;670;670,5;645;635,6;-0,5;9,40002;40,432;40,9524;44,3001;1679,21;40,432;40,3842;36,2239;132,409;12,682
10.10.2025 00:07:35.320000;0;0;670;671,2;84,4824;670;671,2;645;617,3;-1,20001;27,7;84,4824;85,1084;69,3328;3405,54;84,4824;84,6305;59,896;277,524;12,2712;670;671,1;66,8448;670;671,1;645;612,6;-1,09998;32,4;66,8448;68,2577;2693,28;67,341;66,8448;219,72;66,9877;49,2994;12,2578;59,1428;670,8;670;670,8;670;645;618,4;-0,799988;26,6;59,1428;59,6969;64,7478;2448,21;59,1428;59,6016;43,6252;195,493;12,5233;670;670,2;53,4746;670;670,2;645;627;-0,200012;18;53,4746;53,4309;55,6572;2139,05;53,4746;52,9714;45,5121;173,759;12,3104;670;670,6;48,1929;670;670,6;645;638;-0,599976;7;48,1929;48,4492;50,0499;2066,67;48,1929;48,3345;42,1687;158,589;13,0317;670;670,5;40,519;670;670,5;645;635,5;-0,5;9,5;40,519;40,9364;44,3293;1678,23;40,519;40,3062;36,2739;132,217;12,693
10.10.2025 00:07:35.820000;0;0;670;671,3;84,3841;670;671,3;645;617,4;-1,29999;27,6;84,3841;85,2899;69,1127;3412,96;84,3841;84,4452;59,9142;276,954;12,3232;670;671,2;66,7472;670;671,2;645;612,6;-1,20001;32,4;66,7472;68,3795;2682,47;67,0588;66,7472;219,781;67,0141;49,2793;12,2052;59,0475;670,9;670;670,9;670;645;618,4;-0,900024;26,6;59,0475;59,8923;64,6297;2457,18;59,0475;59,5694;43,5761;195,388;12,5759;670;670,2;53,4739;670;670,2;645;627,1;-0,200012;17,9;53,4739;53,4997;55,6572;2142,12;53,4739;53,0254;45,5325;173,936;12,3156;670;670,5;48,2798;670;670,5;645;638;-0,5;7;48,2798;48,449;50,0568;2065,87;48,2798;48,4435;42,1564;158,92;12,9994;670;670,4;40,6061;670;670,4;645;635,5;-0,400024;9,5;40,6061;40,8745;44,34;1674,9;40,6061;40,2978;36,2833;132,164;12,6729
10.10.2025 00:07:36.320000;0;0;670;671,1;84,5567;670;671,1;645;617,4;-1,09998;27,6;84,5567;85,0498;69,2532;3400,8;84,5567;84,3588;59,9574;276,671;12,2918;670;671,1;66,8295;670;671,1;645;612,6;-1,09998;32,4;66,8295;68,3795;2678,44;66,9261;66,8295;219,842;67,0249;49,2975;12,1835;59,0417;670,9;670;670,9;670;645;618,6;-0,900024;26,4;59,0417;59,8291;64,6265;2452,03;59,0417;59,5328;43,5611;195,229;12,5598;670;670,2;53,4732;670;670,2;645;627,1;-0,200012;17,9;53,4732;53,4149;55,6572;2136,81;53,4732;53,1061;45,497;174,206;12,266;670;670,5;48,2769;670;670,6;645;638,1;-0,599976;6,90002;48,2769;48,4073;50,0672;2063,61;48,2769;48,5278;42,1142;159,152;12,9663;670;670,4;40,604;670;670,4;645;635,5;-0,400024;9,5;40,604;40,7838;44,4221;1671,98;40,604;40,2251;36,3636;131,945;12,6717
10.10.2025 00:07:36.820000;0;0;670;671,1;84,5495;670;671,1;645;617,4;-1,09998;27,6;84,5495;84,7307;69,3964;3390,27;84,5495;84,2413;60,0116;276,286;12,2709;670;671;66,9124;670;671;645;612,6;-1;32,4;66,9124;68,3795;2681,3;67,0138;66,9124;219,957;67,0523;49,3127;12,1901;58,9458;671;670;671;670;645;618,8;-1;26,2;58,9458;59,7775;64,5845;2451,83;58,9458;59,4232;43,5803;194,87;12,5819;670;670,1;53,5625;670;670,1;645;627,1;-0,0999756;17,9;53,5625;53,3338;55,6784;2134,53;53,5625;53,2196;45,4253;174,586;12,2262;670;670,6;48,1833;670;670,6;645;638,1;-0,599976;6,90002;48,1833;48,4634;50,0924;2066;48,1833;48,6297;42,0191;159,518;12,9515;670;670,4;40,6018;670;670,4;645;635,5;-0,400024;9,5;40,6018;40,7334;44,443;1670,39;40,6018;40,2369;36,3754;131,951;12,6591
10.10.2025 00:07:37.320000;0;0;670;671;84,6326;670;671;645;617,3;-1;27,7;84,6326;85,0423;69,2702;3403,05;84,6326;84,1813;60,0861;276,089;12,3259;670;670,9;66,9962;670;670,9;645;612,6;-0,900024;32,4;66,9962;68,3796;2682,5;67,0407;66,9962;220,031;67,0827;49,3257;12,1914;58,849;671,1;670;671,1;670;645;618,8;-1,09998;26,2;58,849;59,7127;64,564;2447,1;58,849;59,3558;43,5086;194,687;12,5694;670;670,1;53,5625;670;670,1;645;627,1;-0,0999756;17,9;53,5625;53,4148;55,6886;2137,6;53,5625;53,262;45,4423;174,699;12,2359;670;670,6;48,1797;670;670,6;645;638,1;-0,599976;6,90002;48,1797;48,3842;50,1707;2063,26;48,1797;48,6916;41,9681;159,708;12,9189;670;670,3;40,6898;670;670,3;645;635,5;-0,299988;9,5;40,6898;40,726;44,4567;1668,01;40,6898;40,201;36,4452;131,872;12,6487
10.10.2025 00:07:37.820000;0;0;670;671,1;84,5355;670;671,1;645;617,3;-1,09998;27,7;84,5355;85,3388;69,0428;3413,96;84,5355;84,0888;60,108;275,792;12,3788;670;670,9;66,9904;670;670,9;645;612,7;-0,900024;32,3;66,9904;68,495;2671,91;66,7723;66,9904;220,081;67,0925;49,2319;12,1406;58,8417;671,1;670;671,1;670;645;618,9;-1,09998;26,1;58,8417;59,7036;64,5013;2447,05;58,8417;59,2561;43,5211;194,339;12,5917;670;670,1;53,5625;670;670,1;645;627,2;-0,0999756;17,8;53,5625;53,4479;55,6736;2138,13;53,5625;53,2996;45,4441;174,826;12,23;670;670,7;48,0855;670;670,7;645;638,1;-0,700012;6,90002;48,0855;48,3631;50,2303;2061,72;48,0855;48,7607;41,8703;159,939;12,8907;670;670,3;40,6884;670;670,3;645;635,5;-0,299988;9,5;40,6884;40,6252;44,4567;1665,63;40,6884;40,2586;36,4181;132,09;12,6099
10.10.2025 00:07:38.320000;0;0;670;671;84,6188;670;671;645;617,2;-1;27,8;84,6188;85,4914;68,9677;3422,94;84,6188;83,99;60,21;275,449;12,4268;670;670,9;66,9846;670;670,9;645;612,7;-0,900024;32,3;66,9846;68,3946;2679,07;66,9741;66,9846;220,02;67,0753;49,3097;12,1765;58,8344;671,1;670;671,1;670;645;619,1;-1,09998;25,9;58,8344;59,5661;64,5151;2442,21;58,8344;59,1878;43,5271;194,123;12,5807;670;670,2;53,4722;670;670,2;645;627,2;-0,200012;17,8;53,4722;53,3877;55,6684;2134,92;53,4722;53,3133;45,4254;174,867;12,2088;670;670,7;48,0812;670;670,6;645;638,1;-0,599976;6,90002;48,0812;48,4153;50,2198;2064,52;48,0812;48,7546;41,8318;159,902;12,9111;670;670,2;40,7773;670;670,3;645;635,5;-0,299988;9,5;40,7773;40,6261;44,4833;1665,83;40,7773;40,4755;36,3436;132,914;12,5332
10.10.2025 00:07:38.820000;0;0;670;670,9;84,7027;670;670,9;645;617,2;-0,900024;27,8;84,7027;85,7088;68,8476;3431,48;84,7027;83,9014;60,3205;275,184;12,4698;670;670,9;66,9788;670;670,9;645;612,7;-0,900024;32,3;66,9788;68,4999;2671,05;66,7699;66,9788;219,949;67,0655;49,2234;12,1439;58,9174;671;670;671;670;645;619,2;-1;25,8;58,9174;59,4641;64,5068;2438,51;58,9174;59,0999;43,5816;193,822;12,5812;670;670,2;53,4714;670;670,2;645;627,3;-0,200012;17,7;53,4714;53,3547;55,6794;2135,36;53,4714;53,3235;45,4254;174,914;12,2081;670;670,6;48,1675;670;670,6;645;638,1;-0,599976;6,90002;48,1675;48,4848;50,1548;2066,92;48,1675;48,6749;41,8666;159,589;12,9515;670;670,2;40,7761;670;670,2;645;635,5;-0,200012;9,5;40,7761;40,5893;44,5026;1664,32;40,7761;40,6779;36,3238;133,514;12,4656
10.10.2025 00:07:39.320000;0;0;670;670,8;84,7873;670;670,9;645;617,1;-0,900024;27,9;84,7873;85,6157;68,8825;3425,36;84,7873;83,8047;60,444;274,828;12,4636;670;671;66,8825;670;671;645;612,7;-1;32,3;66,8825;68,5183;2670,78;66,7027;66,8825;219,747;67,0038;49,2045;12,1539;58,8205;671,1;670;671;670;645;619,4;-1;25,6;58,8205;59,4482;64,4668;2437,38;58,8205;59,042;43,5609;193,645;12,5868;670;670,2;53,4707;670;670,2;645;627,2;-0,200012;17,8;53,4707;53,3863;55,6713;2135,99;53,4707;53,3399;45,4254;174,968;12,2079;670;670,7;48,0738;670;670,7;645;638,2;-0,700012;6,79999;48,0738;48,399;50,119;2064,4;48,0738;48,5111;41,9085;159,091;12,9762;670;670,3;40,6848;670;670,3;645;635,6;-0,299988;9,40002;40,6848;40,5816;44,5412;1663,69;40,6848;40,8352;36,2583;134,055;12,4105
10.10.2025 00:07:39.820000;0;0;670;670,8;84,7816;670;670,7;645;617;-0,700012;28;84,7816;85,3477;68,9242;3413,99;84,7816;83,7617;60,4797;274,79;12,424;670;671;66,876;670;671;645;612,7;-1;32,3;66,876;68,4235;2679,01;66,9205;66,876;219,76;67,0078;49,2662;12,1906;58,9039;671;670;671;670;645;619,5;-1;25,5;58,9039;59,4248;64,4256;2436,26;58,9039;58,9754;43,6064;193,427;12,5952;670;670,2;53,47;670;670,2;645;627,2;-0,200012;17,8;53,47;53,4024;55,672;2138,55;53,47;53,383;45,4254;175,083;12,2145;670;670,7;48,0694;670;670,7;645;638,2;-0,700012;6,79999;48,0694;48,302;50,1132;2060,22;48,0694;48,3819;41,9044;158,615;12,9888;670;670,5;40,5027;670;670,5;645;635,6;-0,5;9,40002;40,5027;40,612;44,6149;1665,41;40,5027;40,984;36,1877;134,479;12,3842
10.10.2025 00:07:40.320000;0;0;670;670,7;84,8681;670;670,7;645;617;-0,700012;28;84,8681;85,0711;69,137;3403,7;84,8681;83,8674;60,5569;275,157;12,37;670;671;66,8707;670;671;645;612,7;-1;32,3;66,8707;68,4235;2678,71;66,9209;66,8707;219,74;66,9882;49,2709;12,1903;58,8083;671,1;670;671,1;670;645;619,5;-1,09998;25,5;58,8083;59,5141;64,358;2440,56;58,8083;58,9715;43,5805;193,432;12,6171;670;670,2;53,4694;670;670,2;645;627,3;-0,200012;17,7;53,4694;53,3227;55,6961;2135,04;53,4694;53,3556;45,4254;175,011;12,1994;670;670,7;48,0659;670;670,7;645;638,2;-0,700012;6,79999;48,0659;48,3508;50,1102;2062,8;48,0659;48,2448;41,95;158,081;13,049;670;670,5;40,5004;670;670,5;645;635,6;-0,5;9,40002;40,5004;40,6937;44,618;1668,44;40,5004;41,0467;36,1045;134,74;12,3827
10.10.2025 00:07:40.820000;0;0;670;670,8;84,7731;670;670,8;645;617;-0,799988;28;84,7731;84,7648;69,1837;3389,87;84,7731;84,0861;60,4769;275,802;12,2909;670;671;66,8642;670;670,9;645;612,7;-0,900024;32,3;66,8642;68,432;2676,86;66,8827;66,8642;219,72;66,9994;49,2623;12,1831;58,7107;671,2;670;671,2;670;645;619,6;-1,20001;25,4;58,7107;59,4992;64,318;2439,63;58,7107;58,9359;43,5506;193,271;12,6228;670;670,2;53,4687;670;670,3;645;627,4;-0,299988;17,6;53,4687;53,3331;55,692;2133,38;53,4687;53,3473;45,4254;174,992;12,1913;670;670,9;47,8808;670;670,9;645;638,1;-0,900024;6,90002;47,8808;48,3481;50,0117;2061,88;47,8808;48,0604;41,9475;157,548;13,0873;670;670,7;40,3169;670;670,7;645;635,6;-0,700012;9,40002;40,3169;40,737;44,664;1669,58;40,3169;41,1443;35,9911;134,953;12,3715
10.10.2025 00:07:41.320000;0;0;670;670,8;84,768;670;670,8;645;616,8;-0,799988;28,2;84,768;84,3167;69,3686;3373,22;84,768;84,3512;60,2626;276,775;12,1876;670;670,9;66,9483;670;670,9;645;612,7;-0,900024;32,3;66,9483;68,4104;2687,53;67,0896;66,9483;219,627;66,9632;49,2753;12,2368;58,6125;671,3;670;671,3;670;645;619,7;-1,29999;25,3;58,6125;59,5301;64,2591;2438,49;58,6125;58,9115;43,513;193,204;12,6213;670;670,3;53,3773;670;670,3;645;627,5;-0,299988;17,5;53,3773;53,1667;55,7322;2127,52;53,3773;53,3505;45,391;175,002;12,1571;670;670,9;47,875;670;670,9;645;638;-0,900024;7;47,875;48,3369;49,9337;2060,13;47,875;47,9265;41,9771;157,109;13,1127;670;670,7;40,3126;670;670,8;645;635,7;-0,799988;9,29999;40,3126;40,7721;44,6262;1671,98;40,3126;41,0693;35,9374;134,656;12,4167
10.10.2025 00:07:41.820000;0;0;670;670,9;84,6728;670;670,9;645;616,8;-0,900024;28,2;84,6728;84,3358;69,3807;3375,58;84,6728;84,7003;60,1467;278,021;12,1415;670;670,9;66,9425;670;670,9;645;612,8;-0,900024;32,2;66,9425;68,3182;2693,29;67,2374;66,9425;219,549;66,9441;49,2753;12,2673;58,5137;671,4;670;671,4;670;645;619,6;-1,40002;25,4;58,5137;59,3339;64,3082;2435,25;58,5137;58,8649;43,5161;193,037;12,6154;670;670,2;53,4659;670;670,2;645;627,6;-0,200012;17,4;53,4659;53,0818;55,7824;2124,28;53,4659;53,3744;45,3396;175,041;12,1359;670;670,9;47,8692;670;670,9;645;637,9;-0,900024;7,09998;47,8692;48,2999;49,9037;2059,35;47,8692;47,8133;41,9771;156,749;13,1378;670;670,7;40,3078;670;670,7;645;635,7;-0,700012;9,29999;40,3078;40,796;44,5396;1673,28;40,3078;40,9051;35,9582;133,962;12,4907
10.10.2025 00:07:42.320000;0;0;670;671;84,5768;670;671;645;616,7;-1;28,3;84,5768;84,7189;69,3296;3398,91;84,5768;85,0095;60,1006;278,985;12,1831;670;671;66,8462;670;671;645;613;-1;32;66,8462;68,2217;2697,25;67,3843;66,8462;219,535;66,9314;49,2753;12,2862;58,4139;671,5;670;671,5;670;645;619,7;-1,5;25,3;58,4139;59,5989;64,1389;2444,51;58,4139;58,8596;43,4252;193,085;12,6603;670;670,3;53,375;670;670,3;645;627,7;-0,299988;17,3;53,375;52,9439;55,87;2116,85;53,375;53,3649;45,2731;175,05;12,0928;670;670,8;47,9537;670;670,8;645;637,8;-0,799988;7,20001;47,9537;48,273;49,9398;2059,8;47,9537;47,6901;42,0451;156,308;13,1778;670;670,7;40,3034;670;670,7;645;635,8;-0,700012;9,20001;40,3034;40,7567;44,5329;1671,5;40,3034;40,6523;36,0332;133,211;12,5478
10.10.2025 00:07:42.820000;0;0;670;671,1;84,4801;670;671,1;645;616,6;-1,09998;28,4;84,4801;85,2213;69,2357;3414,21;84,4801;85,2125;59,9511;279,664;12,2083;670;671,1;66,7493;670;671,1;645;613,1;-1,09998;31,9;66,7493;68,2292;2693,81;67,3457;66,7493;219,597;66,9505;49,2335;12,267;58,4037;671,5;670;671,5;670;645;619,7;-1,5;25,3;58,4037;59,7394;64,0057;2448,52;58,4037;58,8279;43,411;192,917;12,6921;670;670,3;53,3736;670;670,3;645;627,7;-0,299988;17,3;53,3736;52,8632;55,9389;2113,93;53,3736;53,3841;45,2076;175,1;12,0727;670;670,8;47,9486;670;670,8;645;637,7;-0,799988;7,29999;47,9486;48,4221;49,8434;2064,88;47,9486;47,5996;42,094;156,127;13,2257;670;670,6;40,3896;670;670,5;645;635,8;-0,5;9,20001;40,3896;40,7639;44,4366;1670,68;40,3896;40,4797;36,1246;132,606;12,5988
10.10.2025 00:07:43.320000;0;0;670;671,1;84,4728;670;671,1;645;616,6;-1,09998;28,4;84,4728;85,4394;69,2357;3419,42;84,4728;85,4174;59,8166;280,253;12,2012;670;671,2;66,6518;670;671,2;645;613,3;-1,20001;31,7;66,6518;68,2799;2688,58;67,1988;66,6518;219,596;66,9319;49,1951;12,2433;58,3936;671,5;670;671,5;670;645;619,5;-1,5;25,5;58,3936;59,6817;63,9693;2443,91;58,3936;58,7974;43,3987;192,8;12,6759;670;670,3;53,3721;670;670,3;645;627,7;-0,299988;17,3;53,3721;52,8479;55,9825;2117,64;53,3721;53,3966;45,1649;175,137;12,0913;670;670,7;48,034;670;670,6;645;637,6;-0,599976;7,40002;48,034;48,3594;49,8991;2061,38;48,034;47,5455;42,1702;155,92;13,2207;670;670,5;40,4766;670;670,5;645;635,9;-0,5;9,09998;40,4766;40,7712;44,4204;1672,42;40,4766;40,2883;36,1619;132,066;12,6635
10.10.2025 00:07:43.820000;0;0;670;671,1;84,4656;670;671,1;645;616,6;-1,09998;28,4;84,4656;85,4301;69,2448;3417,45;84,4656;85,5481;59,7003;280,662;12,1764;670;671,3;66,5536;670;671,3;645;613,4;-1,29999;31,6;66,5536;68,3014;2687,32;67,1754;66,5536;219,683;66,9691;49,127;12,2327;58,4739;671,4;670;671,4;670;645;619,3;-1,40002;25,7;58,4739;59,6026;63,9205;2443,87;58,4739;58,7135;43,4493;192,54;12,6928;670;670,4;53,2802;670;670,4;645;627,8;-0,400024;17,2;53,2802;53,1072;55,858;2126,1;53,2802;53,3716;45,2597;175,019;12,1478;670;670,6;48,1203;670;670,5;645;637,5;-0,5;7,5;48,1203;48,3278;49,9496;2061,5;48,1203;47,548;42,2344;156,034;13,2119;670;670,4;40,5637;670;670,4;645;635,9;-0,400024;9,09998;40,5637;40,7846;44,3986;1672,33;40,5637;40,1501;36,2266;131,589;12,7088
10.10.2025 00:07:44.320000;0;0;670;671,1;84,4583;670;671,1;645;616,5;-1,09998;28,5;84,4583;85,0365;69,4912;3397,22;84,4583;85,6192;59,6004;280,818;12,0976;670;671,4;66,4548;670;671,4;645;613,5;-1,40002;31,5;66,4548;68,2605;2693,07;67,2351;66,4548;219,686;66,9617;49,1054;12,2588;58,4645;671,4;670;671,4;670;645;619,2;-1,40002;25,8;58,4645;59,6548;63,8331;2447,29;58,4645;58,6943;43,4448;192,492;12,7137;670;670,3;53,3686;670;670,3;645;627,9;-0,299988;17,1;53,3686;53,2678;55,7817;2133,64;53,3686;53,2702;45,321;174,662;12,2158;670;670,5;48,2073;670;670,5;645;637,4;-0,5;7,59998;48,2073;48,4184;49,941;2065,2;48,2073;47,6894;42,2442;156,55;13,192;670;670,3;40,6521;670;670,3;645;635,9;-0,299988;9,09998;40,6521;40,7537;44,4981;1670,58;40,6521;40,0682;36,3578;131,513;12,7027
10.10.2025 00:07:44.820000;0;0;670;671,2;84,3605;670;671,2;645;616,5;-1,20001;28,5;84,3605;84,611;69,7131;3386,91;84,3605;85,5442;59,5193;280,521;12,0737;670;671,5;66,355;670;671,5;645;613,5;-1,5;31,5;66,355;68,2548;2690,83;67,248;66,355;219,697;66,9887;48,9891;12,2479;58,5453;671,3;670;671,3;670;645;619;-1,29999;26;58,5453;59,6583;63,7429;2445,83;58,5453;58,6312;43,4896;192,246;12,7224;670;670,5;53,1861;670;670,5;645;627,9;-0,5;17,1;53,1861;53,4123;55,7144;2137,35;53,1861;53,1641;45,3215;174,327;12,2606;670;670,6;48,1144;670;670,6;645;637,4;-0,599976;7,59998;48,1144;48,4489;49,9168;2066,32;48,1144;47,9279;42,1678;157,371;13,1303;670;670,2;40,7407;670;670,2;645;635,9;-0,200012;9,09998;40,7407;40,7257;44,4987;1671,35;40,7407;40,3029;36,2888;132,335;12,6298
10.10.2025 00:07:45.320000;0;0;670;671,3;84,2623;670;671,3;645;616,4;-1,29999;28,6;84,2623;85,0066;69,4837;3401,3;84,2623;85,4059;59,4662;279,926;12,1507;670;671,6;66,2547;670;671,6;645;613,6;-1,59998;31,4;66,2547;68,1889;2694,58;67,3097;66,2547;219,54;66,9407;48,9334;12,2737;58,6266;671,2;670;671,2;670;645;618,8;-1,20001;26,2;58,6266;59,7365;63,6183;2448,56;58,6266;58,5834;43,4896;192,089;12,747;670;670,5;53,1832;670;670,5;645;627,9;-0,5;17,1;53,1832;53,4655;55,6785;2140,41;53,1832;53,0967;45,3215;174,119;12,2928;670;670,6;48,1108;670;670,6;645;637,4;-0,599976;7,59998;48,1108;48,4337;49,8636;2064,55;48,1108;48,1035;42,0987;157,882;13,0765;670;670,3;40,6489;670;670,3;645;635,9;-0,299988;9,09998;40,6489;40,8162;44,4153;1673,46;40,6489;40,5529;36,2014;133,014;12,5812
10.10.2025 00:07:45.820000;0;0;670;671,3;84,2536;670;671,3;645;616,5;-1,29999;28,5;84,2536;85,3588;69,2943;3415,72;84,2536;85,167;59,497;279,194;12,2342;670;671,6;66,2438;670;671,6;645;613,6;-1,59998;31,4;66,2438;68,0625;2700,74;67,4389;66,2438;219,283;66,8663;48,9216;12,3162;58,6186;671,2;670;671;670;645;618,6;-1;26,4;58,6186;59,6195;63,6359;2445,36;58,6186;58,5247;43,4896;191,935;12,7406;670;670,5;53,1803;670;670,5;645;627,9;-0,5;17,1;53,1803;53,5678;55,6126;2144,21;53,1803;53,0458;45,3364;173,965;12,3256;670;670,5;48,1973;670;670,5;645;637,4;-0,5;7,59998;48,1973;48,2763;49,9683;2057,08;48,1973;48,2836;42,0981;158,46;12,9817;670;670,3;40,6478;670;670,3;645;635,9;-0,299988;9,09998;40,6478;40,8084;44,4603;1673,46;40,6478;40,6352;36,2014;133,296;12,5545
10.10.2025 00:07:46.320000;0;0;670;671,3;84,2449;670;671,3;645;616,5;-1,29999;28,5;84,2449;85,1972;69,2433;3409,09;84,2449;84,9223;59,5448;278,365;12,2468;670;671,7;66,1428;670;671,7;645;613,6;-1,70001;31,4;66,1428;67,8386;2707,32;67,6988;66,1428;218,906;66,7552;48,9301;12,3675;58,792;671;670;670,9;670;645;618,3;-0,900024;26,7;58,792;59,6347;63,6641;2447,1;58,792;58,5508;43,5541;192,111;12,738;670;670,5;53,1774;670;670,5;645;627,8;-0,5;17,2;53,1774;53,6028;55,5747;2145,42;53,1774;53,0055;45,3549;173,819;12,3428;670;670,5;48,1938;670;670,5;645;637,4;-0,5;7,59998;48,1938;48,243;50,0038;2056,92;48,1938;48,4118;42,0463;158,816;12,9516;670;670,3;40,6456;670;670,3;645;635,9;-0,299988;9,09998;40,6456;40,7816;44,4664;1671,89;40,6456;40,6069;36,2014;133,191;12,5526
10.10.2025 00:07:46.820000;0;0;670;671,3;84,2362;670;671,3;645;616,6;-1,29999;28,4;84,2362;85,0485;69,1965;3402,82;84,2362;84,7094;59,5954;277,726;12,2524;670;671,7;66,1312;670;671,6;645;613,4;-1,59998;31,6;66,1312;67,8399;2701,35;67,5321;66,1312;218,687;66,6945;48,882;12,3526;58,8761;670,9;670;670,9;670;645;618,3;-0,900024;26,7;58,8761;59,9418;63,4982;2456,34;58,8761;58,6504;43,5581;192,443;12,764;670;670,4;53,2643;670;670,4;645;627,7;-0,400024;17,3;53,2647;53,5594;55,6216;2143,23;53,2643;53,0046;45,3976;173,855;12,3277;670;670,5;48,1909;670;670,5;645;637,4;-0,5;7,59998;48,1909;48,2547;50,0666;2057,58;48,1909;48,5321;41,9855;159,185;12,9257;670;670,5;40,4635;670;670,5;645;636;-0,5;9;40,4635;40,8334;44,4071;1674,16;40,4635;40,5896;36,2014;133,108;12,5775
10.10.2025 00:07:47.320000;0;0;670;671,2;84,3175;670;671,2;645;616,5;-1,20001;28,5;84,3175;84,7354;69,2606;3383,42;84,3175;84,5513;59,6355;277,238;12,204;670;671,6;66,2103;670;671,6;645;613,2;-1,59998;31,8;66,2103;67,7215;2703,44;67,5821;66,2103;218,43;66,6102;48,9237;12,3767;58,7801;671;670;671;670;645;618,4;-1;26,6;58,7801;59,9377;63,3926;2455,53;58,7801;58,7774;43,5116;192,832;12,7341;670;670,3;53,3525;670;670,3;645;627,6;-0,299988;17,4;53,3525;53,2352;55,722;2130,26;53,3525;52,9745;45,4095;173,756;12,26;670;670,3;48,3688;670;670,3;645;637,5;-0,299988;7,5;48,3688;48,2503;50,1116;2057,39;48,3688;48,5923;41,9698;159,383;12,9085;670;670,5;40,4606;670;670,6;645;636,1;-0,599976;8,90002;40,4606;40,888;44,3541;1676,74;40,4606;40,5622;36,2009;133,037;12,6035
10.10.2025 00:07:47.820000;0;0;670;671;84,4897;670;671;645;616,5;-1;28,5;84,4897;84,1453;69,3768;3363,48;84,4897;84,387;59,66;276,687;12,1563;670;671,5;66,2899;670;671,5;645;613,2;-1,5;31,8;66,2899;67,6995;2697,76;67,4451;66,2899;218,164;66,5329;48,9719;12,3658;58,7724;671;670;671;670;645;618,4;-1;26,6;58,7724;59,92;63,3581;2457,04;58,7724;58,8532;43,5116;193,038;12,7282;670;670,2;53,4415;670;670,2;645;627,5;-0,200012;17,5;53,4415;53,0631;55,8589;2123,37;53,4415;52,9945;45,3527;173,822;12,2158;670;670,3;48,3673;670;670,3;645;637,5;-0,299988;7,5;48,3673;48,2302;50,1477;2056,7;48,3673;48,6122;41,9366;159,448;12,8988;670;670,6;40,3672;670;670,6;645;636;-0,599976;9;40,3672;40,8222;44,3714;1673,87;40,3672;40,5565;36,1624;133,013;12,5843
10.10.2025 00:07:48.320000;0;0;670;671;84,4832;670;671;645;616,6;-1;28,4;84,4832;84,0323;69,5012;3358,32;84,4832;84,2596;59,6556;276,226;12,1579;670;671,4;66,3699;670;671,4;645;613,1;-1,40002;31,9;66,3699;67,6591;2692,73;67,3672;66,3699;218,011;66,4756;49,0199;12,3513;58,6754;671,1;670;671,1;670;645;618,4;-1,09998;26,6;58,6754;59,9211;63,3577;2456,94;58,6754;58,9554;43,435;193,412;12,7031;670;670,2;53,4408;670;670,2;645;627,3;-0,200012;17,7;53,4408;52,916;55,9562;2116,85;53,4408;52,991;45,3527;173,823;12,1782;670;670,3;48,3663;670;670,3;645;637,5;-0,299988;7,5;48,3663;48,2607;50,1244;2057,99;48,3663;48,5656;41,9512;159,244;12,9235;670;670,6;40,3636;670;670,6;645;636;-0,599976;9;40,3636;40,8019;44,3581;1672,56;40,3636;40,5333;36,1656;132,988;12,5768
10.10.2025 00:07:48.820000;0;0;670;670,9;84,5671;670;670,9;645;616,6;-0,900024;28,4;84,5671;84,0321;69,5732;3366,78;84,5671;84,1036;59,698;275,852;12,205;670;671,4;66,3605;670;671,3;645;613,1;-1,29999;31,9;66,3605;67,7441;2689,67;67,171;66,3605;218,241;66,527;48,9942;12,3243;58,6681;671,1;670;671,1;670;645;618,5;-1,09998;26,5;58,6681;59,9182;63,3313;2457,25;58,6681;59,0098;43,3957;193,565;12,6947;670;670;53,5302;670;670;645;627,3;0;17,7;53,5302;52,8295;56,029;2113,71;53,5302;53,0297;45,3091;173,95;12,1512;670;670,3;48,3651;670;670,3;645;637,5;-0,299988;7,5;48,3651;48,3615;50,0295;2062,3;48,3651;48,4634;42,0254;158,909;12,9779;670;670,6;40,36;670;670,6;645;636;-0,599976;9;40,36;40,7749;44,3733;1671,45;40,36;40,5526;36,1504;133,013;12,5661
10.10.2025 00:07:49.320000;0;0;670;670,9;84,5602;670;670,9;645;616,7;-0,900024;28,3;84,5602;84,7936;69,2955;3393,1;84,5602;84,002;59,9016;275,527;12,315;670;671,3;66,44;670;671,3;645;613,2;-1,29999;31,8;66,44;67,8358;2682,99;67,048;66,44;218,636;66,6573;48,9695;12,2715;58,6608;671,1;670;671,1;670;645;618,5;-1,09998;26,5;58,6608;59,9373;63,3016;2457,75;58,6608;59,0599;43,3547;193,691;12,689;670;670;53,5302;670;670;645;627,2;0;17,8;53,5302;52,7291;56,1639;2111,29;53,5302;53,029;45,2595;173,922;12,1393;670;670,3;48,3637;670;670,3;645;637,5;-0,299988;7,5;48,3637;48,365;50,0285;2062,28;48,3637;48,3178;42,0262;158,431;13,0169;670;670,6;40,3564;670;670,5;645;635,9;-0,5;9,09998;40,3564;40,7398;44,379;1670,01;40,3564;40,5442;36,1469;133,011;12,5555
10.10.2025 00:07:49.820000;0;0;670;670,9;84,5544;670;670,9;645;616,8;-0,900024;28,2;84,5544;84,9052;69,2287;3397,09;84,5544;83,9282;59,9619;275,285;12,3403;670;671,3;66,4313;670;671,3;645;613,2;-1,29999;31,8;66,4313;67,973;2679,5;66,9767;66,4313;219,472;66,9006;48,8527;12,2088;58,6536;671,1;670;671,1;670;645;618,5;-1,09998;26,5;58,6536;59,9619;63,2085;2458,76;58,6536;59,0055;43,3554;193,512;12,7059;670;669,9;53,5302;670;669,9;645;627,1;0,0999756;17,9;53,5302;52,847;56,1442;2114,25;53,5302;53,045;45,2914;173,988;12,1517;670;670,2;48,4526;670;670,2;645;637,6;-0,200012;7,40002;48,4526;48,3712;50,0285;2062,23;48,4526;48,2242;42,0457;158,137;13,0408;670;670,5;40,4434;670;670,5;645;635,9;-0,5;9,09998;40,4434;40,8066;44,3346;1673,55;40,4434;40,5367;36,1793;132,935;12,5893
10.10.2025 00:07:50.320000;0;0;670;670,8;84,6391;670;670,8;645;616,8;-0,799988;28,2;84,6391;84,7393;69,3464;3390,93;84,6391;83,8734;60,0569;275,105;12,3259;670;671,3;66,4226;670;671,3;645;613,2;-1,29999;31,8;66,4226;67,9909;2679,99;66,9729;66,4226;220,115;67,1081;48,7349;12,1754;58,6463;671,1;670;671,1;670;645;618,5;-1,09998;26,5;58,6463;59,965;63,1281;2458,57;58,6463;58,9624;43,354;193,371;12,7142;670;669,9;53,5302;670;669,9;645;626,9;0,0999756;18,1;53,5302;52,9523;56,1267;2119,9;53,5302;53,0372;45,3256;173,949;12,1869;670;670,2;48,4518;670;670,2;645;637,6;-0,200012;7,40002;48,4518;48,357;50,0287;2061,78;48,4518;48,1224;42,0863;157,777;13,0677;670;670,4;40,5309;670;670,4;645;635,9;-0,400024;9,09998;40,5309;40,7714;44,3381;1671,15;40,5309;40,5132;36,1793;132,883;12,5761
10.10.2025 00:07:50.820000;0;0;670;670,8;84,634;670;670,8;645;616,8;-0,799988;28,2;84,634;84,5745;69,3463;3383,53;84,634;83,8168;60,0973;274,919;12,3074;670;671,3;66,4138;670;671,3;645;613,2;-1,29999;31,8;66,4138;68,0387;2684,31;67,0528;66,4138;220,711;67,2783;48,6176;12,1621;58,8195;670,9;670;670,9;670;645;618,3;-0,900024;26,7;58,8195;59,6837;63,171;2446,55;58,8195;58,872;43,4294;193,061;12,6724;670;669,8;53,6205;670;669,8;645;626,8;0,200012;18,2;53,6205;53,2518;56,0463;2133;53,6205;53,0627;45,3618;174,034;12,2562;670;670,2;48,4511;670;670,2;645;637,7;-0,200012;7,29999;48,4511;48,4391;50,0287;2064,49;48,4511;48,0643;42,1559;157,639;13,0963;670;670,4;40,5292;670;670,4;645;635,9;-0,400024;9,09998;40,5292;40,7433;44,3909;1670,48;40,5292;40,5198;36,1793;132,88;12,5713
10.10.2025 00:07:51.320000;0;0;670;670,8;84,6289;670;670,9;645;616,9;-0,900024;28,1;84,6289;84,3035;69,4671;3373,65;84,6289;83,7336;60,0579;274,621;12,2848;670;671,3;66,4051;670;671,3;645;613,1;-1,29999;31,9;66,4051;68,0311;2688,67;67,1658;66,4051;220,966;67,3637;48,5258;12,1678;58,9039;670,8;670;670,8;670;645;618,1;-0,799988;26,9;58,9039;59,6244;63,1712;2444,76;58,9039;58,7988;43,4319;192,847;12,6772;670;669,8;53,6213;670;669,8;645;626,6;0,200012;18,4;53,6213;53,4643;55,9475;2139,11;53,6213;53,0145;45,4843;173,875;12,3026;670;670,1;48,5411;670;670,1;645;637,7;-0,0999756;7,29999;48,5411;48,3946;50,0529;2064,19;48,5411;47,9507;42,2042;157,227;13,1287;670;670,5;40,4367;670;670,5;645;635,9;-0,5;9,09998;40,4367;40,6723;44,3563;1667,41;40,4367;40,4902;36,1793;132,834;12,5526
10.10.2025 00:07:51.820000;0;0;670;670,7;84,7136;670;670,7;645;616,9;-0,700012;28,1;84,7136;84,6602;69,3581;3389,84;84,7136;83,6755;60,2519;274,481;12,35;670;671,2;66,4871;670;671,2;645;612,9;-1,20001;32,1;66,4871;67,9833;2693,11;67,3367;66,4871;220,839;67,3367;48,5153;12,1949;58,8988;670,8;670;670,8;670;645;618;-0,799988;27;58,8988;59,8356;63,0195;2454,06;58,8988;58,7366;43,4569;192,63;12,7397;670;669,7;53,7125;670;669,7;645;626,6;0,299988;18,4;53,7125;53,4104;56,0276;2136,15;53,7125;53,0383;45,4744;173,979;12,2782;670;670,1;48,5411;670;670,1;645;637,7;-0,0999756;7,29999;48,5411;48,3881;50,0588;2063,75;48,5411;47,8923;42,2506;157,087;13,1376;670;670,5;40,4342;670;670,5;645;635,9;-0,5;9,09998;40,4342;40,6379;44,375;1666,79;40,4342;40,4984;36,1793;132,822;12,5491
10.10.2025 00:07:52.320000;0;0;670;670,6;84,7994;670;670,6;645;616,9;-0,599976;28,1;84,7994;85,0167;69,2491;3405,55;84,7994;83,6815;60,3451;274,47;12,4077;670;671,1;66,5696;670;671,1;645;612,7;-1,09998;32,3;66,5696;68,0277;2680,89;67,0116;66,5696;220,404;67,1982;48,5611;12,1636;59,0746;670,6;670;670,6;670;645;617,8;-0,599976;27,2;59,0746;59,8433;63,0528;2453,9;59,0746;58,7431;43,5333;192,683;12,7354;670;669,7;53,7139;670;669,7;645;626,5;0,299988;18,5;53,7139;53,6407;55,9342;2147,92;53,7139;53,045;45,5873;174,006;12,344;670;670,2;48,4508;670;670,2;645;637,7;-0,200012;7,29999;48,4508;48,4215;50,0337;2064,37;48,4508;47,8639;42,3047;156,998;13,149;670;670,4;40,5214;670;670,4;645;635,9;-0,400024;9,09998;40,5214;40,7275;44,3111;1669,83;40,5214;40,474;36,1793;132,771;12,5767
10.10.2025 00:07:52.820000;0;0;670;670,6;84,7957;670;670,6;645;617;-0,599976;28;84,7957;85,3594;69,0979;3414,94;84,7957;83,7454;60,4201;274,698;12,4316;670;671;66,6525;670;671;645;612,7;-1;32,3;66,6525;68,0565;2672,8;66,8132;66,6525;219,848;67,0464;48,6246;12,1575;59,1615;670,5;670;670,5;670;645;617,8;-0,5;27,2;59,1615;59,8901;63,0326;2455,34;59,1615;58,7165;43,5976;192,59;12,749;670;669,7;53,7154;670;669,7;645;626,5;0,299988;18,5;53,7154;53,624;55,9342;2145,98;53,7154;53,0928;45,5951;174,157;12,3221;670;670,2;48,4504;670;670,2;645;637,8;-0,200012;7,20001;48,4504;48,4588;50,0337;2066,45;48,4504;47,8802;42,3415;157,086;13,1549;670;670,4;40,5192;670;670,4;645;635,9;-0,400024;9,09998;40,5192;40,7117;44,3345;1669,34;40,5192;40,4746;36,1793;132,744;12,5757
10.10.2025 00:07:53.320000;0;0;670;670,5;84,8823;670;670,5;645;617;-0,5;28;84,8823;85,3143;69,1386;3412,34;84,8823;83,9288;60,4394;275,325;12,3939;670;671,1;66,5558;670;671,1;645;612,7;-1,09998;32,3;66,5558;68,0073;2666,53;66,6767;66,5558;219,05;66,8071;48,6697;12,1732;59,2492;670,4;670;670,3;670;645;617,8;-0,299988;27,2;59,2492;59,871;63,0518;2453,91;59,2492;58,7866;43,6298;192,833;12,7256;670;669,7;53,7168;670;669,7;645;626,5;0,299988;18,5;53,7168;53,6921;55,9342;2149,18;53,7168;53,1433;45,6301;174,361;12,326;670;670,3;48,3595;670;670,3;645;637,9;-0,299988;7,09998;48,3595;48,4076;50,0337;2064,58;48,3595;47,9935;42,2861;157,444;13,1131;670;670,4;40,517;670;670,4;645;635,9;-0,400024;9,09998;40,517;40,7549;44,3053;1671,43;40,517;40,4743;36,1793;132,769;12,5891
10.10.2025 00:07:53.820000;0;0;670;670,5;84,8794;670;670,5;645;617,1;-0,5;27,9;84,8794;84,9795;69,2959;3399,58;84,8794;84,1075;60,4184;275,95;12,3196;670;671;66,6391;670;671;645;612,7;-1;32,3;66,6391;68;2661,98;66,5309;66,6391;218,363;66,6014;48,7244;12,1906;59,3377;670,3;670;670,3;670;645;617,7;-0,299988;27,3;59,3377;59,8662;63,0699;2455,15;59,3377;58,8471;43,6673;193,031;12,7189;670;669,6;53,8084;670;669,6;645;626,6;0,400024;18,4;53,8084;53,6327;55,9342;2146,01;53,8084;53,2428;45,5939;174,636;12,2884;670;670,4;48,2676;670;670,4;645;637,9;-0,400024;7,09998;48,2676;48,4671;49,9826;2067,12;48,2676;48,175;42,1893;158,053;13,0787;670;670,4;40,5148;670;670,4;645;635,9;-0,400024;9,09998;40,5148;40,7707;44,2859;1671,76;40,5148;40,4715;36,1793;132,721;12,5961
10.10.2025 00:07:54.320000;0;0;670;670,4;84,9667;670;670,4;645;617,1;-0,400024;27,9;84,9667;84,6883;69,3874;3389,21;84,9667;84,3575;60,2731;276,77;12,2456;670;670,9;66,7226;670;670,9;645;612,7;-0,900024;32,3;66,7226;68,1098;2651,8;66,3124;66,7226;217,629;66,3738;48,7244;12,185;59,5167;670,1;670;670,1;670;645;617,7;-0,0999756;27,3;59,5167;59,7675;63,1399;2450,31;59,5167;58,921;43,6987;193,261;12,6788;670;669,7;53,7203;670;669,7;645;626,7;0,299988;18,3;53,7203;53,6751;55,9358;2146,74;53,7203;53,2306;45,6381;174,609;12,2945;670;670,5;48,1751;670;670,5;645;637,9;-0,5;7,09998;48,1751;48,3922;50,0143;2062,32;48,1751;48,2687;42,1893;158,334;13,0251;670;670,5;40,4222;670;670,5;645;635,9;-0,5;9,09998;40,4222;40,6843;44,2718;1668,06;40,4222;40,4164;36,1793;132,551;12,5843
10.10.2025 00:07:54.820000;0;0;670;670,5;84,8742;670;670,5;645;617,1;-0,5;27,9;84,8742;84,8362;69,304;3395,76;84,8742;84,5696;60,2599;277,478;12,2379;670;670,9;66,7168;670;670,9;645;612,8;-0,900024;32,2;66,7168;68,2866;2645,19;66,0954;66,7168;217,027;66,1785;48,7244;12,1883;59,5167;670;670;670;670;645;617,8;0;27,2;59,5167;59,6991;63,2107;2447,5;59,5167;58,9097;43,7718;193,237;12,6658;670;669,7;53,7218;670;669,7;645;626,8;0,299988;18,2;53,7218;53,706;55,9358;2148,46;53,7218;53,2506;45,665;174,662;12,3007;670;670,7;47,9912;670;670,7;645;637,9;-0,700012;7,09998;47,9912;48,3384;50,0259;2060,51;47,9912;48,3512;42,0775;158,618;12,9904;670;670,5;40,4193;670;670,5;645;635,9;-0,5;9,09998;40,4193;40,7078;44,2484;1669,34;40,4193;40,3815;36,1793;132,426;12,6059
10.10.2025 00:07:55.320000;0;0;670;670,6;84,7809;670;670,6;645;617;-0,599976;28;84,7809;85,0254;69,2294;3401,58;84,7809;84,7537;60,199;278,018;12,2351;670;670,8;66,8015;670;670,8;645;612,8;-0,799988;32,2;66,8015;68,1495;2662,73;66,5017;66,8015;216,731;66,0688;48,8649;12,2859;59,5167;670,1;670;670,1;670;645;617,8;-0,0999756;27,2;59,5167;59,8139;63,1459;2452,53;59,5167;58,9567;43,7855;193,404;12,6809;670;669,8;53,6329;670;669,8;645;626,8;0,200012;18,2;53,6329;53,6386;55,9358;2147,52;53,6329;53,2153;45,6702;174,521;12,3053;670;670,6;48,0775;670;670,7;645;637,9;-0,700012;7,09998;48,0775;48,305;50,0259;2059,41;48,0775;48,3982;42,0784;158,772;12,9708;670;670,5;40,4164;670;670,5;645;635,9;-0,5;9,09998;40,4164;40,7093;44,2337;1669,08;40,4164;40,3345;36,1793;132,297;12,6162
10.10.2025 00:07:55.820000;0;0;670;670,6;84,7773;670;670,6;645;616,9;-0,599976;28,1;84,7773;85,0851;69,2443;3404,44;84,7773;84,8862;60,1956;278,44;12,2269;670;670,7;66,8865;670;670,7;645;612,9;-0,700012;32,1;66,8865;68,0253;2679,14;66,9518;66,8865;216,908;66,1192;48,995;12,3515;59,5167;670,1;670;670,1;670;645;617,8;-0,0999756;27,2;59,5167;59,7954;63,1414;2449,37;59,5167;58,9876;43,8025;193,478;12,6597;670;669,9;53,5432;670;669,9;645;626,8;0,0999756;18,2;53,5432;53,6693;55,9222;2144,43;53,5432;53,1836;45,6681;174,441;12,2932;670;670,7;47,9832;670;670,7;645;637,9;-0,700012;7,09998;47,9832;48,305;50,0596;2059,27;47,9832;48,4684;41,9912;158,988;12,9524;670;670,6;40,323;670;670,6;645;635,9;-0,599976;9,09998;40,323;40,611;44,2247;1665,21;40,323;40,3068;36,1793;132,141;12,6018
10.10.2025 00:07:56.320000;0;0;670;670,7;84,6831;670;670,7;645;616,8;-0,700012;28,2;84,6831;85,2027;69,2345;3409,79;84,6831;84,9944;60,1074;278,807;12,2299;670;670,7;66,8821;670;670,7;645;612,9;-0,700012;32,1;66,8821;68,0283;2683,16;67,0278;66,8821;217,391;66,2504;49,0175;12,3425;59,4266;670,2;670;670,2;670;645;617,8;-0,200012;27,2;59,4266;59,5501;63,228;2442,35;59,4266;59,0363;43,8102;193,665;12,6112;670;669,9;53,5432;670;669,9;645;626,8;0,0999756;18,2;53,5432;53,3536;55,9808;2134,52;53,5432;53,193;45,6007;174,46;12,235;670;670,7;47,9788;670;670,7;645;637,9;-0,700012;7,09998;47,9788;48,2908;50,0719;2059,63;47,9788;48,4698;41,9629;158,942;12,9583;670;670,5;40,4098;670;670,5;645;635,9;-0,5;9,09998;40,4098;40,6657;44,2297;1666,66;40,4098;40,2531;36,204;132,03;12,6233
10.10.2025 00:07:56.820000;0;0;670;670,7;84,6797;670;670,7;645;616,7;-0,700012;28,3;84,6797;85,4129;69,1674;3419,79;84,6797;85,0847;60,0562;279,065;12,2544;670;670,7;66,8786;670;670,7;645;613;-0,700012;32;66,8786;67,9901;2686,05;67,0924;66,8786;218,011;66,4473;48,9604;12,3207;59,5163;670,1;670;670,1;670;645;617,7;-0,0999756;27,3;59,5163;59,5788;63,2261;2442,09;59,5163;59,0651;43,8143;193,721;12,6062;670;670;53,5432;670;670;645;626,9;0;18,1;53,5432;53,3876;55,9673;2138,44;53,5432;53,2064;45,6132;174,504;12,2544;670;670,7;47,9754;670;670,7;645;637,8;-0,700012;7,20001;47,9754;48,3445;50,0339;2061,89;47,9754;48,4246;41,9599;158,768;12,9868;670;670,4;40,4976;670;670,4;645;635,9;-0,400024;9,09998;40,4976;40,6071;44,2515;1664,73;40,4976;40,2396;36,2116;131,961;12,6153
10.10.2025 00:07:57.320000;0;0;670;670,9;84,4944;670;670,9;645;616,7;-0,900024;28,3;84,4944;85,5693;69,1134;3422,89;84,4944;85,1748;59,9181;279,412;12,2503;670;670,7;66,8747;670;670,7;645;613;-0,700012;32;66,8747;67,9237;2693,45;67,2853;66,8747;218,743;66,6391;48,9362;12,3133;59,3357;670,3;670;670,3;670;645;617,7;-0,299988;27,3;59,3357;59,7152;63,1275;2449,6;59,3357;59,0768;43,794;193,823;12,6383;670;670,2;53,4527;670;670,2;645;627;-0,200012;18;53,4527;53,5606;55,936;2144,08;53,4527;53,2024;45,6501;174,491;12,2876;670;670,7;47,971;670;670,7;645;637,8;-0,700012;7,20001;47,971;48,4115;50,0277;2063,15;47,971;48,2993;41,9885;158,319;13,0316;670;670,4;40,4954;670;670,4;645;635,9;-0,400024;9,09998;40,4954;40,6382;44,2782;1666,01;40,4954;40,2083;36,2703;131,896;12,6312
10.10.2025 00:07:57.820000;0;0;670;671;84,3984;670;671;645;616,6;-1;28,4;84,3984;85,563;69,1399;3424,53;84,3984;85,2519;59,8066;279,626;12,2468;670;670,7;66,8704;670;670,7;645;613;-0,700012;32;66,8704;67,7497;2701,7;67,4915;66,8704;219,254;66,8379;48,8491;12,3222;59,3342;670,3;670;670,3;670;645;617,7;-0,299988;27,3;59,3342;59,748;63,0471;2449,67;59,3342;59,0956;43,7598;193,846;12,6372;670;670,3;53,3614;670;670,4;645;627,2;-0,400024;17,8;53,3614;53,7082;55,807;2149,83;53,3614;53,2084;45,6169;174,514;12,3189;670;670,6;48,0568;670;670,6;645;637,8;-0,599976;7,20001;48,0568;48,3591;49,9809;2060,43;48,0568;48,1605;42,032;157,918;13,0474;670;670,2;40,6738;670;670,3;645;635,9;-0,299988;9,09998;40,6738;40,6063;44,2978;1664,86;40,6738;40,2186;36,3243;131,907;12,6215
10.10.2025 00:07:58.320000;0;0;670;671;84,3919;670;671;645;616,4;-1;28,6;84,3919;85,6504;69,0805;3425,63;84,3919;85,2577;59,7505;279,632;12,2505;670;670,7;66,866;670;670,7;645;613,1;-0,700012;31,9;66,866;67,661;2710,51;67,7117;66,866;219,773;66,9882;48,8404;12,3332;59,3328;670,3;670;670,3;670;645;617,6;-0,299988;27,4;59,3328;59,7127;63,0472;2447,58;59,3328;59,1634;43,7393;194,1;12,6099;670;670,4;53,2692;670;670,4;645;627,4;-0,400024;17,6;53,2692;53,8213;55,6816;2154,51;53,2692;53,2146;45,5967;174,572;12,3417;670;670,6;48,0531;670;670,5;645;637,8;-0,5;7,20001;48,0531;48,3105;49,9456;2060,44;48,0531;48,049;42,0686;157,523;13,0802;670;670,2;40,6726;670;670,2;645;635,9;-0,200012;9,09998;40,6726;40,5549;44,3069;1662,75;40,6726;40,1968;36,3313;131,892;12,6069
10.10.2025 00:07:58.820000;0;0;670;671;84,3854;670;671;645;616,4;-1;28,6;84,3854;85,4278;69,1607;3414,64;84,3854;85,2178;59,7134;279,514;12,2163;670;670,8;66,7712;670;670,8;645;613,3;-0,799988;31,7;66,7712;67,6729;2712,75;67,7876;66,7712;220,384;67,1667;48,7198;12,3092;59,1504;670,5;670;670,5;670;645;617,7;-0,5;27,3;59,1504;59,7546;62,9408;2450,42;59,1504;59,2106;43,7127;194,211;12,6173;670;670,3;53,3571;670;670,3;645;627,5;-0,299988;17,5;53,3571;53,8449;55,6391;2152,9;53,3571;53,2444;45,5967;174,68;12,3248;670;670,6;48,0498;670;670,6;645;637,8;-0,599976;7,20001;48,0498;48,2191;49,9837;2055,42;48,0498;47,9795;42,0696;157,347;13,063;670;670,2;40,6719;670;670,2;645;635,9;-0,200012;9,09998;40,6719;40,5778;44,299;1663,69;40,6719;40,2428;36,3374;131,996;12,6041
10.10.2025 00:07:59.320000;0;0;670;671,2;84,1965;670;671,2;645;616,3;-1,20001;28,7;84,1965;84,9227;69,2573;3391,87;84,1965;85,1068;59,6214;279,099;12,1529;670;670,8;66,7651;670;670,8;645;613,4;-0,799988;31,6;66,7651;67,5102;2725,9;68,1041;66,7651;220,651;67,2481;48,6573;12,3539;59,3283;670,3;670;670,3;670;645;618;-0,299988;27;59,3283;59,7578;62,9697;2451,67;59,3283;59,2665;43,7129;194,42;12,6102;670;670,3;53,3554;670;670,3;645;627,6;-0,299988;17,4;53,3554;53,7347;55,7113;2148,62;53,3554;53,2901;45,5967;174,83;12,2898;670;670,4;48,2264;670;670,4;645;637,8;-0,400024;7,20001;48,2264;48,2225;50,0147;2055,73;48,2264;47,8855;42,1722;157,026;13,0916;670;670,2;40,671;670;670,1;645;635,9;-0,0999756;9,09998;40,671;40,5776;44,2991;1663,84;40,671;40,2369;36,3592;132,003;12,6046
10.10.2025 00:07:59.820000;0;0;670;671,2;84,1901;670;671,2;645;616,1;-1,20001;28,9;84,1901;84,3987;69,4842;3376,5;84,1901;85,0037;59,6194;278,692;12,1155;670;670,9;66,6706;670;670,9;645;613,5;-0,900024;31,5;66,6706;67,4151;2731,67;68,2365;66,6706;220,641;67,2706;48,5872;12,3806;59,3271;670,3;670;670,3;670;645;618;-0,299988;27;59,3271;59,6751;62,9947;2446,52;59,3271;59,2892;43,7129;194,487;12,5793;670;670,1;53,5347;670;670,1;645;627,6;-0,0999756;17,4;53,5347;53,6049;55,8417;2144,42;53,5347;53,3325;45,6383;174,974;12,2556;670;670,3;48,3148;670;670,3;645;637,7;-0,299988;7,29999;48,3148;48,223;50,0147;2055,43;48,3148;47,8614;42,1957;157,003;13,0917;670;670;40,761;670;669,9;645;635,8;0,0999756;9,20001;40,761;40,5052;44,3808;1659,91;40,761;40,248;36,3369;131,992;12,5759
10.10.2025 00:08:00.320000;0;0;670;671,2;84,1821;670;671,2;645;616,1;-1,20001;28,9;84,1821;84,2871;69,4673;3371,07;84,1821;84,8019;59,6562;278,073;12,123;670;670,9;66,6648;670;670,9;645;613,7;-0,900024;31,3;66,6648;67,362;2724,18;68,1452;66,6648;220,306;67,1859;48,5877;12,3655;59,3257;670,3;670;670,3;670;645;618,1;-0,299988;26,9;59,3257;59,6905;62,9938;2449,71;59,3257;59,3688;43,7129;194,82;12,5742;670;670,1;53,5347;670;670,1;645;627,9;-0,0999756;17,1;53,5347;53,557;55,8417;2143,46;53,5347;53,3923;45,6181;175,153;12,2376;670;670,3;48,3133;670;670,4;645;637,7;-0,400024;7,29999;48,3133;48,2344;50,0148;2056,1;48,3133;47,8389;42,2267;156,924;13,1025;670;670;40,761;670;670;645;635,8;0;9,20001;40,761;40,4271;44,4325;1657,03;40,761;40,2489;36,3135;132,055;12,5481
10.10.2025 00:08:00.820000;0;0;670;671,4;83,9932;670;671,4;645;616,1;-1,40002;28,9;83,9932;84,5417;69,2858;3387,02;83,9932;84,6598;59,6031;277,581;12,2019;670;671;66,5685;670;671;645;613,8;-1;31,2;66,5685;67,3669;2721,57;67,9481;66,5685;219,938;67,0933;48,5583;12,3743;59,3242;670,3;670;670,3;670;645;618,3;-0,299988;26,7;59,3242;59,7425;62,9889;2450,88;59,3242;59,4401;43,7066;194,963;12,571;670;670,1;53,5347;670;670,1;645;628;-0,0999756;17;53,5347;53,4662;55,8417;2139,18;53,5347;53,4514;45,6022;175,321;12,2015;670;670,2;48,4016;670;670,2;645;637,8;-0,200012;7,20001;48,4016;48,2199;50,0563;2055,94;48,4016;47,8701;42,2268;157,052;13,0908;670;670,1;40,761;670;670,1;645;635,8;-0,0999756;9,20001;40,761;40,4689;44,4258;1660,35;40,761;40,3108;36,309;132,22;12,5575
10.10.2025 00:08:01.320000;0;0;670;671,4;83,9838;670;671,4;645;616,1;-1,40002;28,9;83,9838;84,7966;69,2088;3394,82;83,9838;84,5669;59,6016;277,236;12,2452;670;671,1;66,4715;670;671,1;645;613,8;-1,09998;31,2;66,4715;67,0916;2728,28;68,1758;66,4715;219,264;66,892;48,5753;12,4429;59,2327;670,4;670;670,4;670;645;618,2;-0,400024;26,8;59,2327;59,7578;63,0022;2447,03;59,2327;59,5118;43,6746;195,203;12,5358;670;670,1;53,5347;670;670,1;645;628,2;-0,0999756;16,8;53,5347;53,3821;55,8694;2136,65;53,5347;53,4634;45,6022;175,357;12,1846;670;670,1;48,4914;670;670,1;645;637,8;-0,0999756;7,20001;48,4914;48,2952;50,0696;2059,59;48,4914;47,9009;42,2617;157,013;13,1173;670;670;40,761;670;670;645;635,8;0;9,20001;40,761;40,5358;44,4018;1662,77;40,761;40,3091;36,343;132,208;12,5769
10.10.2025 00:08:01.820000;0;0;670;671,4;83,9744;670;671,4;645;616;-1,40002;29;83,9744;84,9157;69,0746;3390,79;83,9744;84,4548;59,6145;276,948;12,2434;670;671;66,5546;670;671,1;645;613,8;-1,09998;31,2;66,5546;66,986;2721,51;68,0185;66,5546;218,552;66,6788;48,6813;12,4524;59,2305;670,4;670;670,5;670;645;618,2;-0,5;26,8;59,2305;59,6548;63,0595;2445,85;59,2305;59,5276;43,6189;195,245;12,5271;670;670;53,5347;670;670;645;628,4;0;16,6;53,5347;53,3705;55,8786;2134,08;53,5347;53,4965;45,5912;175,489;12,1607;670;670;48,4914;670;670;645;637,8;0;7,20001;48,4914;48,2677;50,0903;2059,12;48,4914;47,8767;42,2808;157,057;13,1107;670;670;40,761;670;670;645;635,8;0;9,20001;40,761;40,5066;44,4246;1661,09;40,761;40,3535;36,3202;132,356;12,5502
10.10.2025 00:08:02.320000;0;0;670;671,2;84,1457;670;671,2;645;616,1;-1,20001;28,9;84,1457;84,6386;69,1705;3386,9;84,1457;84,3922;59,6885;276,755;12,2379;670;671,1;66,4574;670;671,1;645;613,8;-1,09998;31,2;66,4574;66,8481;2721,89;67,9679;66,4574;218,09;66,5143;48,6898;12,4806;59,1377;670,5;670;670,5;670;645;618,3;-0,5;26,7;59,1377;59,7439;63,0138;2449,34;59,1377;59,5355;43,5614;195,302;12,5413;670;670;53,5347;670;670;645;628,5;0;16,5;53,5347;53,4142;55,863;2137,62;53,5347;53,5279;45,5909;175,571;12,1752;670;670,1;48,4914;670;670,1;645;637,8;-0,0999756;7,20001;48,4914;48,1819;50,1421;2055,1;48,4914;47,8845;42,261;157,035;13,0869;670;670;40,761;670;670;645;635,7;0;9,29999;40,761;40,4949;44,4398;1660,13;40,761;40,3691;36,3127;132,411;12,5377
10.10.2025 00:08:02.820000;0;0;670;671,2;84,1377;670;671,2;645;616,2;-1,20001;28,8;84,1377;84,5883;69,1366;3387,92;84,1377;84,2949;59,7176;276,451;12,2551;670;671,1;66,4501;670;671,1;645;613,7;-1,09998;31,3;66,4501;66,7812;2716,64;67,8648;66,4501;217,682;66,3934;48,6898;12,4799;58,954;670,7;670;670,7;670;645;618,1;-0,700012;26,9;58,954;59,4647;63,065;2435,34;58,954;59,4928;43,4822;195,048;12,4858;670;669,9;53,5347;670;669,9;645;628,5;0,0999756;16,5;53,5347;53,3559;55,9144;2134,59;53,5347;53,5753;45,5467;175,754;12,1453;670;670,2;48,401;670;670,2;645;637,7;-0,200012;7,29999;48,401;48,2263;50,0837;2055,74;48,401;47,877;42,2977;157,063;13,0886;670;670;40,761;670;670;645;635,7;0;9,29999;40,761;40,4882;44,4536;1660,81;40,761;40,4008;36,3034;132,541;12,5306
10.10.2025 00:08:03.320000;0;0;670;671,1;84,2203;670;671,1;645;616,2;-1,09998;28,8;84,2203;84,583;69,0955;3384,36;84,2203;84,244;59,7384;276,299;12,2489;670;671,1;66,4429;670;671;645;613,6;-1;31,4;66,4429;66,7602;2707,05;67,7368;66,4429;217,314;66,2681;48,7219;12,4568;58,8592;670,8;670;670,8;670;645;618,1;-0,799988;26,9;58,8592;59,2971;63,088;2431,66;58,8592;59,4419;43,4348;194,938;12,474;670;669,9;53,5347;670;669,9;645;628,5;0,0999756;16,5;53,5347;53,1683;56,0313;2125,82;53,5347;53,5948;45,4496;175,786;12,0932;670;670,2;48,4002;670;670,2;645;637,7;-0,200012;7,29999;48,4002;48,2869;50,0584;2058,95;48,4002;47,8678;42,3452;157,006;13,1138;670;670,1;40,761;670;670,1;645;635,8;-0,0999756;9,20001;40,761;40,5749;44,4198;1664,05;40,761;40,3996;36,3364;132,511;12,5579
10.10.2025 00:08:03.820000;0;0;670;671;84,3035;670;671;645;616,2;-1;28,8;84,3035;84,7116;69,0478;3388,54;84,3035;84,2081;59,7384;276,151;12,2706;670;671;66,5263;670;670,9;645;613,4;-0,900024;31,6;66,5263;66,9679;2690,19;67,2881;66,5263;217,114;66,2127;48,7882;12,3907;58,6734;671;670;671;670;645;618;-1;27;58,6734;59,4786;63,0425;2438,46;58,6734;59,3318;43,3715;194,506;12,5367;670;669,9;53,5347;670;669,9;645;628,5;0,0999756;16,5;53,5347;53,1402;56,0721;2124,52;53,5347;53,6023;45,4108;175,816;12,0838;670;670,2;48,3996;670;670,2;645;637,7;-0,200012;7,29999;48,3996;48,3291;50,0518;2061,56;48,3996;47,8845;42,3736;157,087;13,1237;670;670,2;40,6707;670;670,2;645;635,8;-0,200012;9,20001;40,6707;40,5633;44,384;1663,42;40,6707;40,4083;36,3321;132,526;12,5516
10.10.2025 00:08:04.320000;0;0;670;670,9;84,3871;670;670,9;645;616,3;-0,900024;28,7;84,3871;84,7827;69,0366;3396,34;84,3871;84,1825;59,782;276,106;12,3009;670;670,8;66,7005;670;670,8;645;613,4;-0,799988;31,6;66,7005;67,1025;2683,84;67,0444;66,7005;217,08;66,1672;48,8608;12,3634;58,6668;671;670;671;670;645;617,9;-1;27,1;58,6668;59,532;62,9532;2440,01;58,6668;59,2234;43,3791;194,189;12,5652;670;669,9;53,5347;670;669,9;645;628,3;0,0999756;16,7;53,5347;53,1678;56,0851;2128,32;53,5347;53,6074;45,3939;175,845;12,1034;670;670,3;48,3087;670;670,3;645;637,6;-0,299988;7,40002;48,3087;48,3638;50,0518;2062,87;48,3087;48,0069;42,3631;157,501;13,0975;670;670,2;40,6699;670;670,2;645;635,8;-0,200012;9,20001;40,6699;40,6057;44,3803;1664,79;40,6699;40,3896;36,3645;132,491;12,5653
10.10.2025 00:08:04.820000;0;0;670;670,9;84,3813;670;670,8;645;616,3;-0,799988;28,7;84,3813;85,2633;68,7596;3413,01;84,3813;84,0861;59,8274;275,742;12,3776;670;670,7;66,7854;670;670,7;645;613,3;-0,700012;31,7;66,7854;67,2143;2674,2;66,8783;66,7854;217,372;66,2475;48,8886;12,3024;58,5698;671,1;670;671,1;670;645;617,9;-1,09998;27,1;58,5698;59,5765;62,8358;2443,43;58,5698;59,069;43,3729;193,634;12,6189;670;669,8;53,625;670;669,8;645;628,2;0,200012;16,8;53,625;53,1534;56,1249;2129,55;53,625;53,6293;45,3564;175,894;12,107;670;670,2;48,3976;670;670,2;645;637,6;-0,200012;7,40002;48,3976;48,3895;50,0518;2063,33;48,3976;48,2256;42,2941;158,18;13,0442;670;670,2;40,6691;670;670,2;645;635,8;-0,200012;9,20001;40,6691;40,6046;44,3803;1664,61;40,6691;40,3734;36,3788;132,425;12,5702
10.10.2025 00:08:05.320000;0;0;670;670,7;84,5563;670;670,7;645;616,4;-0,700012;28,6;84,5563;85,1754;68,7999;3413,01;84,5563;84,0117;59,911;275,494;12,3887;670;670,6;66,8712;670;670,6;645;613,2;-0,599976;31,8;66,8712;67,3096;2662,11;66,5775;66,8712;217,985;66,4081;48,7938;12,2123;58,653;671;670;671;670;645;617,9;-1;27,1;58,653;59,6439;62,704;2444,92;58,653;58,9398;43,439;193,258;12,6511;670;669,9;53,5352;670;669,9;645;628,1;0,0999756;16,9;53,5352;53,359;56,0214;2136,69;53,5352;53,598;45,4353;175,801;12,154;670;670,1;48,4871;670;670,1;645;637,6;-0,0999756;7,40002;48,4871;48,3245;50,0518;2059,31;48,4871;48,3149;42,2692;158,576;12,9863;670;670,2;40,6684;670;670,2;645;635,8;-0,200012;9,20001;40,6684;40,6902;44,3803;1668,3;40,6684;40,3532;36,4244;132,371;12,6032
10.10.2025 00:08:05.820000;0;0;670;670,6;84,642;670;670,6;645;616,5;-0,599976;28,5;84,642;85,2099;68,7895;3410,88;84,642;83,9228;60,0133;275,241;12,3923;670;670,6;66,8676;670;670,6;645;613,1;-0,599976;31,9;66,8676;67,3093;2669,47;66,6859;66,8676;218,824;66,6597;48,7665;12,1992;58,7353;670,9;670;670,9;670;645;617,9;-0,900024;27,1;58,7353;59,6476;62,5696;2446,51;58,7353;58,7761;43,4923;192,734;12,6937;670;669,9;53,5352;670;669,9;645;627,9;0,0999756;17,1;53,5352;53,4335;55,9649;2138,67;53,5352;53,5479;45,479;175,624;12,1776;670;670,1;48,4871;670;670,1;645;637,6;-0,0999756;7,40002;48,4871;48,31;50,0963;2060,9;48,4871;48,4606;42,2484;159,002;12,9615;670;670,1;40,7581;670;670,1;645;635,8;-0,0999756;9,20001;40,7581;40,6736;44,3803;1667,46;40,7581;40,3342;36,4485;132,27;12,6064
10.10.2025 00:08:06.320000;0;0;670;670,4;84,8181;670;670,4;645;616,5;-0,400024;28,5;84,8181;84,9792;69,0025;3400,53;84,8181;83,8138;60,2174;274,909;12,3696;670;670,5;66,9535;670;670,5;645;613;-0,5;32;66,9535;67,2853;2674,62;66,8228;66,9535;219,211;66,8207;48,7667;12,2012;58,7295;670,9;670;670,9;670;645;617,9;-0,900024;27,1;58,7295;59,5648;62,5392;2440,72;58,7295;58,6865;43,504;192,453;12,6821;670;669,9;53,5352;670;669,9;645;627,8;0,0999756;17,2;53,5352;53,6326;55,9578;2146,8;53,5352;53,4856;45,4846;175,433;12,2372;670;670,1;48,4871;670;670,1;645;637,7;-0,0999756;7,29999;48,4871;48,318;50,116;2060,44;48,4871;48,5236;42,2208;159,157;12,9459;670;670,1;40,7581;670;670,1;645;635,8;-0,0999756;9,20001;40,7581;40,6217;44,3988;1665,33;40,7581;40,2992;36,4583;132,194;12,5976
10.10.2025 00:08:06.820000;0;0;670;670,2;84,9966;670;670,2;645;616,5;-0,200012;28,5;84,9966;84,5942;69,1893;3385,12;84,9966;83,7364;60,2153;274,655;12,325;670;670,5;66,9506;670;670,5;645;612,9;-0,5;32,1;66,9506;67,311;2672,05;66,7746;66,9506;219,614;66,9554;48,7339;12,1671;58,7236;670,9;670;670,9;670;645;618;-0,900024;27;58,7236;59,3889;62,5831;2433,82;58,7236;58,559;43,5315;192,035;12,6738;670;669,9;53,5352;670;669,9;645;627,7;0,0999756;17,3;53,5352;53,7243;55,9097;2149,19;53,5352;53,4687;45,4846;175,362;12,2557;670;670,3;48,3063;670;670,3;645;637,7;-0,299988;7,29999;48,3063;48,238;50,2036;2057,99;48,3063;48,5969;42,1478;159,421;12,9091;670;670;40,7581;670;670;645;635,8;0;9,20001;40,7581;40,6372;44,3931;1665,96;40,7581;40,2944;36,4813;132,138;12,6077
10.10.2025 00:08:07.320000;0;0;670;670,1;85,086;670;670,1;645;616,6;-0,0999756;28,4;85,086;84,6147;69,1965;3385,14;85,086;83,6773;60,3007;274,41;12,3361;670;670,6;66,8577;670;670,6;645;612,9;-0,599976;32,1;66,8577;67,5177;2660,64;66,5014;66,8577;219,944;67,0523;48,5628;12,0969;58,8986;670,7;670;670,7;670;645;618,1;-0,700012;26,9;58,8986;59,2604;62,707;2430,11;58,8986;58,5224;43,6257;191,941;12,6607;670;669,8;53,6255;670;669,8;645;627,6;0,200012;17,4;53,6255;53,7239;55,9492;2149,5;53,6255;53,439;45,5197;175,28;12,2632;670;670,3;48,3049;670;670,3;645;637,8;-0,299988;7,20001;48,3049;48,2977;50,2058;2058,45;48,3049;48,6297;42,1418;159,505;12,9052;670;669,9;40,7581;670;669,9;645;635,8;0,0999756;9,20001;40,7581;40,6334;44,397;1666,13;40,7581;40,2682;36,5069;132,105;12,6121
10.10.2025 00:08:07.820000;0;0;670;670,2;84,9955;670;670,2;645;616,7;-0,200012;28,3;84,9955;84,5875;69,2327;3384,36;84,9955;83,624;60,3661;274,287;12,3388;670;670,6;66,854;670;670,6;645;613;-0,599976;32;66,854;67,6831;2653,02;66,327;66,854;220,233;67,1404;48,4213;12,0464;59,0748;670,5;670;670,5;670;645;618,1;-0,5;26,9;59,0748;59,3041;62,7121;2431,95;59,0748;58,5207;43,6826;191,999;12,6664;670;669,7;53,7165;670;669,7;645;627,5;0,299988;17,5;53,7165;53,6357;55,9492;2145,17;53,7165;53,4413;45,5288;175,288;12,238;670;670,4;48,2129;670;670,4;645;637,8;-0,400024;7,20001;48,2129;48,267;50,2725;2058,43;48,2129;48,6948;42,0605;159,758;12,8847;670;669,8;40,8484;670;669,8;645;635,8;0,200012;9,20001;40,8484;40,6528;44,435;1666,6;40,8484;40,3101;36,5149;132,243;12,6026
10.10.2025 00:08:08.320000;0;0;670;670,1;85,0852;670;670,1;645;616,7;-0,0999756;28,3;85,0852;84,7998;69,19;3395,43;85,0852;83,6297;60,5097;274,305;12,3783;670;670,6;66,8504;670;670,6;645;613;-0,599976;32;66,8504;67,6019;2660,77;66,4806;66,8504;219,866;67,0557;48,4761;12,1018;59,0719;670,5;670;670,5;670;645;618,2;-0,5;26,8;59,0719;59,5049;62,6405;2440,66;59,0719;58,6473;43,6919;192,415;12,6844;670;669,7;53,718;670;669,7;645;627,2;0,299988;17,8;53,718;53,6709;55,9508;2148,65;53,718;53,419;45,557;175,201;12,2639;670;670,6;48,03;670;670,6;645;637,9;-0,599976;7,09998;48,03;48,3052;50,2828;2059,73;48,03;48,7155;41,9844;159,774;12,8915;670;669,8;40,8492;670;669,8;645;635,7;0,200012;9,29999;40,8492;40,691;44,4217;1668,49;40,8492;40,4676;36,4797;132,798;12,5641
10.10.2025 00:08:08.820000;0;0;670;670,2;84,9947;670;670,2;645;616,7;-0,200012;28,3;84,9947;85,215;69,0392;3411,72;84,9947;83,6616;60,6557;274,436;12,4318;670;670,6;66,8468;670;670,6;645;613;-0,599976;32;66,8468;67,5203;2658,51;66,4841;66,8468;219,212;66,8447;48,5361;12,1276;59,069;670,5;670;670,5;670;645;618,1;-0,5;26,9;59,069;59,4425;62,6489;2435,54;59,069;58,7339;43,6743;192,686;12,64;670;669,7;53,7194;670;669,7;645;627,1;0,299988;17,9;53,7194;53,7348;55,9508;2150,57;53,7194;53,4233;45,5871;175,228;12,273;670;670,5;48,1168;670;670,5;645;637,9;-0,5;7,09998;48,1168;48,3087;50,2886;2060,36;48,1168;48,6923;41,9559;159,698;12,9016;670;669,8;40,8502;670;669,8;645;635,7;0,200012;9,29999;40,8502;40,6564;44,446;1666,43;40,8502;40,6324;36,4326;133,287;12,5026
10.10.2025 00:08:09.320000;0;0;670;670,2;84,994;670;670,2;645;616,7;-0,200012;28,3;84,994;85,1215;69,0795;3406,38;84,994;83,8334;60,6644;275,063;12,384;670;670,5;66,9337;670;670,5;645;612,9;-0,5;32,1;66,9337;67,6358;2660,39;66,3951;66,9337;218,504;66,6328;48,5665;12,1755;59,0661;670,5;670;670,5;670;645;618,1;-0,5;26,9;59,0661;59,3209;62,6948;2431,52;59,0661;58,8627;43,6334;193,108;12,5915;670;669,7;53,7209;670;669,7;645;627;0,299988;18;53,7209;53,8211;55,9505;2154,03;53,7209;53,4151;45,6045;175,214;12,2937;670;670,5;48,1138;670;670,5;645;638;-0,5;7;48,1138;48,2794;50,2578;2058,79;48,1138;48,5706;41,9751;159,247;12,9283;670;669,8;40,8509;670;669,8;645;635,6;0,200012;9,40002;40,8509;40,6327;44,4649;1666,1;40,8509;40,7574;36,4226;133,71;12,4606
10.10.2025 00:08:09.820000;0;0;670;670;85,0839;670;669,9;645;616,7;0,0999756;28,3;85,0839;85,1132;69,0924;3405,89;85,0839;84,1675;60,6307;276,172;12,3325;670;670,5;66,9308;670;670,5;645;612,8;-0,5;32,2;66,9308;67,5455;2663,86;66,6017;66,9308;217,801;66,4301;48,6521;12,2307;59,0632;670,5;670;670,5;670;645;618,2;-0,5;26,8;59,0632;59,252;62,7193;2429,33;59,0632;58,9106;43,6174;193,227;12,5725;670;669,7;53,7223;670;669,8;645;626,9;0,200012;18,1;53,7223;53,9646;55,8772;2159,77;53,7223;53,3963;45,6272;175,14;12,3317;670;670,5;48,1109;670;670,5;645;638,1;-0,5;6,90002;48,1109;48,3705;50,167;2063,48;48,1109;48,4342;42,0096;158,826;12,9921;670;670;40,7613;670;670;645;635,6;0;9,40002;40,7613;40,6013;44,4967;1664,17;40,7613;40,8677;36,3599;134,059;12,4138
10.10.2025 00:08:10.320000;0;0;670;669,9;85,0839;670;669,9;645;616,8;0,0999756;28,2;85,0839;85,0098;69,0924;3401,59;85,0839;84,4868;60,5157;277,207;12,271;670;670,4;67,0185;670;670,4;645;612,8;-0,400024;32,2;67,0185;67,6461;2663,35;66,5411;67,0185;217,271;66,2563;48,7003;12,2582;59,0603;670,5;670;670,5;670;645;618,2;-0,5;26,8;59,0603;59,2955;62,6894;2431,28;59,0603;58,9994;43,5976;193,545;12,5618;670;669,7;53,7232;670;669,7;645;626,8;0,299988;18,2;53,7232;53,9814;55,8121;2159,64;53,7232;53,3873;45,6067;175,086;12,3348;670;670,4;48,1984;670;670,4;645;638,2;-0,400024;6,79999;48,1984;48,4115;50,1332;2064,75;48,1984;48,2452;42,0908;158,181;13,0531;670;670,1;40,7613;670;670,1;645;635,6;-0,0999756;9,40002;40,7613;40,5385;44,5736;1662,56;40,7613;40,9295;36,2946;134,275;12,3817
10.10.2025 00:08:10.820000;0;0;670;670;85,0839;670;670;645;616,8;0;28,2;85,0839;85,0925;69,0924;3405,54;85,0839;84,7356;60,4676;278,01;12,2497;670;670,3;67,1068;670;670,3;645;612,7;-0,299988;32,3;67,1068;67,7156;2663,39;66,5422;67,1068;216,802;66,1178;48,7732;12,2849;59,057;670,5;670;670,5;670;645;618,2;-0,5;26,8;59,057;59,476;62,5609;2439;59,057;59,0177;43,5976;193,578;12,5996;670;669,7;53,7247;670;669,7;645;626,7;0,299988;18,3;53,7247;53,9214;55,8818;2156,76;53,7247;53,3705;45,6652;175,055;12,3204;670;670,4;48,1962;670;670,4;645;638,3;-0,400024;6,70001;48,1962;48,4565;50,0773;2066,82;48,1962;48,111;42,0908;157,753;13,1017;670;670,2;40,6712;670;670,2;645;635,6;-0,200012;9,40002;40,6712;40,5189;44,6321;1661,28;40,6712;40,9873;36,2424;134,451;12,356
10.10.2025 00:08:11.320000;0;0;670;669,9;85,0839;670;669,9;645;616,8;0,0999756;28,2;85,0839;85,3967;68,9832;3418,51;85,0839;84,925;60,4017;278,618;12,2695;670;670,2;67,1957;670;670,2;645;612,6;-0,200012;32,4;67,1957;67,7433;2666,25;66,6297;67,1957;216,411;65,9906;48,8897;12,3204;59,0541;670,5;670;670,5;670;645;618,3;-0,5;26,7;59,0541;59,5946;62,5161;2443,06;59,0541;59,0943;43,5976;193,842;12,6033;670;669,7;53,7261;670;669,7;645;626,6;0,299988;18,4;53,7261;53,7838;55,9291;2151,73;53,7261;53,3807;45,6787;175,101;12,2885;670;670,4;48,194;670;670,4;645;638,3;-0,400024;6,70001;48,194;48,494;50,0453;2067,62;48,194;48,0117;42,1268;157,44;13,1328;670;670,3;40,5801;670;670,3;645;635,6;-0,299988;9,40002;40,5801;40,5184;44,6808;1661,73;40,5801;41,0331;36,1966;134,627;12,3432
10.10.2025 00:08:11.820000;0;0;670;669,9;85,0839;670;669,9;645;616,8;0,0999756;28,2;85,0839;85,2839;69,0248;3411,12;85,0839;85,0763;60,3791;279,097;12,222;670;670,2;67,195;670;670,2;645;612,5;-0,200012;32,5;67,195;67,8428;2662,55;66,5012;67,195;216,179;65,9102;48,9016;12,3164;58,9608;670,6;670;670,6;670;645;618,5;-0,599976;26,5;58,9608;59,5831;62,4918;2443,07;58,9608;59,0842;43,5881;193,815;12,6052;670;669,7;53,7276;670;669,7;645;626,6;0,299988;18,4;53,7276;53,6162;55,9347;2144,71;53,7276;53,3822;45,6488;175,099;12,2486;670;670,4;48,1918;670;670,4;645;638,2;-0,400024;6,79999;48,1918;48,6102;49,9716;2072,58;48,1918;47,9347;42,1647;157,218;13,1829;670;670,3;40,5787;670;670,3;645;635,7;-0,299988;9,29999;40,5787;40,5583;44,7141;1662,57;40,5787;41,0852;36,1628;134,751;12,3381
10.10.2025 00:08:12.320000;0;0;670;670,1;85,0839;670;670,1;645;617;-0,0999756;28;85,0839;85,0566;69,1092;3401,71;85,0839;85,2257;60,3508;279,566;12,1678;670;670,1;67,2845;670;670,1;645;612,4;-0,0999756;32,6;67,2845;67,753;2675,49;66,8286;67,2845;216,264;65,9264;49,0682;12,3714;58,9572;670,6;670;670,6;670;645;618,6;-0,599976;26,4;58,9572;59,4913;62,5337;2438,98;58,9572;59,1238;43,5681;193,939;12,576;670;669,7;53,729;670;669,7;645;626,7;0,299988;18,3;53,729;53,6;55,9458;2145,18;53,729;53,363;45,6577;175,056;12,2542;670;670,3;48,2804;670;670,3;645;638,2;-0,299988;6,79999;48,2804;48,6127;49,9992;2072,68;48,2804;47,8763;42,2399;157,021;13,2;670;670,3;40,5772;670;670,3;645;635,8;-0,299988;9,20001;40,5772;40,5513;44,698;1662,92;40,5772;40,9954;36,169;134,375;12,3752
10.10.2025 00:08:12.820000;0;0;670;670,3;84,9034;670;670,3;645;617;-0,299988;28;84,9034;85,2231;69,0779;3413,33;84,9034;85,2935;60,2894;279,801;12,1991;670;670;67,2845;670;670;645;612,4;0;32,6;67,2845;67,7046;2679,49;66,9645;67,2845;216,537;66,0135;49,1416;12,3743;58,773;670,8;670;670,8;670;645;618,7;-0,799988;26,3;58,773;59,5846;62,4689;2442,97;58,773;59,1208;43,5235;193,903;12,5989;670;669,8;53,64;670;669,8;645;626,7;0,200012;18,3;53,64;53,5881;55,932;2144,54;53,64;53,4108;45,6407;175,2;12,2405;670;670,2;48,3691;670;670,2;645;638,2;-0,200012;6,79999;48,3691;48,6202;50,0262;2073,14;48,3691;47,8457;42,3098;156,921;13,2113;670;670,4;40,4854;670;670,3;645;635,8;-0,299988;9,20001;40,4854;40,6052;44,6122;1665,93;40,4854;40,8472;36,1831;133,863;12,445
10.10.2025 00:08:13.320000;0;0;670;670,4;84,8114;670;670,4;645;617,2;-0,400024;27,8;84,8114;85,3448;69,0779;3413,72;84,8114;85,3465;60,172;279,937;12,1946;670;670,1;67,2845;670;670,1;645;612,5;-0,0999756;32,5;67,2845;67,6616;2683,35;67,0688;67,2845;217,085;66,157;49,1839;12,3608;58,6775;670,9;670;671;670;645;618,7;-1;26,3;58,6775;59,6634;62,4326;2447,48;58,6775;59,1743;43,4088;194,105;12,6091;670;669,8;53,6407;670;669,8;645;626,7;0,200012;18,3;53,6407;53,7032;55,932;2148,83;53,6407;53,4292;45,6606;175,235;12,2626;670;670,1;48,459;670;670,1;645;638,2;-0,0999756;6,79999;48,459;48,7173;50,0149;2077,52;48,459;47,7977;42,3989;156,738;13,2548;670;670,3;40,5739;670;670,3;645;635,9;-0,299988;9,09998;40,5739;40,6914;44,5436;1668,35;40,5739;40,6936;36,2723;133,436;12,5029
10.10.2025 00:08:13.820000;0;0;670;670,6;84,6287;670;670,6;645;617,3;-0,599976;27,7;84,6287;84,8455;69,2582;3395,18;84,6287;85,2857;60,1288;279,724;12,1376;670;670,2;67,1941;670;670,2;645;612,6;-0,200012;32,4;67,1941;67,6099;2686,67;67,1439;67,1941;218,233;66,503;49,118;12,311;58,4909;671,1;670;671,1;670;645;618,7;-1,09998;26,3;58,4909;59,7016;62,3453;2446,65;58,4909;59,0973;43,3353;193,801;12,6246;670;669,9;53,5508;670;669,9;645;626,7;0,0999756;18,3;53,5508;53,6396;55,9312;2145,3;53,5508;53,4147;45,6342;175,175;12,2467;670;670;48,459;670;670;645;638,2;0;6,79999;48,459;48,6399;50,0446;2072,52;48,459;47,8379;42,4202;156,96;13,2042;670;670,2;40,663;670;670,2;645;635,9;-0,200012;9,09998;40,663;40,8013;44,524;1673,65;40,663;40,5966;36,2799;133,054;12,5787
10.10.2025 00:08:14.320000;0;0;670;670,8;84,444;670;670,8;645;617,3;-0,799988;27,7;84,444;84,6394;69,3466;3387,73;84,444;85,2002;60,0138;279,444;12,1231;670;670,3;67,1032;670;670,3;645;612,6;-0,299988;32,4;67,1032;67,6099;2687,75;67,143;67,1032;218,825;66,7111;49,0462;12,2826;58,4836;671,1;670;671,1;670;645;618,7;-1,09998;26,3;58,4836;59,4903;62,3685;2439,1;58,4836;58,988;43,3459;193,455;12,6081;670;670;53,5508;670;670;645;626,6;0;18,4;53,5508;53,4741;55,9312;2139,99;53,5508;53,3994;45,6226;175,15;12,218;670;670;48,459;670;670;645;638,1;0;6,90002;48,459;48,5222;50,0826;2067,54;48,459;47,987;42,3908;157,539;13,124;670;670,1;40,7527;670;670,1;645;635,9;-0,0999756;9,09998;40,7527;40,8059;44,5404;1674,16;40,7527;40,4911;36,3485;132,76;12,6105
10.10.2025 00:08:14.820000;0;0;670;670,9;84,3488;670;670,9;645;617,4;-0,900024;27,6;84,3488;84,9017;69,2092;3398,87;84,3488;85,1476;59,9903;279,246;12,1716;670;670,4;67,0117;670;670,4;645;612,7;-0,400024;32,3;67,0117;67,6096;2690,13;67,2025;67,0117;218,952;66,7537;49,0454;12,2864;58,4763;671,1;670;671,1;670;645;618,7;-1,09998;26,3;58,4763;59,3638;62,3221;2432,96;58,4763;58,8237;43,387;192,865;12,6148;670;670;53,5508;670;670;645;626,6;0;18,4;53,5508;53,6181;55,9312;2145,8;53,5508;53,3842;45,6514;175,1;12,2547;670;670;48,459;670;670;645;638,1;0;6,90002;48,459;48,5071;50,0826;2067,72;48,459;48,1758;42,3338;158,184;13,0716;670;670,1;40,7527;670;670,1;645;635,9;-0,0999756;9,09998;40,7527;40,8918;44,5201;1677,68;40,7527;40,4102;36,3943;132,468;12,6648
10.10.2025 00:08:15.320000;0;0;670;671;84,253;670;671,1;645;617,5;-1,09998;27,5;84,253;84,9743;69,1602;3400,49;84,253;85,1134;59,9212;279,183;12,1802;670;670,3;67,0999;670;670,4;645;612,7;-0,400024;32,3;67,0999;67,5487;2693,46;67,3057;67,0999;218,835;66,7263;49,0694;12,3082;58,4691;671,1;670;671,1;670;645;618,5;-1,09998;26,5;58,4691;59,291;62,2891;2430,61;58,4691;58,7409;43,404;192,643;12,6172;670;669,9;53,5508;670;669,9;645;626,5;0,0999756;18,5;53,5508;53,4241;55,9449;2137,44;53,5508;53,4108;45,6269;175,225;12,1983;670;670,1;48,459;670;670,1;645;638,1;-0,0999756;6,90002;48,459;48,5035;50,0826;2069,32;48,459;48,3196;42,283;158,59;13,0483;670;670;40,7527;670;670;645;635,9;0;9,09998;40,7527;41,0007;44,4594;1680,55;40,7527;40,3303;36,4454;132,282;12,7043
10.10.2025 00:08:15.820000;0;0;670;671,2;84,0657;670;671,2;645;617,5;-1,20001;27,5;84,0657;84,8982;69,1945;3396,65;84,0657;85,0977;59,7985;279,108;12,1697;670;670,3;67,0981;670;670,3;645;612,6;-0,299988;32,4;67,0981;67,5976;2682,56;67,085;67,0981;218,669;66,6675;49,1043;12,2677;58,4618;671,1;670;671,1;670;645;618,5;-1,09998;26,5;58,4618;59,2458;62,222;2430,68;58,4618;58,6195;43,4418;192,259;12,6427;670;670;53,5508;670;670;645;626,5;0;18,5;53,5508;53,4325;55,9429;2137,17;53,5508;53,4499;45,6269;175,316;12,1904;670;670,2;48,3685;670;670,2;645;638,2;-0,200012;6,79999;48,3685;48,5478;50,0824;2071,98;48,3685;48,4919;42,2581;159,118;13,0217;670;669,9;40,7527;670;669,9;645;635,9;0,0999756;9,09998;40,7527;41,012;44,4448;1681,81;40,7527;40,3264;36,4689;132,309;12,7112
10.10.2025 00:08:16.320000;0;0;670;671,3;83,9677;670;671,3;645;617,5;-1,29999;27,5;83,9677;84,7487;69,2543;3388,74;83,9677;85,0513;59,718;278,943;12,1485;670;670,3;67,0962;670;670,3;645;612,5;-0,299988;32,5;67,0962;67,6023;2681,55;66,9874;67,0962;218,491;66,6171;49,1002;12,273;58,4546;671,1;670;671,1;670;645;618,5;-1,09998;26,5;58,4546;59,2918;62,1398;2433,2;58,4546;58,5768;43,4541;192,093;12,6668;670;670;53,5508;670;670;645;626,4;0;18,6;53,5508;53,4893;55,9345;2138,99;53,5508;53,466;45,6269;175,407;12,1945;670;670,2;48,3678;670;670,3;645;638,2;-0,299988;6,79999;48,3678;48,6678;50,0824;2074,76;48,3678;48,5901;42,2136;159,427;13,0138;670;670;40,7527;670;670;645;635,8;0;9,20001;40,7527;40,9738;44,4544;1680,08;40,7527;40,4755;36,4269;132,888;12,6429
10.10.2025 00:08:16.820000;0;0;670;671,3;83,9607;670;671,3;645;617,6;-1,29999;27,4;83,9607;84,4825;69,389;3379,85;83,9607;85,0215;59,64;278,806;12,1226;670;670,3;67,0951;670;670,3;645;612,4;-0,299988;32,6;67,0951;67,5978;2678,93;67,0304;67,0951;218,305;66,5721;49,1521;12,2715;58,4488;671,1;670;671,1;670;645;618,4;-1,09998;26,6;58,4488;59,4365;61,9844;2438,97;58,4488;58,4851;43,4621;191,767;12,7184;670;670;53,5508;670;670;645;626,4;0;18,6;53,5508;53,5179;55,9348;2142,85;53,5508;53,4997;45,6269;175,505;12,2097;670;670,3;48,2767;670;670,3;645;638,2;-0,299988;6,79999;48,2767;48,6422;50,0824;2072,82;48,2767;48,6671;42,1349;159,692;12,9801;670;669,9;40,7527;670;669,9;645;635,8;0,0999756;9,20001;40,7527;40,9659;44,4524;1679,44;40,7527;40,6153;36,3763;133,282;12,6006
10.10.2025 00:08:17.320000;0;0;670;671,3;83,952;670;671,3;645;617,6;-1,29999;27,4;83,952;84,4044;69,419;3379,28;83,952;84,9456;59,6056;278,532;12,1325;670;670,4;67,0034;670;670,4;645;612,4;-0,400024;32,6;67,0034;67,6213;2676,68;66,8662;67,0034;218,17;66,5113;49,1293;12,2688;58,4415;671,1;670;671,1;670;645;618,4;-1,09998;26,6;58,4415;59,4878;61,9009;2440,44;58,4415;58,4828;43,4621;191,862;12,7197;670;669,9;53,5508;670;669,9;645;626,4;0,0999756;18,6;53,5508;53,6169;55,9348;2144,73;53,5508;53,4895;45,6269;175,458;12,2236;670;670,3;48,2753;670;670,3;645;638,2;-0,299988;6,79999;48,2753;48,5304;50,1373;2070,77;48,2753;48,735;42,0852;159,877;12,9523;670;670;40,7527;670;670;645;635,7;0;9,29999;40,7527;40,9304;44,4647;1678,78;40,7527;40,7339;36,3618;133,71;12,5554
10.10.2025 00:08:17.820000;0;0;670;671,2;84,0333;670;671,2;645;617,5;-1,20001;27,5;84,0333;84,3548;69,3966;3374,26;84,0333;84,8061;59,6028;278,076;12,1343;670;670,2;67,1818;670;670,2;645;612,5;-0,200012;32,5;67,1818;67,6029;2679,71;66,9978;67,1818;217,973;66,4742;49,2198;12,2938;58,5243;671;670;671;670;645;618,4;-1;26,6;58,5243;59,519;61,8295;2437,88;58,5243;58,489;43,4621;191,858;12,7067;670;670;53,5508;670;670;645;626,3;0;18,7;53,5508;53,6327;55,9348;2147,45;53,5508;53,4958;45,6269;175,467;12,2384;670;670,3;48,2738;670;670,4;645;638,2;-0,400024;6,79999;48,2738;48,5219;50,1787;2070,42;48,2738;48,7924;42,0361;160,079;12,9338;670;670,1;40,7527;670;670,1;645;635,7;-0,0999756;9,29999;40,7527;40,9423;44,5004;1678,64;40,7527;40,862;36,3581;134,067;12,5209
10.10.2025 00:08:18.320000;0;0;670;671,1;84,1154;670;671,1;645;617,4;-1,09998;27,6;84,1154;84,2145;69,3997;3367,21;84,1154;84,6338;59,6648;277,483;12,1348;670;670,1;67,2714;670;670,1;645;612,6;-0,0999756;32,4;67,2714;67,8717;2664,69;66,6664;67,2714;217,894;66,4272;49,126;12,2293;58,5178;671;670;670,9;670;645;618,4;-0,900024;26,6;58,5178;59,5036;61,8022;2440,13;58,5178;58,5281;43,4621;192,049;12,7057;670;669,8;53,6413;670;669,8;645;626,2;0,200012;18,8;53,6413;53,7366;55,9334;2152,08;53,6413;53,4684;45,6581;175,376;12,2712;670;670,5;48,0916;670;670,5;645;638,2;-0,5;6,79999;48,0916;48,5115;50,1914;2067,38;48,0916;48,7885;41,9679;159,936;12,9263;670;670,1;40,7527;670;670,1;645;635,7;-0,0999756;9,29999;40,7527;40,9462;44,5004;1678,8;40,7527;40,9286;36,3288;134,297;12,5006
10.10.2025 00:08:18.820000;0;0;670;671,1;84,1082;670;671,1;645;617,3;-1,09998;27,7;84,1082;84,1232;69,3969;3367,39;84,1082;84,4973;59,7286;277,048;12,1545;670;670,1;67,2714;670;670,1;645;612,6;-0,0999756;32,4;67,2714;67,9783;2658,85;66,5286;67,2714;217,831;66,4198;49,0766;12,206;58,6923;670,8;670;670,9;670;645;618,3;-0,900024;26,7;58,6923;59,5;61,8357;2438,06;58,6923;58,5716;43,4712;192,128;12,6898;670;669,8;53,642;670;669,8;645;626,1;0,200012;18,9;53,642;53,8246;55,888;2153,36;53,642;53,4922;45,6528;175,39;12,2775;670;670,6;47,9987;670;670,6;645;638,3;-0,599976;6,70001;47,9987;48,477;50,1614;2068,38;47,9987;48,6752;41,941;159,539;12,9647;670;670,1;40,7524;670;670,1;645;635,7;-0,0999756;9,29999;40,7524;40,8988;44,5086;1676,37;40,7524;41,015;36,2836;134,568;12,4574
10.10.2025 00:08:19.320000;0;0;670;671,1;84,1009;670;671,1;645;617,2;-1,09998;27,8;84,1009;84,2753;69,2704;3375,08;84,1009;84,3708;59,7614;276,67;12,1989;670;669,9;67,2714;670;669,9;645;612,6;0,0999756;32,4;67,2714;68,0006;2662,43;66,5661;67,2714;217,955;66,4306;49,0889;12,2155;58,5965;670,9;670;670,9;670;645;618,3;-0,900024;26,7;58,5965;59,3911;61,8229;2435,03;58,5965;58,6452;43,463;192,419;12,6548;670;669,8;53,6427;670;669,8;645;626;0,200012;19;53,6427;53,6928;55,9276;2148,91;53,6427;53,4836;45,6609;175,489;12,2453;670;670,7;47,9048;670;670,7;645;638,3;-0,700012;6,70001;47,9048;48,531;50,1133;2069,49;47,9048;48,4866;41,91;158,893;13,0244;670;670,2;40,6623;670;670,2;645;635,7;-0,200012;9,29999;40,6623;40,884;44,5373;1676,72;40,6623;41,0497;36,2574;134,719;12,4461
10.10.2025 00:08:19.820000;0;0;670;671,2;84,0033;670;671,1;645;617,1;-1,09998;27,9;84,0033;84,5286;69,1908;3384,42;84,0033;84,2774;59,7496;276,327;12,2479;670;669,8;67,3615;670;669,8;645;612,7;0,200012;32,3;67,3615;68,0175;2671,19;66,6132;67,3615;217,997;66,4585;49,0971;12,2533;58,4101;671,1;670;671,1;670;645;618,3;-1,09998;26,7;58,4101;59,3649;61,8058;2435,08;58,4101;58,6613;43,4369;192,383;12,6574;670;669,8;53,6435;670;669,8;645;626;0,200012;19;53,6435;53,6652;55,9276;2147,83;53,6435;53,5349;45,6424;175,607;12,2309;670;670,6;47,9908;670;670,6;645;638,3;-0,599976;6,70001;47,9908;48,4932;50,064;2067,58;47,9908;48,2989;41,9956;158,305;13,0608;670;670,3;40,5713;670;670,3;645;635,8;-0,299988;9,20001;40,5713;40,8693;44,6029;1674,84;40,5713;41,1518;36,1201;135,004;12,4059
10.10.2025 00:08:20.320000;0;0;670;671,1;84,086;670;671,2;645;616,8;-1,20001;28,2;84,086;84,5012;69,145;3378,68;84,086;84,1885;59,8138;276,113;12,2366;670;669,8;67,3623;670;669,8;645;612,7;0,200012;32,3;67,3623;67,9556;2677,69;66,8875;67,3623;217,949;66,4438;49,2273;12,2859;58,4029;671,1;670;671,2;670;645;618,2;-1,20001;26,8;58,4029;59,4622;61,7283;2438,27;58,4029;58,6856;43,3785;192,515;12,6654;670;669,7;53,7344;670;669,7;645;626;0,299988;19;53,7344;53,6207;55,9344;2144,7;53,7344;53,5318;45,6392;175,584;12,2146;670;670,5;48,0774;670;670,5;645;638,3;-0,5;6,70001;48,0774;48,4671;49,9787;2066,64;48,0774;48,1234;42,0708;157,665;13,1078;670;670,4;40,4795;670;670,4;645;635,8;-0,400024;9,20001;40,4795;40,8805;44,6253;1675,78;40,4795;41,1837;36,0371;135,108;12,4032
10.10.2025 00:08:20.820000;0;0;670;671,3;83,8977;670;671,3;645;616,6;-1,29999;28,4;83,8977;84,3333;69,1854;3374,36;83,8977;84,1135;59,7645;275,881;12,2312;670;669,8;67,363;670;669,7;645;612,8;0,299988;32,2;67,363;67,9267;2681,21;66,9874;67,363;218,051;66,4825;49,2763;12,2962;58,3049;671,2;670;671,3;670;645;618,3;-1,29999;26,7;58,3049;59,432;61,7045;2435,43;58,3049;58,6891;43,3209;192,515;12,6506;670;669,7;53,7358;670;669,7;645;626;0,299988;19;53,7358;53,656;55,9287;2146,59;53,7358;53,5549;45,6397;175,674;12,2192;670;670,6;47,984;670;670,6;645;638,3;-0,599976;6,70001;47,984;48,4749;49,8906;2067,26;47,984;47,9938;42,0708;157,344;13,1385;670;670,5;40,3867;670;670,5;645;635,8;-0,5;9,20001;40,3867;40,8567;44,6407;1675,44;40,3867;41,1563;35,9611;134,928;12,4173
10.10.2025 00:08:21.320000;0;0;670;671,2;83,9795;670;671,2;645;616,5;-1,20001;28,5;83,9795;84,2882;69,1838;3370,48;83,9795;84,0807;59,8064;275,717;12,2244;670;669,8;67,3641;670;669,8;645;613;0,200012;32;67,3641;67,8518;2689,5;67,171;67,3641;218,185;66,4962;49,3766;12,3267;58,2063;671,3;670;671,3;670;645;618,4;-1,29999;26,6;58,2063;59,4751;61,6813;2442;58,2063;58,7613;43,2275;192,752;12,6691;670;669,7;53,7373;670;669,7;645;626;0,299988;19;53,7373;53,6714;55,9293;2148,97;53,7373;53,5643;45,6422;175,681;12,2323;670;670,6;47,9804;670;670,6;645;638,3;-0,599976;6,70001;47,9804;48,4304;49,8833;2065,54;47,9804;47,913;42,0708;157,094;13,1484;670;670,6;40,2938;670;670,6;645;635,9;-0,599976;9,09998;40,2938;40,8802;44,5459;1675,45;40,2938;40,9551;36,0024;134,281;12,4772
10.10.2025 00:08:21.820000;0;0;670;671,1;84,062;670;671,1;645;616,4;-1,09998;28,6;84,062;84,1375;69,2358;3367,17;84,062;84,0548;59,8064;275,635;12,216;670;669,8;67,3649;670;669,8;645;613;0,200012;32;67,3649;67,8669;2684,54;67,151;67,3649;218,538;66,6156;49,3562;12,2841;58,1976;671,3;670;671,3;670;645;618,4;-1,29999;26,6;58,1976;59,6509;61,5488;2443,61;58,1976;58,7635;43,1918;192,693;12,6814;670;669,7;53,7388;670;669,7;645;626;0,299988;19;53,7388;53,6268;55,9354;2148,44;53,7388;53,5627;45,6404;175,66;12,2307;670;670,6;47,9768;670;670,6;645;638,3;-0,599976;6,70001;47,9768;48,4215;49,8636;2064,04;47,9768;47,8411;42,0862;156,88;13,1568;670;670,5;40,3802;670;670,5;645;635,9;-0,5;9,09998;40,3802;40,8523;44,5459;1674,78;40,3802;40,7879;36,0003;133,707;12,5258
10.10.2025 00:08:22.320000;0;0;670;671,1;84,0548;670;671,1;645;616,4;-1,09998;28,6;84,0548;83,9092;69,2597;3353,39;84,0548;84,0087;59,8064;275,488;12,1725;670;669,9;67,2752;670;669,9;645;613,2;0,0999756;31,8;67,2752;67,8284;2689,43;67,1497;67,2752;219,085;66,7605;49,3229;12,2757;58,1867;671,3;670;671,3;670;645;618,5;-1,29999;26,5;58,1867;59,4304;61,61;2436,17;58,1867;58,7544;43,116;192,715;12,6413;670;669,7;53,7405;670;669,7;645;625,9;0,299988;19,1;53,7405;53,5585;55,9711;2143,2;53,7405;53,5733;45,6423;175,721;12,1966;670;670,5;48,0626;670;670,5;645;638,3;-0,5;6,70001;48,0626;48,327;49,931;2060,66;48,0626;47,75;42,1633;156,62;13,1571;670;670,6;40,287;670;670,6;645;635,9;-0,599976;9,09998;40,287;40,8525;44,4712;1675,11;40,287;40,6108;36,0534;133,152;12,5805
10.10.2025 00:08:22.820000;0;0;670;671,1;84,0475;670;671;645;616,3;-1;28,7;84,0475;83,7418;69,3514;3351,81;84,0475;83,9801;59,7429;275,386;12,1713;670;669,9;67,2752;670;669,9;645;613,2;0,0999756;31,8;67,2752;67,8158;2687,01;67,1806;67,2752;219,803;66,9632;49,2698;12,2246;58,0876;671,4;670;671,4;670;645;618,5;-1,40002;26,5;58,0876;59,4716;61,4838;2438,33;58,0876;58,6321;43,1308;192,313;12,679;670;669,8;53,6513;670;669,8;645;625,9;0,200012;19,1;53,6513;53,4297;55,9968;2136,92;53,6513;53,6034;45,6111;175,819;12,1541;670;670,4;48,1499;670;670,4;645;638,3;-0,400024;6,70001;48,1499;48,3097;49,9737;2060,4;48,1499;47,7328;42,2205;156,538;13,1623;670;670,5;40,374;670;670,5;645;636;-0,5;9;40,374;40,8353;44,4141;1674,09;40,374;40,5032;36,1239;132,799;12,6062
10.10.2025 00:08:23.320000;0;0;670;670,8;84,3116;670;670,7;645;616,3;-0,700012;28,7;84,3116;83,8888;69,4253;3360,73;84,3116;83,9261;59,7948;275,226;12,2108;670;669,9;67,2752;670;669,9;645;613,2;0,0999756;31,8;67,2752;67,8162;2686,95;67,2012;67,2752;220,53;67,184;49,2246;12,184;57,8974;671,6;670;671,6;670;645;618,4;-1,59998;26,6;57,8974;59,5061;61,3855;2440,87;57,8974;58,5799;43,043;192,116;12,7052;670;669,9;53,562;670;669,9;645;625,9;0,0999756;19,1;53,562;53,4307;56,0051;2137,6;53,562;53,6101;45,603;175,854;12,1556;670;670,4;48,1477;670;670,4;645;638,3;-0,400024;6,70001;48,1477;48,3437;49,951;2061,06;48,1477;47,6809;42,2633;156,368;13,1809;670;670,5;40,3711;670;670,5;645;635,9;-0,5;9,09998;40,3711;40,8559;44,3186;1675,09;40,3711;40,3574;36,1351;132,334;12,6581
10.10.2025 00:08:23.820000;0;0;670;670,6;84,4873;670;670,6;645;616,3;-0,599976;28,7;84,4873;84,0876;69,3842;3362,29;84,4873;83,8798;59,8405;275,113;12,2215;670;670;67,2752;670;670;645;613,3;0;31,7;67,2752;67,864;2690,7;67,2407;67,2752;221,174;67,4312;49,186;12,1655;57,8869;671,6;670;671,6;670;645;618,5;-1,59998;26,5;57,8869;59,5609;61,2319;2441,52;57,8869;58,4354;43,0657;191,617;12,7417;670;669,9;53,562;670;669,9;645;625,9;0,0999756;19,1;53,562;53,4856;55,9714;2141,08;53,562;53,6301;45,6123;175,881;12,1734;670;670,4;48,1455;670;670,4;645;638,2;-0,400024;6,79999;48,1455;48,261;49,9888;2057,53;48,1455;47,7243;42,2691;156,561;13,142;670;670,5;40,3682;670;670,5;645;635,9;-0,5;9,09998;40,3682;40,8797;44,2808;1676,07;40,3682;40,2676;36,1356;132,026;12,6949
10.10.2025 00:08:24.320000;0;0;670;670,5;84,5731;670;670,5;645;616,3;-0,5;28,7;84,5731;84,2626;69,4035;3371,69;84,5731;83,7984;59,9575;274,859;12,267;670;670,1;67,2752;670;670,1;645;613,3;-0,0999756;31,7;67,2752;67,9045;2692,2;67,2702;67,2752;221,462;67,5228;49,151;12,1565;57,876;671,6;670;671,6;670;645;618,5;-1,59998;26,5;57,876;59,2838;61,2709;2430;57,876;58,355;43,0668;191,392;12,6965;670;670;53,562;670;670;645;625,9;0;19,1;53,562;53,633;55,9495;2146,02;53,562;53,6086;45,6298;175,836;12,2047;670;670,3;48,2339;670;670,3;645;638,3;-0,299988;6,70001;48,2339;48,2033;49,9962;2056,51;48,2339;47,8283;42,2699;156,941;13,1037;670;670,4;40,4555;670;670,4;645;635,9;-0,400024;9,09998;40,4555;40,8642;44,307;1675,11;40,4555;40,1604;36,2179;131,713;12,7179
10.10.2025 00:08:24.820000;0;0;670;670,4;84,6604;670;670,4;645;616,2;-0,400024;28,8;84,6604;84,1539;69,5197;3369,26;84,6604;83,7101;59,9718;274,569;12,2711;670;670,1;67,2752;670;670,1;645;613,4;-0,0999756;31,6;67,2752;67,9134;2688,15;67,2009;67,2752;221,213;67,4537;49,1416;12,1519;57,9555;671,5;670;671,5;670;645;618,3;-1,5;26,7;57,9555;59,1624;61,2151;2423,78;57,9555;58,227;43,1299;190,975;12,6916;670;670,2;53,4716;670;670,2;645;626;-0,200012;19;53,4716;53,65;55,9495;2147,02;53,4716;53,598;45,6187;175,804;12,2126;670;670,3;48,2325;670;670,3;645;638,3;-0,299988;6,70001;48,2325;48,2325;49,9962;2056,47;48,2325;48,0212;42,2184;157,589;13,0496;670;670,4;40,4533;670;670,4;645;635,9;-0,400024;9,09998;40,4533;40,7851;44,3294;1672,35;40,4533;40,1025;36,2549;131,487;12,7187
10.10.2025 00:08:25.320000;0;0;670;670,4;84,6582;670;670,4;645;616,3;-0,400024;28,7;84,6582;84,3308;69,4495;3374,74;84,6582;83,6553;60,0955;274,389;12,2991;670;670,1;67,2752;670;670,1;645;613,3;-0,0999756;31,7;67,2752;67,8923;2685,45;67,1375;67,2752;220,837;67,3402;49,1574;12,1603;58,0355;671,4;670;671,4;670;645;618,3;-1,40002;26,7;58,0355;58,864;61,3013;2412,63;58,0355;58,1878;43,1679;190,856;12,6411;670;670,2;53,4709;670;670,2;645;626,1;-0,200012;18,9;53,4709;53,7157;55,9321;2149,81;53,4709;53,5823;45,6238;175,763;12,2313;670;670,3;48,231;670;670,3;645;638,3;-0,299988;6,70001;48,231;48,2855;49,9962;2058,41;48,231;48,174;42,1759;158,023;13,026;670;670,4;40,4511;670;670,4;645;635,9;-0,400024;9,09998;40,4511;40,7469;44,3342;1670,78;40,4511;40,032;36,3021;131,331;12,7219
10.10.2025 00:08:25.820000;0;0;670;670,4;84,6561;670;670,4;645;616,4;-0,400024;28,6;84,6561;84,3718;69,4397;3377,48;84,6561;83,6378;60,1603;274,358;12,3105;670;670,1;67,2752;670;670,1;645;613,1;-0,0999756;31,9;67,2752;67,844;2695,62;67,3235;67,2752;220,46;67,233;49,1952;12,2272;58,0261;671,4;670;671,2;670;645;618,2;-1,20001;26,8;58,0261;58,8291;61,2421;2413,93;58,0261;58,1044;43,1863;190,557;12,6678;670;670,4;53,2891;670;670,4;645;626,2;-0,400024;18,8;53,2891;53,7556;55,9106;2149,97;53,2891;53,589;45,5409;175,772;12,2316;670;670,4;48,1395;670;670,4;645;638,3;-0,400024;6,70001;48,1395;48,2378;49,9962;2057,18;48,1395;48,3217;42,1759;158,521;12,9773;670;670,3;40,5392;670;670,3;645;635,9;-0,299988;9,09998;40,5392;40,7742;44,3515;1671,26;40,5392;40,1722;36,2989;131,842;12,6763
10.10.2025 00:08:26.320000;0;0;670;670,3;84,7441;670;670,3;645;616,5;-0,299988;28,5;84,7441;84,5564;69,3964;3382,49;84,7441;83,6149;60,2932;274,244;12,3339;670;670;67,2752;670;670;645;613;0;32;67,2752;67,8439;2688;67,2052;67,2752;219,999;67,0885;49,2032;12,2182;58,3781;671;670;671;670;645;618;-1;27;58,3781;59,1068;61,1056;2424,34;58,3781;58,0656;43,2013;190,442;12,7301;670;670,4;53,2869;670;670,4;645;626,4;-0,400024;18,6;53,2869;53,7551;55,8937;2151,22;53,2869;53,562;45,538;175,67;12,2458;670;670,4;48,1373;670;670,4;645;638,3;-0,400024;6,70001;48,1373;48,2425;50,0249;2057,7;48,1373;48,3965;42,1045;158,753;12,9616;670;670,2;40,6279;670;670,2;645;635,8;-0,200012;9,20001;40,6279;40,79;44,3798;1672,39;40,6279;40,3921;36,2574;132,588;12,6135
10.10.2025 00:08:26.820000;0;0;670;670,3;84,7427;670;670,3;645;616,7;-0,299988;28,3;84,7427;84,5396;69,409;3381,82;84,7427;83,6321;60,3358;274,339;12,3272;670;669,9;67,2752;670;669,9;645;612,7;0,0999756;32,3;67,2752;68,0336;2673,35;66,8151;67,2752;219,659;66,9848;49,1683;12,1705;58,5517;670,8;670;670,8;670;645;618;-0,799988;27;58,5517;59,2587;61,0711;2429,92;58,5517;57,9817;43,3193;190,167;12,7778;670;670,6;53,1041;670;670,6;645;626,7;-0,599976;18,3;53,1041;53,74;55,8923;2149,18;53,1041;53,5565;45,4872;175,652;12,2354;670;670,5;48,0449;670;670,5;645;638,2;-0,5;6,79999;48,0449;48,1707;50,1064;2054;48,0449;48,4734;42,0232;158,993;12,9188;670;670,3;40,5367;670;670,3;645;635,8;-0,299988;9,20001;40,5367;40,7432;44,38;1670,47;40,5367;40,5903;36,2054;133,188;12,5423
10.10.2025 00:08:27.320000;0;0;670;670,2;84,8319;670;670,2;645;616,8;-0,200012;28,2;84,8319;84,5833;69,4429;3384,69;84,8319;83,6436;60,401;274,364;12,3365;670;669,9;67,2752;670;669,9;645;612,6;0,0999756;32,4;67,2752;68,1386;2666,44;66,6582;67,2752;219,411;66,9054;49,1313;12,1527;58,7271;670,6;670;670,6;670;645;618;-0,599976;27;58,7271;59,3364;61,1695;2432,95;58,7271;58,039;43,4684;190,419;12,7768;670;670,7;53,0103;670;670,7;645;627;-0,700012;18;53,0103;53,5565;55,933;2143,75;53,0103;53,5432;45,4324;175,583;12,2094;670;670,6;47,9518;670;670,6;645;638,2;-0,599976;6,79999;47,9518;48,2538;50,0918;2058,02;47,9518;48,5029;41,9504;159,102;12,9352;670;670,4;40,4449;670;670,4;645;635,8;-0,400024;9,20001;40,4449;40,7477;44,4059;1670,97;40,4449;40,6939;36,1431;133,515;12,5153
10.10.2025 00:08:27.820000;0;0;670;670,1;84,9218;670;669,9;645;616,8;0,0999756;28,2;84,9218;84,9279;69,3747;3398,79;84,9218;83,6487;60,5983;274,342;12,3889;670;669,8;67,3653;670;669,8;645;612,5;0,200012;32,5;67,3653;68,1154;2672,31;66,761;67,3653;219,093;66,8085;49,1866;12,1971;58,9042;670,4;670;670,4;670;645;617,8;-0,400024;27,2;58,9042;59,344;61,224;2432,95;58,9042;58,126;43,5438;190,679;12,7594;670;670,8;52,9158;670;670,8;645;627,2;-0,799988;17,8;52,9158;53,5283;55,933;2141,19;52,9158;53,4774;45,3582;175,38;12,2089;670;670,7;47,8578;670;670,7;645;638,2;-0,700012;6,79999;47,8578;48,2708;50,1129;2058,27;47,8578;48,5428;41,8641;159,22;12,9272;670;670,4;40,4427;670;670,4;645;635,9;-0,400024;9,09998;40,4427;40,7046;44,4116;1668,57;40,4427;40,8159;36,079;133,889;12,4623
10.10.2025 00:08:28.320000;0;0;670;669,8;85,0119;670;669,8;645;616,8;0,200012;28,2;85,0119;84,9527;69,3747;3401,07;85,0119;83,724;60,6453;274,679;12,382;670;669,8;67,366;670;669,8;645;612,5;0,200012;32,5;67,366;68,2676;2665,41;66,6167;67,366;218,764;66,7043;49,1866;12,184;59,0824;670,2;670;670,2;670;645;617,7;-0,200012;27,3;59,0824;59,3561;61,2439;2434,56;59,0824;58,2532;43,5713;191,109;12,7391;670;670,8;52,9107;670;670,8;645;627,6;-0,799988;17,4;52,9107;53,5294;55,933;2142,67;52,9107;53,4402;45,3416;175,258;12,2258;670;670,7;47,8534;670;670,7;645;638,2;-0,700012;6,79999;47,8534;48,2202;50,1362;2056,75;47,8534;48,5136;41,835;159,086;12,9285;670;670,5;40,35;670;670,5;645;635,9;-0,5;9,09998;40,35;40,6801;44,45;1667,72;40,35;40,8614;36,0011;134,05;12,441
10.10.2025 00:08:28.820000;0;0;670;669,7;85,1027;670;669,7;645;616,9;0,299988;28,1;85,1027;85,2109;69,3247;3413,8;85,1027;83,9641;60,6567;275,505;12,3911;670;669,8;67,3668;670;669,8;645;612,6;0,200012;32,4;67,3668;68,2077;2673,56;66,8043;67,3668;218,459;66,6152;49,2243;12,2383;59,0817;670,2;670;670,2;670;645;617,7;-0,200012;27,3;59,0817;59,4641;61,2193;2438,51;59,0817;58,3245;43,6235;191,33;12,745;670;670,7;52,996;670;670,7;645;627,7;-0,700012;17,3;52,996;53,5773;55,9077;2144,11;52,996;53,4331;45,3517;175,235;12,2356;670;670,7;47,8491;670;670,7;645;638,2;-0,700012;6,79999;47,8491;48,2806;50,0665;2058,85;47,8491;48,4203;41,8361;158,767;12,9677;670;670,7;40,167;670;670,7;645;635,9;-0,700012;9,09998;40,167;40,6651;44,4833;1667,91;40,167;40,8973;35,9563;134,117;12,4362
10.10.2025 00:08:29.320000;0;0;670;669,7;85,1041;670;669,7;645;616,9;0,299988;28,1;85,1041;85,2669;69,332;3411,24;85,1041;84,2629;60,6328;276,498;12,3373;670;669,8;67,3675;670;669,8;645;612,7;0,200012;32,3;67,3675;68,1721;2678,41;66,9215;67,3675;218,321;66,5613;49,3076;12,2682;59,1715;670,1;670;670,1;670;645;617,6;-0,0999756;27,4;59,1715;59,3669;61,299;2433,08;59,1715;58,4898;43,6352;191,885;12,6799;670;670,7;52,9916;670;670,7;645;628;-0,700012;17;52,9916;53,581;55,8997;2144,89;52,9916;53,43;45,3296;175,25;12,239;670;670,9;47,6646;670;670,9;645;638,1;-0,900024;6,90002;47,6646;48,3865;50,0358;2063,36;47,6646;48,2644;41,8705;158,256;13,0381;670;670,7;40,1626;670;670,7;645;635,9;-0,700012;9,09998;40,1626;40,6585;44,4456;1667,32;40,1626;40,8038;35,8816;133,785;12,4627
10.10.2025 00:08:29.820000;0;0;670;669,8;85,0154;670;669,8;645;617,1;0,200012;27,9;85,0154;85,1345;69,3531;3407,54;85,0154;84,535;60,5276;277,335;12,2867;670;669,9;67,2777;670;669,9;645;612,7;0,0999756;32,3;67,2777;68,2492;2671,51;66,729;67,2777;218,297;66,5627;49,2401;12,238;59,1715;670;670;670;670;645;617,7;0;27,3;59,1715;59,4782;61,2359;2439,25;59,1715;58,5733;43,6375;192,156;12,6941;670;670,6;53,0778;670;670,6;645;628,1;-0,599976;16,9;53,0778;53,7402;55,8124;2150,79;53,0778;53,4311;45,344;175,252;12,2726;670;670,7;47,8395;670;670,7;645;638,1;-0,700012;6,90002;47,8395;48,375;49,9575;2062,07;47,8395;48,1088;41,9073;157,717;13,0745;670;670,8;40,0681;670;670,8;645;636;-0,799988;9;40,0681;40,6576;44,4234;1666,96;40,0681;40,6598;35,8688;133,311;12,5043
10.10.2025 00:08:30.320000;0;0;670;669,7;85,1063;670;669,7;645;617,2;0,299988;27,8;85,1063;85,1808;69,3599;3408,91;85,1063;84,7989;60,4758;278,204;12,2533;670;670;67,2777;670;670;645;612,7;0;32,3;67,2777;68,1539;2680,43;66,9599;67,2777;218,307;66,553;49,3504;12,2783;59,1715;670;670;670;670;645;617,9;0;27,1;59,1715;59,2749;61,3297;2429,79;59,1715;58,7126;43,6108;192,642;12,613;670;670,5;53,1646;670;670,5;645;628,1;-0,5;16,9;53,1646;53,7642;55,7843;2150,95;53,1646;53,4296;45,3659;175,249;12,2737;670;670,7;47,8351;670;670,7;645;638,1;-0,700012;6,90002;47,8351;48,2777;49,9091;2058,73;47,8351;47,939;41,968;157,227;13,094;670;670,9;39,9727;670;670,9;645;636;-0,900024;9;39,9727;40,6452;44,3664;1666,93;39,9727;40,4354;35,8946;132,5;12,5807
10.10.2025 00:08:30.820000;0;0;670;669,7;85,1077;670;669,7;645;617,3;0,299988;27,7;85,1077;85,0795;69,3599;3404,54;85,1077;85,0546;60,3987;279,056;12,2002;670;670;67,2777;670;670;645;612,7;0;32,3;67,2777;68,1339;2682,99;67,024;67,2777;218,258;66,5539;49,397;12,2927;59,1715;670;670;670;670;645;617,9;0;27,1;59,1715;59,4201;61,2523;2435,58;59,1715;58,7879;43,6017;192,824;12,6311;670;670,5;53,1617;670;670,4;645;628,2;-0,400024;16,8;53,1617;53,7197;55,7795;2149,64;53,1617;53,403;45,3647;175,123;12,275;670;670,7;47,8308;670;670,7;645;638;-0,700012;7;47,8308;48,3675;49,8087;2063,32;47,8308;47,8653;41,9691;156,857;13,1542;670;670,8;40,0572;670;670,8;645;636;-0,799988;9;40,0572;40,6536;44,2556;1666,96;40,0572;40,248;35,9857;131,898;12,6382
10.10.2025 00:08:31.320000;0;0;670;669,8;85,0187;670;669,8;645;617,4;0,200012;27,6;85,0187;85,1083;69,3933;3403,93;85,0187;85,2742;60,3328;279,774;12,1667;670;670;67,2777;670;670;645;612,8;0;32,2;67,2777;68,132;2682,68;67,0442;67,2777;218,334;66,5667;49,4269;12,2871;59,1715;670;670;670;670;645;617,9;0;27,1;59,1715;59,5382;61,1824;2442,19;59,1715;58,9185;43,5646;193,298;12,6343;670;670,4;53,2495;670;670,4;645;628,3;-0,400024;16,7;53,2495;53,5113;55,8327;2140,02;53,2495;53,3223;45,4182;174,865;12,2381;670;670,7;47,8264;670;670,7;645;638;-0,700012;7;47,8264;48,4377;49,7243;2064,73;47,8264;47,777;41,9691;156,689;13,1773;670;670,8;40,0521;670;670,7;645;636;-0,700012;9;40,0521;40,6506;44,1517;1667,79;40,0521;40,0857;36,02;131,435;12,6892
10.10.2025 00:08:31.820000;0;0;670;670;84,9289;670;670;645;617,5;0;27,5;84,9289;85,1263;69,4793;3406,89;84,9289;85,4405;60,2113;280,296;12,1546;670;670,1;67,2777;670;670,1;645;612,9;-0,0999756;32,1;67,2777;68,1751;2679,42;66,9747;67,2777;218,678;66,6582;49,3851;12,2528;59,1715;670,1;670;670,1;670;645;618,1;-0,0999756;26,9;59,1715;59,4714;61,2008;2438,97;59,1715;58,955;43,5583;193,372;12,6128;670;670,4;53,2473;670;670,4;645;628,5;-0,400024;16,5;53,2473;53,5191;55,7854;2141,8;53,2473;53,2412;45,4182;174,567;12,2692;670;670,7;47,8221;670;670,7;645;637,9;-0,700012;7,09998;47,8221;48,4596;49,6801;2067,32;47,8221;47,735;41,9691;156,545;13,2059;670;670,6;40,2279;670;670,6;645;636;-0,599976;9;40,2279;40,7136;44,1619;1668,14;40,2279;39,9691;36,0857;131,047;12,7293
10.10.2025 00:08:32.320000;0;0;670;670,3;84,7485;670;670,3;645;617,6;-0,299988;27,4;84,7485;85,1012;69,5558;3404,77;84,7485;85,5351;60,0694;280,581;12,1347;670;670,2;67,1873;670;670,2;645;613;-0,200012;32;67,1873;68,0806;2687,86;67,1417;67,1873;219,386;66,8545;49,3879;12,2518;59,081;670,2;670;670,2;670;645;618;-0,200012;27;59,081;59,37;61,1926;2435,13;59,081;59,022;43,5153;193,579;12,5795;670;670,4;53,2451;670;670,4;645;628,6;-0,400024;16,4;53,2451;53,4168;55,8271;2133,83;53,2451;53,1907;45,4182;174,401;12,2352;670;670,6;47,9081;670;670,6;645;637,9;-0,599976;7,09998;47,9081;48,292;49,778;2059,01;47,9081;47,6727;42,0266;156,289;13,1744;670;670,6;40,2238;670;670,6;645;636;-0,599976;9;40,2238;40,6163;44,1396;1664,15;40,2238;39,848;36,1078;130,65;12,7375
10.10.2025 00:08:32.820000;0;0;670;670,5;84,5663;670;670,5;645;617,7;-0,5;27,3;84,5663;84,934;69,6881;3400,16;84,5663;85,5697;59,9317;280,655;12,1151;670;670,2;67,1866;670;670,2;645;613,1;-0,200012;31,9;67,1866;68,0806;2688,78;67,1728;67,1866;219,997;67,0538;49,3289;12,2219;58,9899;670,3;670;670,3;670;645;618;-0,299988;27;58,9899;59,5141;61,0592;2440,24;58,9899;58,9942;43,5153;193,496;12,6113;670;670,3;53,3332;670;670,3;645;628,7;-0,299988;16,3;53,3332;53,1961;55,8813;2129,68;53,3332;53,1081;45,4183;174,138;12,2299;670;670,6;47,9045;670;670,6;645;637,8;-0,599976;7,20001;47,9045;48,2542;49,7783;2058,02;47,9045;47,6175;42,0583;156,141;13,1805;670;670,6;40,2202;670;670,5;645;636,1;-0,5;8,90002;40,2202;40,5728;44,1883;1663,64;40,2202;39,7655;36,1959;130,423;12,7557
10.10.2025 00:08:33.320000;0;0;670;670,6;84,4732;670;670,6;645;617,7;-0,599976;27,3;84,4732;85,2844;69,5224;3415,14;84,4732;85,543;59,8453;280,568;12,1722;670;670,3;67,0954;670;670,3;645;613,2;-0,299988;31,8;67,0954;68,0806;2692,33;67,1894;67,0954;220,702;67,2422;49,3025;12,1989;58,9885;670,3;670;670,3;670;645;618,1;-0,299988;26,9;58,9885;59,5766;61,0262;2441,68;58,9885;59,0455;43,5153;193,688;12,6063;670;670,3;53,3317;670;670,3;645;628,7;-0,299988;16,3;53,3317;53,2407;55,8632;2133,05;53,3317;53,0575;45,4556;174,034;12,2565;670;670,6;47,9008;670;670,5;645;637,7;-0,5;7,29999;47,9008;48,2459;49,7648;2057,03;47,9008;47,5199;42,1115;155,844;13,1993;670;670,5;40,3072;670;670,6;645;636,1;-0,599976;8,90002;40,3072;40,5734;44,2197;1664,31;40,3072;39,8558;36,2212;130,872;12,7171
10.10.2025 00:08:33.820000;0;0;670;670,6;84,4696;670;670,6;645;617,7;-0,599976;27,3;84,4696;85,7582;69,3318;3432,34;84,4696;85,4391;59,824;280,125;12,2529;670;670,4;67,0038;670;670,4;645;613,2;-0,400024;31,8;67,0038;68,1084;2689,81;67,2262;67,0038;221,047;67,3808;49,238;12,1685;58,8968;670,4;670;670,4;670;645;618,1;-0,400024;26,9;58,8968;59,4361;61,0568;2436,24;58,8968;59,0155;43,5079;193,545;12,5875;670;670,2;53,4206;670;670,2;645;628,6;-0,200012;16,4;53,4206;53,4;55,8632;2138,3;53,4206;53,0195;45,5473;173,866;12,2986;670;670,4;48,078;670;670,4;645;637,7;-0,400024;7,29999;48,078;48,2406;49,846;2056,66;48,078;47,5014;42,214;155,779;13,2024;670;670,5;40,3039;670;670,5;645;636;-0,5;9;40,3039;40,6123;44,183;1665,1;40,3039;40,1034;36,1321;131,668;12,6463
10.10.2025 00:08:34.320000;0;0;670;670,6;84,4659;670;670,6;645;617,8;-0,599976;27,2;84,4659;86,1066;69,0341;3445,96;84,4659;85,2492;59,8465;279,451;12,3312;670;670,4;67,0016;670;670,4;645;613,2;-0,400024;31,8;67,0016;68,2324;2681,51;67,0788;67,0016;221,377;67,4655;49,1473;12,1129;58,8946;670,4;670;670,4;670;645;618;-0,400024;27;58,8946;59,262;61,1412;2428,46;58,8946;59,0455;43,4934;193,695;12,5376;670;670,1;53,5104;670;670,1;645;628,4;-0,0999756;16,6;53,5104;53,3578;55,8903;2134,85;53,5104;52,987;45,5639;173,798;12,2835;670;670,2;48,2565;670;670,2;645;637,6;-0,200012;7,40002;48,2565;48,1964;49,875;2052,86;48,2565;47,4612;42,3015;155,673;13,187;670;670,4;40,3914;670;670,4;645;636;-0,400024;9;40,3914;40,5617;44,2428;1662,39;40,3914;40,2631;36,1071;132,127;12,5817
10.10.2025 00:08:34.820000;0;0;670;670,6;84,463;670;670,6;645;617,9;-0,599976;27,1;84,463;85,9226;69,0004;3433,8;84,463;85,0808;59,881;278,898;12,312;670;670,4;66,9999;670;670,4;645;613,3;-0,400024;31,7;66,9999;68,4052;2674,16;66,8793;66,9999;221,659;67,5673;49,0332;12,0643;58,8928;670,4;670;670,4;670;645;618;-0,400024;27;58,8928;59,2156;61,1542;2429,92;58,8928;59,0338;43,4945;193,541;12,5551;670;670,1;53,5104;670;670,1;645;628,3;-0,0999756;16,7;53,5104;53,2855;55,9306;2131,47;53,5104;52,9831;45,5493;173,759;12,2668;670;670,1;48,3463;670;670;645;637,5;0;7,5;48,3463;48,0656;49,9692;2048,4;48,3463;47,516;42,2677;155,93;13,1367;670;670,3;40,4799;670;670,3;645;636,1;-0,299988;8,90002;40,4799;40,5025;44,2754;1660,76;40,4799;40,314;36,1229;132,256;12,5572
10.10.2025 00:08:35.320000;0;0;670;670,6;84,4594;670;670,6;645;617,9;-0,599976;27,1;84,4594;85,4222;69,1143;3415,69;84,4594;84,8889;59,9286;278,307;12,2731;670;670,4;66,9977;670;670,5;645;613,3;-0,5;31,7;66,9977;68,5565;2669,19;66,711;66,9977;221,775;67,6143;48,9006;12,0356;58,9808;670,3;670;670,3;670;645;618;-0,299988;27;58,9808;59,3238;61,0829;2431,64;58,9808;59,022;43,4973;193,631;12,5581;670;670;53,5104;670;670;645;628,2;0;16,8;53,5104;53,1489;56,0105;2125,86;53,5104;52,9675;45,5113;173,772;12,2336;670;670;48,3463;670;670;645;637,5;0;7,5;48,3463;47,9645;50,0348;2044,73;48,3463;47,6962;42,1757;156,585;13,0583;670;670,4;40,3882;670;670,4;645;636,1;-0,400024;8,90002;40,3882;40,4386;44,2754;1658,14;40,3882;40,2514;36,1162;131,973;12,5643
10.10.2025 00:08:35.820000;0;0;670;670,7;84,3657;670;670,7;645;617,9;-0,700012;27,1;84,3657;85,1244;69,1852;3403,94;84,3657;84,7741;59,9558;278,016;12,2437;670;670,5;66,9049;670;670,5;645;613,3;-0,5;31,7;66,9049;68,6208;2663,88;66,6143;66,9049;221,418;67,5428;48,8353;12,031;59,0695;670,2;670;670,2;670;645;617,8;-0,200012;27,2;59,0695;59,3474;61,0826;2434,36;59,0695;58,9859;43,5094;193,441;12,5845;670;670;53,5104;670;669,9;645;628,2;0,0999756;16,8;53,5104;53,2176;55,9908;2127,62;53,5104;52,9902;45,536;173,8;12,2418;670;670;48,3463;670;670;645;637,5;0;7,5;48,3463;47,987;50,0427;2047,44;48,3463;47,9148;42,1118;157,358;13,0114;670;670,3;40,4763;670;670,3;645;636,2;-0,299988;8,79999;40,4763;40,4658;44,2754;1659,42;40,4763;40,2312;36,1591;131,949;12,5762
10.10.2025 00:08:36.320000;0;0;670;670,8;84,2713;670;670,8;645;617,9;-0,799988;27,1;84,2713;85,0642;69,1493;3403,77;84,2713;84,6748;59,9412;277,708;12,2567;670;670,5;66,902;670;670,5;645;613,2;-0,5;31,8;66,902;68,6746;2656,33;66,4456;66,902;220,905;67,3803;48,7788;12,0248;59,1592;670,1;670;670,1;670;645;617,8;-0,0999756;27,2;59,1592;59,3599;61,1103;2435,03;59,1592;58,9641;43,5497;193,454;12,5872;670;670,1;53,5104;670;670,1;645;628,2;-0,0999756;16,8;53,5104;53,2718;55,9769;2134,44;53,5104;52,9878;45,5661;173,813;12,2801;670;670;48,3463;670;670;645;637,7;0;7,29999;48,3463;48,0054;50,0484;2047,6;48,3463;48,1198;42,1059;157,897;12,9679;670;670,2;40,5652;670;670,2;645;636,2;-0,200012;8,79999;40,5652;40,4954;44,2754;1660,79;40,5652;40,2167;36,1867;131,898;12,5915
10.10.2025 00:08:36.820000;0;0;670;670,8;84,2662;670;670,8;645;617,9;-0,799988;27,1;84,2662;85,0493;69,1098;3401,41;84,2662;84,616;59,9086;277,489;12,2578;670;670,5;66,8987;670;670,5;645;613,2;-0,5;31,8;66,8987;68,5955;2661,74;66,5128;66,8987;220,249;67,1962;48,8296;12,0851;59,0689;670,2;670;670,2;670;645;617,8;-0,200012;27,2;59,0689;59,2823;61,0951;2426,26;59,0689;58,9485;43,5251;193,312;12,551;670;670;53,5104;670;670;645;628,3;0;16,7;53,5104;53,3508;55,9413;2136,48;53,5104;53,0152;45,603;173,89;12,2864;670;670,1;48,3463;670;670,1;645;637,7;-0,0999756;7,29999;48,3463;48,0206;50,0559;2048,55;48,3463;48,2555;42,0527;158,385;12,934;670;670,1;40,6547;670;670,1;645;636,2;-0,0999756;8,79999;40,6547;40,5197;44,2932;1661,15;40,6547;40,2155;36,2098;131,898;12,5942
10.10.2025 00:08:37.320000;0;0;670;670,8;84,2611;670;670,8;645;617,9;-0,799988;27,1;84,2611;84,9029;69,1313;3397,31;84,2611;84,548;59,9197;277,256;12,2533;670;670,5;66,8958;670;670,6;645;613,2;-0,599976;31,8;66,8958;68,4983;2663,72;66,5463;66,8958;219,554;66,9749;48,8994;12,1324;58,9773;670,3;670;670,3;670;645;617,8;-0,299988;27,2;58,9773;58,8931;61,1509;2417,02;58,9773;58,9697;43,5178;193,478;12,4925;670;670;53,5104;670;670;645;628,3;0;16,7;53,5104;53,4941;55,9121;2140,47;53,5104;53,0246;45,6781;173,914;12,3076;670;670,1;48,3463;670;670,1;645;637,8;-0,0999756;7,20001;48,3463;48,1329;50,0314;2051,75;48,3463;48,3875;42,0349;158,718;12,927;670;670,1;40,6547;670;670,1;645;636,2;-0,0999756;8,79999;40,6547;40,504;44,3035;1660,02;40,6547;40,1865;36,2294;131,781;12,5968
10.10.2025 00:08:37.820000;0;0;670;670,9;84,1656;670;670,9;645;617,9;-0,900024;27,1;84,1656;84,9953;69,0572;3401,81;84,1656;84,5292;59,8756;277,14;12,2747;670;670,6;66,8022;670;670,6;645;613,4;-0,599976;31,6;66,8022;68,4083;2663,93;66,5796;66,8022;218,886;66,7728;48,9803;12,1704;58,8854;670,4;670;670,4;670;645;617,9;-0,400024;27,1;58,8854;59,1;61,1424;2423,74;58,8854;58,9833;43,5177;193,427;12,5305;670;670;53,5104;670;670;645;628,5;0;16,5;53,5104;53,4516;55,9121;2140,03;53,5104;53,0501;45,6736;174,043;12,296;670;670,1;48,3458;670;670,1;645;637,8;-0,0999756;7,20001;48,3458;48,2227;50,0365;2056,09;48,3458;48,468;42,0282;159,001;12,9313;670;670,1;40,6547;670;670,1;645;636,1;-0,0999756;8,90002;40,6547;40,4498;44,3357;1658,28;40,6547;40,1772;36,2247;131,794;12,5824
10.10.2025 00:08:38.320000;0;0;670;671,1;83,9794;670;671,1;645;617,7;-1,09998;27,3;83,9794;85,2987;68,8282;3410,44;83,9794;84,4458;59,8546;276,995;12,3123;670;670,8;66,6179;670;670,8;645;613,6;-0,799988;31,4;66,6179;68,3519;2668,57;66,6675;66,6179;218,446;66,6073;49,0152;12,2161;58,7931;670,5;670;670,5;670;645;617,9;-0,5;27,1;58,7931;58,9627;61,1491;2415,71;58,7931;59,002;43,4735;193,539;12,4818;670;670,1;53,5104;670;670,1;645;628,8;-0,0999756;16,2;53,5104;53,516;55,9121;2142,49;53,5104;53,1316;45,6836;174,387;12,2858;670;670,2;48,2553;670;670,4;645;637,8;-0,400024;7,20001;48,2553;48,2231;50,0844;2056,39;48,2553;48,5417;41,9869;159,255;12,9126;670;670;40,6547;670;669,9;645;636,1;0,0999756;8,90002;40,6547;40,4233;44,3564;1657,2;40,6547;40,1532;36,2348;131,702;12,5829
10.10.2025 00:08:38.820000;0;0;670;671,2;83,8818;670;671,2;645;617,7;-1,20001;27,3;83,8818;84,9712;68,958;3400,37;83,8818;84,4485;59,7523;276,992;12,276;670;670,9;66,5227;670;670,9;645;613,8;-0,900024;31,2;66,5227;68,3214;2672,96;66,7733;66,5227;218,236;66,5398;49,0152;12,248;58,8803;670,4;670;670,4;670;645;617,9;-0,400024;27,1;58,8803;58,8692;61,1546;2414,27;58,8803;58,9777;43,5067;193,431;12,4813;670;670;53,5104;670;670;645;628,9;0;16,1;53,5104;53,6244;55,905;2146,8;53,5104;53,2757;45,6394;174,804;12,2811;670;670,4;48,0733;670;670,4;645;637,9;-0,400024;7,09998;48,0733;48,2717;50,1065;2059,43;48,0733;48,6076;41,8774;159,441;12,9166;670;669,9;40,6547;670;669,9;645;636;0,0999756;9;40,6547;40,4069;44,3732;1655,4;40,6547;40,1604;36,2361;131,746;12,5652
10.10.2025 00:08:39.320000;0;0;670;671,2;83,8738;670;671,2;645;617,6;-1,20001;27,4;83,8738;85,062;68,8757;3404,96;83,8738;84,4367;59,7227;276,927;12,2955;670;670,9;66,5169;670;670,9;645;613,9;-0,900024;31,1;66,5169;68,3449;2663,05;66,5696;66,5169;218,469;66,6025;49,0152;12,1896;58,8782;670,4;670;670,4;670;645;618,1;-0,400024;26,9;58,8782;59,0686;61,1451;2423,09;58,8782;58,9581;43,51;193,434;12,5267;670;669,9;53,5104;670;669,9;645;628,9;0,0999756;16,1;53,5104;53,6765;55,8761;2147,78;53,5104;53,3423;45,6196;175,014;12,272;670;670,5;47,981;670;670,5;645;637,9;-0,5;7,09998;47,981;48,2869;50,1138;2058,98;47,981;48,6076;41,8468;159,394;12,9175;670;669,9;40,6551;670;669,9;645;636;0,0999756;9;40,6551;40,4222;44,4236;1657,79;40,6551;40,1252;36,2659;131,601;12,5971
10.10.2025 00:08:39.820000;0;0;670;671,3;83,7753;670;671,3;645;617,5;-1,29999;27,5;83,7753;85,022;68,8457;3401,28;83,7753;84,4051;59,6633;276,849;12,2857;670;671;66,4209;670;671;645;614;-1;31;66,4209;68,3759;2664,49;66,5855;66,4209;219,044;66,7463;48,9211;12,1642;58,876;670,4;670;670,4;670;645;618,1;-0,400024;26,9;58,876;59,1717;61,0817;2427,16;58,876;58,941;43,51;193,275;12,558;670;669,9;53,5104;670;669,9;645;628,9;0,0999756;16,1;53,5104;53,7128;55,852;2147,48;53,5104;53,3916;45,6026;175,137;12,2617;670;670,6;47,8881;670;670,6;645;637,9;-0,599976;7,09998;47,8881;48,3297;50,0474;2061,24;47,8881;48,5001;41,8219;159,016;12,9625;670;669,8;40,7455;670;669,8;645;636;0,200012;9;40,7455;40,4846;44,4013;1659,87;40,7455;40,1191;36,3087;131,591;12,6139
10.10.2025 00:08:40.320000;0;0;670;671,4;83,6765;670;671,4;645;617,4;-1,40002;27,6;83,6765;84,8819;68,8679;3395,35;83,6765;84,3669;59,6406;276,718;12,2701;670;671;66,4143;670;671;645;614,1;-1;30,9;66,4143;68,4191;2666,44;66,6543;66,4143;219,569;66,8888;48,8416;12,144;59,0543;670,2;670;670,2;670;645;618,2;-0,200012;26,8;59,0543;59,1791;61,1253;2426,98;59,0543;58,9154;43,5258;193,287;12,5564;670;669,9;53,5104;670;669,9;645;628,8;0,0999756;16,2;53,5104;53,793;55,8046;2151,62;53,5104;53,4069;45,5973;175,175;12,2827;670;670,6;47,8837;670;670,6;645;638;-0,599976;7;47,8837;48,4162;50,001;2064,47;47,8837;48,2921;41,8341;158,398;13,0334;670;669,7;40,8369;670;669,7;645;636;0,299988;9;40,8369;40,4925;44,4586;1660,35;40,8369;40,0953;36,3428;131,513;12,6251
10.10.2025 00:08:40.820000;0;0;670;671,4;83,6671;670;671,5;645;617,3;-1,5;27,7;83,6671;84,8294;68,8631;3396,29;83,6671;84,3491;59,5696;276,631;12,2773;670;671,1;66,3173;670;671,1;645;614,2;-1,09998;30,8;66,3173;68,4491;2671,07;66,7971;66,3173;220,049;67,0743;48,6939;12,1385;59,0535;670,2;670;670,2;670;645;618,3;-0,200012;26,7;59,0535;59,1035;61,1366;2423,88;59,0535;58,8971;43,5351;193,126;12,5508;670;669,9;53,5104;670;669,9;645;628,7;0,0999756;16,3;53,5104;53,6332;55,8783;2145,23;53,5104;53,4143;45,5959;175,22;12,2431;670;670,7;47,7897;670;670,7;645;638;-0,700012;7;47,7897;48,4771;49,8629;2066,58;47,7897;48,0985;41,8583;157,712;13,1036;670;669,7;40,8383;670;669,7;645;636;0,299988;9;40,8383;40,5387;44,4504;1661,93;40,8383;40,0938;36,383;131,495;12,6387
10.10.2025 00:08:41.320000;0;0;670;671,5;83,567;670;671,4;645;617,2;-1,40002;27,8;83,567;85,0857;68,675;3403,99;83,567;84,2928;59,5108;276,429;12,3142;670;671,3;66,128;670;671,3;645;614,4;-1,29999;30,6;66,128;68,4873;2677,61;66,9134;66,128;220,524;67,2329;48,53;12,142;59,1429;670,1;670;670,1;670;645;618,3;-0,0999756;26,7;59,1429;59,0686;61,1366;2421,81;59,1429;58,8988;43,546;193,188;12,536;670;670,1;53,5104;670;670,1;645;628,6;-0,0999756;16,4;53,5104;53,4533;55,8895;2138,99;53,5104;53,4511;45,5959;175,32;12,2005;670;670,7;47,7853;670;670,7;645;638,1;-0,700012;6,90002;47,7853;48,5257;49,7251;2069,77;47,7853;47,9172;41,9211;157,104;13,1745;670;669,7;40,8398;670;669,7;645;636;0,299988;9;40,8398;40,6473;44,4071;1667,18;40,8398;40,0648;36,4645;131,413;12,6866
10.10.2025 00:08:41.820000;0;0;670;671,4;83,6475;670;671,4;645;617;-1,40002;28;83,6475;85,108;68,6003;3401,36;83,6475;84,2623;59,5191;276,34;12,3086;670;671,3;66,1193;670;671,3;645;614,4;-1,29999;30,6;66,1193;68,4293;2682,05;67,0244;66,1193;220,437;67,2065;48,4344;12,1669;59,1429;670;670;670;670;645;618,5;0;26,5;59,1429;59,2951;61,1093;2432,54;59,1429;58,8532;43,6033;193,013;12,603;670;670,2;53,42;670;670,2;645;628,5;-0,200012;16,5;53,42;53,3263;55,9253;2133,43;53,42;53,4919;45,5676;175,44;12,1604;670;670,7;47,781;670;670,7;645;638,1;-0,700012;6,90002;47,781;48,4701;49,6645;2066,13;47,781;47,8094;41,9333;156,776;13,1788;670;669,6;40,9315;670;669,6;645;636;0,400024;9;40,9315;40,6972;44,3881;1668,26;40,9315;40,1062;36,501;131,6;12,6768
10.10.2025 00:08:42.320000;0;0;670;671,4;83,638;670;671,4;645;617;-1,40002;28;83,638;84,7584;68,7297;3389,46;83,638;84,2401;59,4907;276,274;12,2685;670;671,4;66,0199;670;671,4;645;614,5;-1,40002;30,5;66,0199;68,4129;2678,57;66,9574;66,0199;219,999;67,0964;48,3721;12,1754;59,1429;670;670;670;670;645;618,7;0;26,3;59,1429;59,4023;61,0477;2434,86;59,1429;58,8684;43,61;193,101;12,6092;670;670,3;53,3288;670;670,3;645;628,3;-0,299988;16,7;53,3288;53,3578;55,9276;2135,48;53,3288;53,5189;45,5528;175,555;12,1642;670;670,7;47,7766;670;670,7;645;638,1;-0,700012;6,90002;47,7766;48,3899;49,6533;2062,39;47,7766;47,6642;41,9388;156,249;13,1994;670;669,6;40,9337;670;669,6;645;636,1;0,400024;8,90002;40,9337;40,6904;44,4462;1668,79;40,9337;40,2821;36,4543;132,202;12,623
10.10.2025 00:08:42.820000;0;0;670;671,3;83,7171;670;671,3;645;617,1;-1,29999;27,9;83,7171;84,3125;68,9246;3373,85;83,7171;84,238;59,4852;276,301;12,2108;670;671,5;65,9203;670;671,5;645;614,6;-1,5;30,4;65,9203;68,4784;2665,1;66,6329;65,9203;219,304;66,8922;48,3539;12,1526;59,1429;670,1;670;670,1;670;645;618,7;-0,0999756;26,3;59,1429;59,3602;61,0629;2434,09;59,1429;58,8518;43,6283;193,034;12,6096;670;670,4;53,2368;670;670,4;645;628,2;-0,400024;16,8;53,2368;53,5737;55,8978;2143;53,2368;53,5373;45,4986;175,589;12,2046;670;670,7;47,7723;670;670,7;645;638,1;-0,700012;6,90002;47,7723;48,3145;49,6604;2060,45;47,7723;47,5843;41,9732;156,051;13,2037;670;669,6;40,9354;670;669,6;645;636;0,400024;9;40,9354;40,6623;44,4669;1667,32;40,9354;40,5035;36,367;132,916;12,5442
10.10.2025 00:08:43.320000;0;0;670;671,3;83,7084;670;671,3;645;617;-1,29999;28;83,7084;84,4363;68,8582;3378,79;83,7084;84,2096;59,4655;276,207;12,2328;670;671,7;65,7295;670;671,7;645;614,7;-1,70001;30,3;65,7295;68,402;2668,69;66,6666;65,7295;218,353;66,6025;48,3777;12,2219;59,0528;670,2;670;670,2;670;645;618,8;-0,200012;26,2;59,0528;59,4329;61,0173;2437,39;59,0528;58,8993;43,6212;193,216;12,6149;670;670,5;53,144;670;670,5;645;628,1;-0,5;16,9;53,144;53,5808;55,8978;2144,57;53,144;53,5459;45,441;175,631;12,2107;670;670,7;47,7679;670;670,7;645;638,1;-0,700012;6,90002;47,7679;48,2727;49,6527;2058,67;47,7679;47,5072;42,0102;155,785;13,2148;670;669,7;40,847;670;669,7;645;636;0,299988;9;40,847;40,747;44,386;1670,63;40,847;40,6695;36,3447;133,46;12,5178
10.10.2025 00:08:43.820000;0;0;670;671,2;83,7899;670;671,2;645;617,1;-1,20001;27,9;83,7899;84,3845;68,8431;3375,7;83,7899;84,1488;59,4981;275,995;12,231;670;671,7;65,7179;670;671,7;645;614,7;-1,70001;30,3;65,7179;68,1441;2678,54;66,9328;65,7179;217,497;66,3454;48,3966;12,3153;59,0521;670,2;670;670,2;670;645;618,9;-0,200012;26,1;59,0521;59,5809;60,8762;2442,82;59,0521;58,8967;43,5895;193,181;12,6452;670;670,7;52,9604;670;670,7;645;628,1;-0,700012;16,9;52,9604;53,6652;55,8939;2148,11;52,9604;53,5588;45,3737;175,673;12,2279;670;670,8;47,6734;670;670,8;645;638,1;-0,799988;6,90002;47,6734;48,1726;49,6312;2053,6;47,6734;47,4651;42,0012;155,698;13,1896;670;669,7;40,8485;670;669,8;645;636;0,200012;9;40,8485;40,6974;44,4132;1669,07;40,8485;40,8427;36,326;134,003;12,4555
10.10.2025 00:08:44.320000;0;0;670;671,2;83,7819;670;671,2;645;617,1;-1,20001;27,9;83,7819;83,9067;68,9533;3356,49;83,7819;84,0937;59,5015;275,785;12,1707;670;671,7;65,7063;670;671,7;645;614,6;-1,70001;30,4;65,7063;67,9271;2682,48;67,0431;65,7063;216,759;66,1055;48,4614;12,3754;58,8705;670,4;670;670,4;670;645;618,9;-0,400024;26,1;58,8705;59,4831;60,8542;2438,51;58,8705;58,9658;43,5683;193,418;12,6075;670;670,7;52,956;670;670,7;645;628,1;-0,700012;16,9;52,956;53,7023;55,8804;2149,27;52,956;53,5729;45,2971;175,742;12,2297;670;670,6;47,8487;670;670,6;645;638;-0,599976;7;47,8487;48,074;49,7467;2049,24;47,8487;47,4632;42,0802;155,69;13,1623;670;669,8;40,7593;670;669,8;645;636,1;0,200012;8,90002;40,7593;40,7178;44,4428;1669,27;40,7593;40,9189;36,299;134,251;12,434
10.10.2025 00:08:44.820000;0;0;670;671;83,9549;670;671;645;617,1;-1;27,9;83,9549;83,8396;68,9419;3355,89;83,9549;83,9906;59,556;275,489;12,1816;670;671,7;65,6947;670;671,7;645;614,6;-1,70001;30,4;65,6947;67,8412;2679,25;66,9665;65,6947;216,36;65,9675;48,4969;12,3833;58,7782;670,5;670;670,5;670;645;619;-0,5;26;58,7782;59,3433;60,8906;2432,27;58,7782;58,9454;43,5683;193,315;12,5819;670;670,8;52,8615;670;670,8;645;628;-0,799988;17;52,8615;53,6996;55,8612;2147,56;52,8615;53,5369;45,2389;175,562;12,2325;670;670,6;47,8451;670;670,6;645;638;-0,599976;7;47,8451;48,0296;49,7603;2047,34;47,8451;47,5683;42,0533;156,075;13,1177;670;669,9;40,6698;670;669,9;645;636,2;0,0999756;8,79999;40,6698;40,7467;44,4782;1670,78;40,6698;41,0005;36,237;134,469;12,425
10.10.2025 00:08:45.320000;0;0;670;671;83,9484;670;671;645;617,1;-1;27,9;83,9484;84,1831;68,8484;3370,11;83,9484;83,9189;59,576;275,241;12,2442;670;671,7;65,6831;670;671,7;645;614,5;-1,70001;30,5;65,6831;67,8821;2673,46;66,8178;65,6831;216,537;65,9978;48,4684;12,3464;58,7753;670,5;670;670,5;670;645;619,1;-0,5;25,9;58,7753;59,1434;61,0013;2424,98;58,7753;58,9915;43,5175;193,518;12,531;670;670,8;52,8564;670;670,8;645;627,9;-0,799988;17,1;52,8564;53,619;55,8447;2146,58;52,8564;53,4304;45,245;175,2;12,2521;670;670,6;47,8415;670;670,6;645;638;-0,599976;7;47,8415;48,0056;49,766;2046,96;47,8415;47,7321;41,9924;156,6;13,0713;670;669,9;40,6702;670;669,9;645;636,2;0,0999756;8,79999;40,6702;40,8531;44,4054;1675,14;40,6702;40,9177;36,2966;134,184;12,4838
10.10.2025 00:08:45.820000;0;0;670;671,1;83,8512;670;671;645;617,2;-1;27,8;83,8512;84,4468;68,6484;3378,58;83,8512;83,8514;59,576;274,981;12,2866;670;671,7;65,6715;670;671,7;645;614,4;-1,70001;30,6;65,6715;68,0161;2663,19;66,6052;65,6715;216,923;66,1272;48,393;12,2772;58,7724;670,5;670;670,5;670;645;619;-0,5;26;58,7724;59,2224;60,943;2428,76;58,7724;58,9646;43,519;193,365;12,5605;670;670,9;52,7609;670;670,8;645;627,8;-0,799988;17,2;52,7609;53,5429;55,8232;2141,77;52,7609;53,3294;45,217;174,882;12,247;670;670,5;47,9278;670;670,5;645;638;-0,5;7;47,9278;47,8964;49,7954;2042,3;47,9278;47,8821;41,9884;157,105;12,9996;670;669,9;40,6702;670;669,9;645;636,2;0,0999756;8,79999;40,6702;40,7481;44,4167;1670,35;40,6702;40,8704;36,2717;133,997;12,4656
10.10.2025 00:08:46.320000;0;0;670;671;83,9346;670;671;645;617,1;-1;27,9;83,9346;84,7124;68,5224;3390,01;83,9346;83,7373;59,6183;274,62;12,3444;670;671,6;65,7501;670;671,6;645;614,3;-1,59998;30,7;65,7501;68,1503;2657,87;66,4361;65,7501;217,396;66,2559;48,3454;12,2259;58,6789;670,6;670;670,6;670;645;619;-0,599976;26;58,6789;59,1554;60,9769;2424,89;58,6789;58,9838;43,4635;193,467;12,5339;670;670,9;52,7554;670;670,9;645;627,6;-0,900024;17,4;52,7554;53,3857;55,8595;2135,48;52,7554;53,2546;45,2189;174,649;12,2273;670;670,5;47,9249;670;670,5;645;638,1;-0,5;6,90002;47,9249;47,9464;49,7954;2044,12;47,9249;47,9875;41,9884;157,399;12,9868;670;670;40,6702;670;670;645;636,2;0;8,79999;40,6702;40,7087;44,4061;1669,22;40,6702;40,7937;36,2988;133,778;12,4776
10.10.2025 00:08:46.820000;0;0;670;671,2;83,7472;670;671,2;645;617,2;-1,20001;27,8;83,7472;84,9658;68,2467;3400,63;83,7472;83,6571;59,5833;274,37;12,3943;670;671,6;65,7392;670;671,6;645;614,2;-1,59998;30,8;65,7392;68,1719;2664,43;66,5521;65,7392;217,887;66,4174;48,2428;12,2285;58,4947;670,8;670;670,8;670;645;619,1;-0,799988;25,9;58,4947;59,0751;60,9949;2422,56;58,4947;58,941;43,4266;193,314;12,5317;670;670,8;52,8402;670;670,8;645;627,5;-0,799988;17,5;52,8402;53,4899;55,7672;2140,77;52,8402;53,184;45,2593;174,392;12,2756;670;670,5;47,9219;670;670,5;645;638,1;-0,5;6,90002;47,9219;47,9089;49,8285;2043;47,9219;48,0732;41,9617;157,693;12,9555;670;670;40,6702;670;670;645;636,2;0;8,79999;40,6702;40,7455;44,4061;1670,72;40,6702;40,7614;36,3075;133,71;12,4951
10.10.2025 00:08:47.320000;0;0;670;671,2;83,7392;670;671,2;645;617,2;-1,20001;27,8;83,7392;84,9795;68,1604;3400,06;83,7392;83,5821;59,6088;274,136;12,4028;670;671,5;65,8187;670;671,6;645;614,2;-1,59998;30,8;65,8187;68,1879;2663,63;66,5921;65,8187;218,246;66,5304;48,1896;12,2047;58,3092;671;670;671;670;645;619,1;-1;25,9;58,3092;58,9238;61,0101;2414,44;58,3092;58,9563;43,3225;193,364;12,4865;670;670,8;52,8351;670;670,8;645;627,3;-0,799988;17,7;52,8351;53,4851;55,7339;2140,26;52,8351;53,1406;45,2605;174,301;12,2791;670;670,5;47,919;670;670,5;645;638,1;-0,5;6,90002;47,919;47,9117;49,8388;2042,48;47,919;48,0885;41,9519;157,705;12,9513;670;669,9;40,6702;670;669,9;645;636,2;0,0999756;8,79999;40,6702;40,8208;44,3887;1674,13;40,6702;40,6867;36,3075;133,452;12,5448
10.10.2025 00:08:47.820000;0;0;670;671,1;83,8215;670;671,1;645;617,2;-1,09998;27,8;83,8215;84,8034;68,2242;3390,93;83,8215;83,5405;59,664;274,026;12,3745;670;671,6;65,7179;670;671,6;645;614,2;-1,59998;30,8;65,7179;68,305;2651,55;66,3063;65,7179;218,586;66,6343;48,0587;12,1305;58,3026;671;670;671;670;645;619;-1;26;58,3026;58,7762;61,0101;2409,51;58,3026;58,8489;43,2934;192,986;12,4854;670;670,8;52,83;670;670,8;645;627,2;-0,799988;17,8;52,83;53,4486;55,7307;2139,6;52,83;53,1273;45,2499;174,245;12,2793;670;670,5;47,9161;670;670,5;645;638,1;-0,5;6,90002;47,9161;47,8774;49,8891;2040,85;47,9161;48,1419;41,9098;157,936;12,922;670;670;40,6702;670;670;645;636,1;0;8,90002;40,6702;40,8489;44,3746;1674,64;40,6702;40,6933;36,3075;133,478;12,5462
10.10.2025 00:08:48.320000;0;0;670;671,1;83,8142;670;671,1;645;617,2;-1,09998;27,8;83,8142;84,4475;68,3537;3376,53;83,8142;83,5032;59,6892;273,89;12,328;670;671,7;65,6163;670;671,7;645;614,1;-1,70001;30,9;65,6163;68,3733;2651,56;66,2705;65,6163;218,732;66,6945;47,933;12,1224;58,2059;671,1;670;671,1;670;645;619;-1,09998;26;58,2059;58,8881;61,0101;2415,21;58,2059;58,807;43,243;192,887;12,5214;670;670,8;52,8249;670;670,8;645;627,2;-0,799988;17,8;52,8249;53,3534;55,7534;2133,78;52,8249;53,1128;45,2412;174,223;12,2474;670;670,5;47,9132;670;670,5;645;638,3;-0,5;6,70001;47,9132;47,885;49,9263;2041,79;47,9132;48,1978;41,8766;158,114;12,9134;670;670;40,6702;670;670;645;636,1;0;8,90002;40,6702;40,8807;44,3419;1675,79;40,6702;40,6315;36,3075;133,233;12,5779
10.10.2025 00:08:48.820000;0;0;670;671,1;83,807;670;671,1;645;617,2;-1,09998;27,8;83,807;84,1379;68,4817;3366,06;83,807;83,4947;59,7038;273,85;12,2916;670;671,7;65,6047;670;671,7;645;614,1;-1,70001;30,9;65,6047;68,2234;2663,53;66,5538;65,6047;218,345;66,5843;47,91;12,1987;58,2887;671;670;671;670;645;618,8;-1;26,2;58,2887;59,0716;60,8773;2423,05;58,2887;58,7165;43,2451;192,552;12,5839;670;670,9;52,7297;670;670,9;645;627,2;-0,900024;17,8;52,7297;53,1964;55,821;2128,43;52,7297;53,128;45,2196;174,234;12,2159;670;670,5;47,9103;670;670,5;645;638,3;-0,5;6,70001;47,9103;48,0167;49,9037;2047,95;47,9103;48,2601;41,8469;158,319;12,9356;670;670,1;40,6702;670;670,1;645;636,1;-0,0999756;8,90002;40,6702;40,8841;44,3336;1676,09;40,6702;40,6273;36,3075;133,27;12,5766
10.10.2025 00:08:49.320000;0;0;670;671,1;83,7997;670;671,1;645;617,3;-1,09998;27,7;83,7997;83,7524;68,5915;3350,32;83,7997;83,4869;59,6982;273,826;12,2352;670;671,6;65,6835;670;671,5;645;613,9;-1,5;31,1;65,6835;68,2156;2663,57;66,5666;65,6835;217,923;66,4512;47,942;12,2225;58,3725;670,9;670;670,9;670;645;618,8;-0,900024;26,2;58,3725;59,1008;60,8337;2423,13;58,3725;58,697;43,3027;192,527;12,5859;670;671;52,6337;670;671;645;627,3;-1;17,7;52,6337;53,1305;55,821;2126,23;52,6337;53,1359;45,1225;174,313;12,1978;670;670,5;47,9074;670;670,5;645;638,3;-0,5;6,70001;47,9074;48,1302;49,8745;2052,77;47,9074;48,2993;41,8114;158,423;12,9575;670;670,1;40,6702;670;670;645;636,1;0;8,90002;40,6702;40,9186;44,3093;1677,66;40,6702;40,5921;36,3075;133,156;12,5993
10.10.2025 00:08:49.820000;0;0;670;671;83,8828;670;671;645;617,3;-1;27,7;83,8828;83,3414;68,8236;3333,71;83,8828;83,4815;59,619;273,819;12,1749;670;671,5;65,7632;670;671,5;645;613,6;-1,5;31,4;65,7632;68,056;2667,19;66,6492;65,7632;217,144;66,2338;48,0262;12,2831;58,3667;670,9;670;670,8;670;645;618,7;-0,799988;26,3;58,3667;59,1283;60,769;2423,46;58,3667;58,636;43,3112;192,275;12,6042;670;671;52,6272;670;671;645;627,5;-1;17,5;52,6272;53,1266;55,821;2126,74;52,6272;53,1609;45,0811;174,329;12,1996;670;670,6;47,8136;670;670,6;645;638,3;-0,599976;6,70001;47,8136;48,247;49,8436;2056,44;47,8136;48,3516;41,69;158,593;12,9668;670;670,1;40,6702;670;670,1;645;636;-0,0999756;9;40,6702;40,8435;44,3392;1674,26;40,6702;40,6285;36,3075;133,274;12,5625
10.10.2025 00:08:50.320000;0;0;670;671;83,8763;670;671;645;617,3;-1;27,7;83,8763;83,1807;68,9362;3328,4;83,8763;83,4908;59,5397;273,85;12,1541;670;671,4;65,8431;670;671,4;645;613,4;-1,40002;31,6;65,8431;67,8354;2670,64;66,7314;65,8431;216,213;65,942;48,1237;12,3519;58,7218;670,5;670;670,5;670;645;618,6;-0,5;26,4;58,7218;59,1579;60,7375;2425,79;58,7218;58,65;43,3329;192,372;12,6099;670;671,1;52,5303;670;671,1;645;627,7;-1,09998;17,3;52,5303;53,2668;55,8152;2132,2;52,5303;53,1554;45,0145;174,337;12,2304;670;670,7;47,7199;670;670,7;645;638,3;-0,700012;6,70001;47,7199;48,2541;49,8482;2057,1;47,7199;48,3659;41,6881;158,653;12,9661;670;670;40,6702;670;670;645;636;0;9;40,6702;40,8033;44,3558;1672,46;40,6702;40,6156;36,3075;133,232;12,553
10.10.2025 00:08:50.820000;0;0;670;671;83,8697;670;671;645;617,3;-1;27,7;83,8697;83,3414;68,8838;3335,31;83,8697;83,5508;59,5709;274,096;12,1684;670;671,3;65,9238;670;671,3;645;613,1;-1,29999;31,9;65,9238;67,7828;2666,87;66,637;65,9238;215,534;65,7315;48,1596;12,3733;58,8089;670,4;670;670,4;670;645;618,6;-0,400024;26,4;58,8089;59,1673;60,7443;2425,38;58,8089;58,6234;43,3712;192,271;12,6144;670;671,1;52,5231;670;671,1;645;627,8;-1,09998;17,2;52,5231;53,3521;55,7775;2135,1;52,5231;53,1719;44,9697;174,403;12,2423;670;670,7;47,7155;670;670,8;645;638,3;-0,799988;6,70001;47,7155;48,2355;49,8532;2054,02;47,7155;48,3548;41,6191;158,603;12,9507;670;669,9;40,6702;670;669,9;645;636;0,0999756;9;40,6702;40,779;44,3664;1672,26;40,6702;40,6632;36,3075;133,374;12,5381
10.10.2025 00:08:51.320000;0;0;670;671;83,8628;670;671;645;617,3;-1;27,7;83,8628;83,3195;68,9138;3333,47;83,8628;83,6167;59,5266;274,289;12,1532;670;671,2;66,0053;670;671,2;645;612,9;-1,20001;32,1;66,0053;67,8859;2662,42;66,5338;66,0053;215,264;65,641;48,2749;12,3682;58,897;670,3;670;670,3;670;645;618,6;-0,299988;26,4;58,897;59,0435;60,8821;2419,02;58,897;58,6465;43,4371;192,348;12,5763;670;671,2;52,4253;670;671,2;645;627,9;-1,20001;17,1;52,4253;53,3764;55,7631;2136,23;52,4253;53,1793;44,8881;174,454;12,2452;670;670,8;47,6205;670;670,8;645;638,4;-0,799988;6,59998;47,6205;48,134;49,8616;2050,99;47,6205;48,2644;41,5797;158,23;12,9621;670;669,9;40,6702;670;670;645;636;0;9;40,6702;40,7436;44,3704;1670,65;40,6702;40,6354;36,3075;133,297;12,5333
10.10.2025 00:08:51.820000;0;0;670;671;83,8562;670;670,9;645;617,3;-0,900024;27,7;83,8562;83,543;68,8239;3343,37;83,8562;83,7276;59,5575;274,639;12,1737;670;671;66,1779;670;671;645;612,7;-1;32,3;66,1779;67,8124;2673,25;66,7886;66,1779;215,434;65,6693;48,3517;12,4087;58,8956;670,3;670;670,3;670;645;618,8;-0,299988;26,2;58,8956;58,9224;60,9048;2416,62;58,8956;58,5807;43,4741;192,132;12,5779;670;671,1;52,508;670;671,2;645;627,9;-1,20001;17,1;52,508;53,3526;55,7673;2133,36;52,508;53,1762;44,8824;174,354;12,2358;670;670,9;47,5252;670;670,9;645;638,4;-0,900024;6,59998;47,5252;48,1187;49,8476;2052,9;47,5252;48,1319;41,5619;157,757;13,013;670;670;40,6702;670;670;645;636;0;9;40,6702;40,7396;44,3704;1670;40,6702;40,683;36,3075;133,427;12,5162
10.10.2025 00:08:52.320000;0;0;670;670,8;84,0304;670;670,8;645;617,3;-0,799988;27,7;84,0304;83,6623;68,8207;3347,67;84,0304;83,8587;59,5455;275,082;12,1697;670;670,8;66,3521;670;670,8;645;612,5;-0,799988;32,5;66,3521;67,7584;2684,48;66,9972;66,3521;216,055;65,8157;48,3897;12,425;58,8945;670,3;670;670,3;670;645;618,9;-0,299988;26,1;58,8945;58,8869;60,9048;2414,04;58,8945;58,6329;43,4632;192,393;12,5475;670;671,2;52,41;670;671,2;645;627,9;-1,20001;17,1;52,41;53,285;55,7523;2132,09;52,41;53,0873;44,8396;174,023;12,2518;670;670,8;47,6096;670;670,8;645;638,4;-0,799988;6,59998;47,6096;48,1307;49,7876;2052,93;47,6096;47,9137;41,6562;156,977;13,0779;670;670;40,6702;670;670;645;636;0;9;40,6702;40,7362;44,3704;1670,85;40,6702;40,6369;36,3075;133,276;12,5368
10.10.2025 00:08:52.820000;0;0;670;670,8;84,0254;670;670,8;645;617,2;-0,799988;27,8;84,0254;83,8287;68,7957;3360,57;84,0254;83,9484;59,5669;275,333;12,2055;670;670,6;66,5277;670;670,6;645;612,5;-0,599976;32,5;66,5277;67,7195;2688,61;67,1724;66,5277;216,603;66,0081;48,4082;12,4126;58,803;670,4;670;670,4;670;645;619;-0,400024;26;58,803;58,8054;60,9048;2410,54;58,803;58,6613;43,4251;192,415;12,5279;670;671,2;52,402;670;671,2;645;627,9;-1,20001;17,1;52,402;53,4052;55,6105;2138,34;52,402;52,9514;44,8569;173,544;12,3216;670;670,8;47,6046;670;670,8;645;638,4;-0,799988;6,59998;47,6046;48,1913;49,6284;2054,24;47,6046;47,688;41,7313;156,254;13,1468;670;670,1;40,6702;670;670,1;645;636;-0,0999756;9;40,6702;40,7411;44,3704;1669,92;40,6702;40,6349;36,3075;133,286;12,5288
10.10.2025 00:08:53.320000;0;0;670;670,8;84,0213;670;670,9;645;617,1;-0,900024;27,9;84,0213;83,8367;68,7909;3350,17;84,0213;83,9834;59,5557;275,526;12,1592;670;670,5;66,615;670;670,5;645;612,7;-0,5;32,3;66,615;67,6604;2694,42;67,3175;66,615;217,04;66,1363;48,4113;12,4144;58,711;670,5;670;670,5;670;645;619,1;-0,5;25,9;58,711;58,7388;60,9048;2404,93;58,711;58,7147;43,4082;192,62;12,4854;670;671,1;52,4858;670;671,1;645;627,9;-1,09998;17,1;52,4858;53,4524;55,4891;2138,14;52,4858;52,801;44,8945;173,069;12,3543;670;670,8;47,6005;670;670,8;645;638,5;-0,799988;6,5;47,6005;48,1009;49,6086;2051,81;47,6005;47,5177;41,7313;155,715;13,1768;670;670,1;40,6702;670;670,1;645;636;-0,0999756;9;40,6702;40,7253;44,3704;1669,1;40,6702;40,5896;36,3075;133,068;12,5432
10.10.2025 00:08:53.820000;0;0;670;670,9;83,9255;670;670,9;645;617;-0,900024;28;83,9255;83,5813;68,9482;3345,71;83,9255;84,0457;59,41;275,696;12,1355;670;670,5;66,6121;670;670,5;645;612,9;-0,5;32,1;66,6121;67,6172;2694,18;67,3235;66,6121;217,507;66,2857;48,3702;12,3866;58,4371;670,8;670;670,8;670;645;619,3;-0,799988;25,7;58,4371;58,5826;60,9324;2400,93;58,4371;58,7314;43,3628;192,6;12,4659;670;671,1;52,4785;670;671,1;645;627,9;-1,09998;17,1;52,4785;53,449;55,3696;2137,06;52,4785;52,6377;44,9829;172,523;12,3871;670;670,9;47,505;670;670,8;645;638,5;-0,799988;6,5;47,505;48,094;49,5363;2048,62;47,505;47,3313;41,765;155,195;13,2003;670;670,2;40,5797;670;670,2;645;636;-0,200012;9;40,5797;40,6476;44,3704;1666,87;40,5797;40,568;36,3076;133,063;12,5269
10.10.2025 00:08:54.320000;0;0;670;671;83,8297;670;671;645;616,8;-1;28,2;83,8297;83,6287;68,9701;3346,65;83,8297;84,0912;59,3864;275,845;12,1323;670;670,5;66,6092;670;670,5;645;613,1;-0,5;31,9;66,6092;67,658;2684,93;67,1683;66,6092;217,937;66,4012;48,3338;12,3197;58,432;670,8;670;670,8;670;645;619,3;-0,799988;25,7;58,432;58,4495;61,0315;2397,87;58,432;58,7761;43,2934;192,837;12,4347;670;671;52,5614;670;671;645;627,9;-1;17,1;52,5614;53,4252;55,2982;2138,67;52,5614;52,5218;45,0053;172,246;12,4164;670;670,9;47,4995;670;670,9;645;638,5;-0,900024;6,5;47,4995;48,0215;49,5454;2048,07;47,4995;47,1995;41,8265;154,699;13,2391;670;670,2;40,579;670;670,2;645;636;-0,200012;9;40,579;40,6871;44,3663;1667,85;40,579;40,53;36,3076;132,9;12,5497
10.10.2025 00:08:54.820000;0;0;670;670,9;83,9125;670;670,9;645;616,6;-0,900024;28,4;83,9125;84,1489;68,8009;3364,58;83,9125;84,1234;59,4713;275,912;12,1944;670;670,5;66,6057;670;670,5;645;613,3;-0,5;31,7;66,6057;67,7759;2678,78;66,8869;66,6057;218,173;66,5124;48,2929;12,2782;58,4259;670,8;670;670,8;670;645;619,2;-0,799988;25,8;58,4259;58,7196;60,9268;2411,02;58,4259;58,7818;43,2676;192,792;12,5058;670;670,9;52,6439;670;670,9;645;628,2;-0,900024;16,8;52,6439;53,1523;55,4254;2125,51;52,6439;52,5121;45,0191;172,201;12,3432;670;670,8;47,5832;670;670,8;645;638,4;-0,799988;6,59998;47,5832;48,0465;49,5467;2048,22;47,5832;47,0881;41,9311;154,526;13,2549;670;670,2;40,5781;670;670,3;645;636,1;-0,299988;8,90002;40,5781;40,6905;44,3637;1668,81;40,5781;40,5403;36,3076;132,972;12,5501
10.10.2025 00:08:55.320000;0;0;670;670,9;83,9078;670;670,9;645;616,6;-0,900024;28,4;83,9078;84,031;68,8009;3364,5;83,9078;84,1219;59,4643;275,916;12,1939;670;670,6;66,5132;670;670,6;645;613,4;-0,599976;31,6;66,5132;67,6874;2678,31;66,987;66,5132;218,331;66,5535;48,2929;12,2672;58,5119;670,7;670;670,7;670;645;619,2;-0,700012;25,8;58,5119;58,8448;60,9268;2413,28;58,5119;58,7953;43,2467;192,871;12,5124;670;670,9;52,6393;670;670,9;645;628,3;-0,900024;16,7;52,6393;53,0606;55,4513;2123,08;52,6393;52,4979;45,0252;172,216;12,328;670;670,7;47,6692;670;670,7;645;638,3;-0,700012;6,70001;47,6692;47,9862;49,5574;2045,05;47,6692;47,1639;41,9182;154,798;13,2111;670;670,3;40,4871;670;670,3;645;636,1;-0,299988;8,90002;40,4871;40,699;44,3145;1669,3;40,4871;40,4945;36,3076;132,769;12,573
10.10.2025 00:08:55.820000;0;0;670;670,8;83,9923;670;670,8;645;616,5;-0,799988;28,5;83,9923;84,1634;68,8009;3368,52;83,9923;84,1259;59,4895;275,92;12,2083;670;670,7;66,4191;670;670,7;645;613,6;-0,700012;31,4;66,4191;67,8037;2673,53;66,7994;66,4191;218,527;66,624;48,2484;12,2343;58,6877;670,5;670;670,5;670;645;619,2;-0,5;25,8;58,6877;59,0169;60,8363;2419,85;58,6877;58,7405;43,2903;192,592;12,5647;670;670,8;52,7239;670;670,8;645;628,4;-0,799988;16,6;52,7239;52,907;55,5558;2115,31;52,7239;52,5096;45,0581;172,232;12,2818;670;670,6;47,7553;670;670,6;645;638,3;-0,599976;6,70001;47,7553;47,9725;49,6403;2045,41;47,7553;47,3206;41,9491;155,314;13,1695;670;670,3;40,4856;670;670,3;645;636,1;-0,299988;8,90002;40,4856;40,7294;44,2892;1670,86;40,4856;40,4905;36,3076;132,835;12,5785
10.10.2025 00:08:56.320000;0;0;670;670,8;83,9872;670;670,8;645;616,5;-0,799988;28,5;83,9872;83,974;68,8101;3355,51;83,9872;84,0921;59,4938;275,835;12,1649;670;670,8;66,3243;670;670,8;645;613,8;-0,799988;31,2;66,3243;67,8392;2663,42;66,5948;66,3243;218,353;66,5907;48,2153;12,1977;58,775;670,4;670;670,4;670;645;619,1;-0,400024;25,9;58,775;58,9557;60,8731;2417,82;58,775;58,6644;43,3467;192,419;12,5654;670;670,7;52,8093;670;670,7;645;628,5;-0,700012;16,5;52,8093;52,925;55,5877;2118,34;52,8093;52,4768;45,1168;172,098;12,3089;670;670,5;47,8417;670;670,5;645;638,2;-0,5;6,79999;47,8417;47,9839;49,6252;2046,37;47,8417;47,4406;41,9171;155,631;13,1489;670;670,2;40,5745;670;670,2;645;636,1;-0,200012;8,90002;40,5745;40,742;44,3164;1670,58;40,5745;40,4324;36,325;132,574;12,6011
10.10.2025 00:08:56.820000;0;0;670;670,8;83,9821;670;670,8;645;616,5;-0,799988;28,5;83,9821;83,7654;68,9455;3354,68;83,9821;84,128;59,382;275,944;12,1571;670;670,8;66,3193;670;670,8;645;613,8;-0,799988;31,2;66,3193;67,7956;2666,78;66,6387;66,3193;217,819;66,4541;48,2606;12,2431;58,863;670,3;670;670,3;670;645;619,2;-0,299988;25,8;58,863;59,0969;60,8383;2421,85;58,863;58,5904;43,4142;192,115;12,6063;670;670,6;52,8955;670;670,7;645;628,7;-0,700012;16,3;52,8955;52,8738;55,5947;2116,62;52,8955;52,4694;45,1634;172,115;12,2977;670;670,5;47,8388;670;670,5;645;638,2;-0,5;6,79999;47,8388;47,9361;49,688;2044,46;47,8388;47,531;41,9328;155,994;13,106;670;670,2;40,5738;670;670,2;645;636,1;-0,200012;8,90002;40,5738;40,7705;44,2964;1671,11;40,5738;40,4544;36,3188;132,718;12,5914
10.10.2025 00:08:57.320000;0;0;670;670,8;83,977;670;670,8;645;616,5;-0,799988;28,5;83,977;84,0045;68,8464;3361,36;83,977;84,1506;59,4481;276,014;12,1782;670;670,8;66,3142;670;670,8;645;613,9;-0,799988;31,1;66,3142;67,6847;2669,34;66,6949;66,3142;217,104;66,2294;48,2739;12,2952;59,0423;670,1;670;670,1;670;645;619;-0,0999756;26;59,0423;59,1175;60,8997;2422,38;59,0423;58,5651;43,5128;192,145;12,607;670;670,6;52,8913;670;670,6;645;628,9;-0,599976;16,1;52,8913;52,8382;55,5944;2116,13;52,8913;52,4477;45,1611;172,067;12,2983;670;670,5;47,8359;670;670,4;645;638;-0,400024;7;47,8359;47,9099;49,6876;2041,9;47,8359;47,5993;41,9151;156,074;13,0829;670;670,2;40,573;670;670,2;645;636,1;-0,200012;8,90002;40,573;40,7084;44,323;1669,2;40,573;40,4324;36,3287;132,58;12,5902
10.10.2025 00:08:57.820000;0;0;670;670,8;83,9719;670;670,8;645;616,5;-0,799988;28,5;83,9719;83,8018;68,9715;3351,49;83,9719;84,1807;59,3557;276,126;12,1376;670;670,8;66,3091;670;670,8;645;614;-0,799988;31;66,3091;67,6136;2676,71;66,791;66,3091;216,471;66,0287;48,3524;12,3652;59,0423;669,9;670;669,9;670;645;619;0,0999756;26;59,0423;59,0528;60,8997;2419,73;59,0423;58,5329;43,5506;191,937;12,6069;670;670,6;52,8876;670;670,6;645;629;-0,599976;16;52,8876;52,9148;55,5944;2118,24;52,8876;52,5018;45,194;172,18;12,3024;670;670,5;47,8333;670;670,5;645;638;-0,5;7;47,8333;47,8349;49,6876;2038,42;47,8333;47,6417;41,9075;156,342;13,0382;670;670,2;40,5723;670;670,2;645;636,1;-0,200012;8,90002;40,5723;40,7241;44,3124;1670,17;40,5723;40,4475;36,3259;132,681;12,5879
10.10.2025 00:08:58.320000;0;0;670;670,8;83,9669;670;670,8;645;616,5;-0,799988;28,5;83,9669;83,8204;68,9996;3352,72;83,9669;84,2159;59,3279;276,224;12,1377;670;670,8;66,304;670;670,8;645;614;-0,799988;31;66,304;67,5198;2677,99;66,9151;66,304;215,929;65,8564;48,4373;12,4022;59,0423;669,9;670;669,9;670;645;618,9;0,0999756;26,1;59,0423;58,9726;60,8998;2417,72;59,0423;58,626;43,51;192,293;12,5731;670;670,5;52,9736;670;670,5;645;629;-0,5;16;52,9736;52,8632;55,6006;2115,37;52,9736;52,4932;45,2102;172,178;12,286;670;670,4;47,9203;670;670,4;645;638;-0,400024;7;47,9203;47,7446;49,7274;2035,83;47,9203;47,735;41,8722;156,571;13,0026;670;670,2;40,5714;670;670,2;645;636,1;-0,200012;8,90002;40,5714;40,6847;44,3287;1668,23;40,5714;40,4156;36,3406;132,55;12,5857
10.10.2025 00:08:58.820000;0;0;670;670,9;83,8715;670;670,9;645;616,4;-0,900024;28,6;83,8715;83,6071;69,1462;3344,82;83,8715;84,2446;59,2038;276,348;12,1037;670;670,7;66,3891;670;670,7;645;614,1;-0,700012;30,9;66,3891;67,449;2684,54;67,0707;66,3891;215,447;65,7242;48,5524;12,4603;59,0423;670;670;670;670;645;618,8;0;26,2;59,0423;58,9828;60,8998;2418,93;59,0423;58,6786;43,5065;192,492;12,5664;670;670,4;53,0611;670;670,4;645;629;-0,400024;16;53,0615;53,0235;55,5951;2122,75;53,0611;52,476;45,315;172,121;12,3328;670;670,5;47,8279;670;670,5;645;638;-0,5;7;47,8279;47,6319;49,7436;2031,02;47,8279;47,799;41,8445;156,797;12,9532;670;670,2;40,5707;670;670,2;645;636,1;-0,200012;8,90002;40,5707;40,6918;44,3235;1667,89;40,5707;40,4481;36,3304;132,7;12,5688
10.10.2025 00:08:59.320000;0;0;670;670,9;83,8657;670;670,9;645;616,3;-0,900024;28,7;83,8657;83,7072;69,1231;3351,87;83,8657;84,2322;59,2135;276,269;12,1326;670;670,6;66,4752;670;670,6;645;614,1;-0,599976;30,9;66,4752;67,5665;2676,02;66,8618;66,4752;215,175;65,6062;48,6782;12,4365;59,0423;670;670;670;670;645;618,8;0;26,2;59,0423;58,9978;60,8998;2419,71;59,0423;58,784;43,4839;192,94;12,5413;670;670,3;53,1497;670;670,3;645;628,9;-0,299988;16,1;53,1497;53,085;55,5954;2125,69;53,1497;52,5061;45,3426;172,31;12,3364;670;670,4;47,915;670;670,4;645;637,9;-0,400024;7,09998;47,915;47,5614;49,7895;2028,02;47,915;47,8339;41,7944;156,895;12,9259;670;670,2;40,5696;670;670,2;645;636;-0,200012;9;40,5696;40,6848;44,3223;1667,92;40,5696;40,4047;36,348;132,514;12,5867
10.10.2025 00:08:59.820000;0;0;670;670,9;83,8601;670;670,9;645;616,3;-0,900024;28,7;83,8601;84,0323;68,9774;3363,76;83,8601;84,2355;59,2899;276,254;12,1763;670;670,6;66,4716;670;670,6;645;614,1;-0,599976;30,9;66,4716;67,4683;2682,51;67,0119;66,4716;215,2;65,6018;48,7302;12,4652;59,0423;670,1;670;670,1;670;645;618,8;-0,0999756;26,2;59,0423;59,0969;60,8998;2422,97;59,0423;58,8462;43,4841;193,016;12,5532;670;670,1;53,329;670;670,1;645;628,7;-0,0999756;16,3;53,329;53,061;55,683;2123,29;53,329;52,6232;45,3221;172,63;12,2997;670;670,4;47,9128;670;670,4;645;637,9;-0,400024;7,09998;47,9128;47,6473;49,7989;2031,36;47,9128;47,8571;41,8104;156,958;12,942;670;670,3;40,4783;670;670,3;645;636;-0,299988;9;40,4783;40,696;44,2674;1668,7;40,4783;40,4475;36,3244;132,655;12,5792
10.10.2025 00:09:00.320000;0;0;670;670,9;83,8543;670;670,9;645;616,3;-0,900024;28,7;83,8543;84,1575;68,9272;3366,21;83,8543;84,1904;59,2532;276,144;12,19;670;670,6;66,4679;670;670,6;645;614;-0,599976;31;66,4679;67,4384;2678,71;67,0088;66,4679;215,41;65,6424;48,7629;12,4354;59,0423;670;670;670;670;645;618,8;0;26,2;59,0423;59,2265;60,8511;2428,45;59,0423;58,9141;43,4618;193,264;12,5654;670;669,9;53,329;670;669,9;645;628,6;0,0999756;16,4;53,329;53,1692;55,6357;2128,1;53,329;52,6949;45,3612;172,878;12,3098;670;670,4;47,9107;670;670,4;645;637,8;-0,400024;7,20001;47,9107;47,7025;49,7794;2034,51;47,9107;47,862;41,8242;156,962;12,9618;670;670,2;40,5671;670;670,2;645;636;-0,200012;9;40,5671;40,7541;44,2738;1670,6;40,5671;40,3935;36,3543;132,491;12,6092
10.10.2025 00:09:00.820000;0;0;670;670,9;83,8473;670;670,9;645;616,2;-0,900024;28,8;83,8473;83,8943;69,0232;3357,12;83,8473;84,1765;59,2372;276,099;12,1591;670;670,5;66,5539;670;670,5;645;614;-0,5;31;66,5539;67,6449;2665,04;66,5993;66,5539;216,044;65,8671;48,7584;12,3356;59,0423;670;670;670;670;645;618,9;0;26,1;59,0423;59,1795;60,8741;2426,36;59,0423;58,8997;43,4694;193,191;12,5594;670;669,6;53,5998;670;669,6;645;628,5;0,400024;16,5;53,5998;53,1379;55,704;2126,85;53,5998;52,7156;45,3642;172,894;12,3014;670;670,4;47,9085;670;670,4;645;637,8;-0,400024;7,20001;47,9085;47,8004;49,7329;2038,69;47,9085;47,8631;41,8471;156,978;12,9871;670;670,2;40,5664;670;670,2;645;636;-0,200012;9;40,5664;40,7771;44,2556;1671,54;40,5664;40,4061;36,3538;132,532;12,6123
10.10.2025 00:09:01.320000;0;0;670;671;83,7511;670;671;645;616,2;-1;28,8;83,7511;83,9577;68,9886;3361,28;83,7511;84,1467;59,1938;276,001;12,1785;670;670,4;66,6412;670;670,4;645;613,8;-0,400024;31,2;66,6412;67,6912;2657,96;66,4504;66,6412;216,821;66,0845;48,6591;12,2588;59,0423;670;670;670;670;645;619;0;26;59,0423;59,2519;60,8347;2428,85;59,0423;58,9254;43,4618;193,288;12,5659;670;669,4;53,7821;670;669,4;645;628,5;0,599976;16,5;53,7821;53,2612;55,752;2131,62;53,7821;52,7493;45,4241;173,043;12,3184;670;670,4;47,9063;670;670,4;645;637,8;-0,400024;7,20001;47,9063;47,8874;49,7286;2042,4;47,9063;47,8186;41,8471;156,819;13,0239;670;670,2;40,5653;670;670,2;645;636,1;-0,200012;8,90002;40,5653;40,7884;44,2401;1672,48;40,5653;40,3541;36,3773;132,336;12,6382
10.10.2025 00:09:01.820000;0;0;670;670,9;83,8349;670;670,9;645;616,2;-0,900024;28,8;83,8349;84,2417;68,9257;3371,02;83,8349;84,1042;59,2277;275,862;12,2199;670;670,3;66,7291;670;670,3;645;613,6;-0,299988;31,4;66,7291;67,6493;2665,24;66,6044;66,7291;217,414;66,2729;48,6603;12,2588;59,0423;670,1;670;670,1;670;645;618,9;-0,0999756;26,1;59,0423;59,2244;60,8449;2428,2;59,0423;58,8749;43,4841;193,097;12,575;670;669,3;53,876;670;669,3;645;628,4;0,700012;16,6;53,876;53,2864;55,9004;2132,31;53,876;52,7967;45,4428;173,16;12,3141;670;670,4;47,9041;670;670,4;645;637,7;-0,400024;7,29999;47,9041;47,9552;49,7286;2044,01;47,9041;47,819;41,8471;156,833;13,033;670;670,3;40,4741;670;670,3;645;636,1;-0,299988;8,90002;40,4741;40,7815;44,1881;1672,04;40,4741;40,3583;36,344;132,401;12,6286
10.10.2025 00:09:02.320000;0;0;670;670,8;83,9197;670;670,8;645;616,1;-0,799988;28,9;83,9197;84,4838;68,7787;3381,18;83,9197;84,0723;59,2672;275,744;12,262;670;670,3;66,7277;670;670,3;645;613,5;-0,299988;31,5;66,7277;67,6495;2671,58;66,7428;66,7277;217,849;66,4017;48,6736;12,2635;59,0423;670,1;670;670,1;670;645;618,9;-0,0999756;26,1;59,0423;59,3098;60,7953;2431,54;59,0423;58,9097;43,4742;193,237;12,5832;670;669,2;53,9705;670;669,2;645;628,3;0,799988;16,7;53,9705;53,4568;55,8889;2139,13;53,9705;52,8237;45,5309;173,275;12,3453;670;670,4;47,902;670;670,4;645;637,7;-0,400024;7,29999;47,902;48,0086;49,7255;2046,77;47,902;47,8147;41,8471;156,807;13,0528;670;670,3;40,4727;670;670,3;645;636,1;-0,299988;8,90002;40,4727;40,8081;44,1601;1672,65;40,4727;40,3188;36,3609;132,233;12,6493
10.10.2025 00:09:02.820000;0;0;670;670,8;83,9146;670;670,8;645;616,1;-0,799988;28,9;83,9146;84,3583;68,797;3373,28;83,9146;84,0222;59,2835;275,593;12,2401;670;670,3;66,7262;670;670,3;645;613,5;-0,299988;31,5;66,7262;67,6495;2669,99;66,7231;66,7262;218,201;66,5089;48,6399;12,2364;59,0423;670,1;670;670,1;670;645;619;-0,0999756;26;59,0423;59,2986;60,7902;2430,92;59,0423;58,8841;43,4869;193,114;12,588;670;669,3;53,8852;670;669,3;645;628,3;0,700012;16,7;53,8852;53,4411;55,8803;2139,14;53,8852;52,861;45,5417;173,384;12,3376;670;670,3;47,99;670;670,3;645;637,7;-0,299988;7,29999;47,99;47,9566;49,7286;2044,87;47,99;47,813;41,8649;156,852;13,0369;670;670,2;40,5613;670;670,2;645;636,1;-0,200012;8,90002;40,5613;40,7458;44,1788;1670,74;40,5613;40,3409;36,3549;132,344;12,6242
10.10.2025 00:09:03.320000;0;0;670;670,8;83,9095;670;670,8;645;616,1;-0,799988;28,9;83,9095;84,0556;68,9123;3363,41;83,9095;84,0364;59,275;275,639;12,2022;670;670,3;66,7248;670;670,3;645;613,4;-0,299988;31,6;66,7248;67,6495;2667,57;66,6425;66,7248;218,49;66,5892;48,5984;12,2091;59,0423;670,1;670;670,1;670;645;619;-0,0999756;26;59,0423;59,3031;60,7772;2431;59,0423;58,921;43,4758;193,3;12,5763;670;669,2;53,9799;670;669,2;645;628,2;0,799988;16,8;53,9799;53,5856;55,8741;2143,96;53,9799;52,8742;45,6309;173,428;12,3623;670;670,3;47,9886;670;670,3;645;637,7;-0,299988;7,29999;47,9886;47,8825;49,7319;2041,71;47,9886;47,83;41,848;156,87;13,0153;670;670,2;40,5606;670;670,2;645;636;-0,200012;9;40,5606;40,6405;44,2619;1665,94;40,5606;40,3107;36,4105;132,193;12,6023
10.10.2025 00:09:03.820000;0;0;670;670,8;83,9044;670;670,8;645;616,1;-0,799988;28,9;83,9044;83,9831;68,9123;3360,67;83,9044;84,056;59,2627;275,727;12,1884;670;670,3;66,7233;670;670,3;645;613,3;-0,299988;31,7;66,7233;67,6495;2672,83;66,7782;66,7233;218,771;66,6989;48,5984;12,2175;59,0423;670,1;670;670,1;670;645;619;-0,0999756;26;59,0423;59,1908;60,8282;2427,14;59,0423;58,9093;43,4815;193,208;12,5623;670;669,2;53,985;670;669,2;645;628,2;0,799988;16,8;53,985;53,557;55,9104;2141,54;53,985;52,8782;45,6571;173,439;12,3475;670;670,3;47,9874;670;670,3;645;637,7;-0,299988;7,29999;47,9874;47,9761;49,7305;2045,54;47,9874;47,8457;41,8606;156,933;13,0345;670;670,1;40,6502;670;670,2;645;636;-0,200012;9;40,6502;40,6015;44,2619;1664,34;40,6502;40,342;36,4248;132,321;12,5781
10.10.2025 00:09:04.320000;0;0;670;670,7;83,99;670;670,7;645;616;-0,700012;29;83,99;83,8475;68,9744;3354,28;83,99;84,0659;59,2314;275,736;12,1648;670;670,3;66,7219;670;670,3;645;613,3;-0,299988;31,7;66,7219;67,6495;2670,35;66,716;66,7219;218,947;66,7522;48,5984;12,1963;59,0423;670,1;670;670,1;670;645;619,1;-0,0999756;25,9;59,0423;59,221;60,8068;2424,73;59,0423;58,9354;43,4731;193,321;12,5425;670;669,1;54,0806;670;669,1;645;628,1;0,900024;16,9;54,0806;53,5971;55,9641;2146,18;54,0806;52,9123;45,6949;173,578;12,3644;670;670,4;47,8959;670;670,4;645;637,8;-0,400024;7,20001;47,8959;47,9266;49,7297;2043,75;47,8959;47,8094;41,8579;156,802;13,0339;670;670,2;40,5595;670;670,2;645;636;-0,200012;9;40,5595;40,5824;44,2619;1663,72;40,5595;40,3059;36,4319;132,191;12,5858
10.10.2025 00:09:04.820000;0;0;670;670,7;83,9856;670;670,7;645;616;-0,700012;29;83,9856;83,5848;69,1336;3344,73;83,9856;84,0918;59,1001;275,808;12,127;670;670,2;66,8106;670;670,2;645;613,3;-0,200012;31,7;66,8106;67,7337;2661,2;66,5474;66,8106;219,146;66,809;48,5311;12,1435;59,0423;670,1;670;670,1;670;645;619,1;-0,0999756;25,9;59,0423;58,6859;60,9789;2405,48;59,0423;58,9136;43,4177;193,237;12,4484;670;669,2;53,9958;670;669,2;645;628,1;0,799988;16,9;53,9958;53,5961;55,9379;2144,06;53,9958;52,9373;45,7273;173,647;12,3472;670;670,5;47,8035;670;670,5;645;637,8;-0,5;7,20001;47,8035;47,8132;49,7297;2038,91;47,8035;47,8382;41,8511;156,922;12,9932;670;670,2;40,5593;670;670,2;645;636;-0,200012;9;40,5593;40,589;44,2619;1664,15;40,5593;40,3227;36,4365;132,271;12,5813
10.10.2025 00:09:05.320000;0;0;670;670,8;83,8912;670;670,8;645;616;-0,799988;29;83,8912;83,9713;68,9467;3366,75;83,8912;84,0723;59,2453;275,725;12,2105;670;670,1;66,9001;670;670,1;645;613,3;-0,0999756;31,7;66,9001;67,7942;2663,04;66,5454;66,9001;219,257;66,8521;48,4976;12,1457;59,0423;670;670;670;670;645;619,3;0;25,7;59,0423;58,8725;60,8968;2415,05;59,0423;58,9528;43,4648;193,374;12,489;670;669,3;53,9108;670;669,3;645;628;0,700012;17;53,9108;53,6046;55,9542;2144,42;53,9108;53,0234;45,7321;173,939;12,3286;670;670,6;47,7104;670;670,6;645;637,9;-0,599976;7,09998;47,7104;47,8474;49,7297;2041,01;47,7104;47,8343;41,8417;156,829;13,0143;670;670,2;40,559;670;670,2;645;636;-0,200012;9;40,559;40,5776;44,2619;1663,68;40,559;40,2679;36,4771;132,076;12,5964
10.10.2025 00:09:05.820000;0;0;670;670,8;83,8861;670;670,8;645;615,9;-0,799988;29,1;83,8861;83,9743;68,9462;3359,36;83,8861;84,0367;59,2233;275,64;12,1875;670;670,1;66,9001;670;670,1;645;613,3;-0,0999756;31,7;66,9001;67,8025;2664,2;66,5623;66,9001;218,891;66,7547;48,5309;12,1713;59,0423;670;670;670;670;645;619,3;0;25,7;59,0423;59,006;60,8631;2419,73;59,0423;58,9224;43,4648;193,253;12,5211;670;669,3;53,9151;670;669,3;645;627,9;0,700012;17,1;53,9151;53,6445;55,9036;2147,13;53,9151;53,1108;45,7432;174,204;12,3254;670;670,7;47,6164;670;670,6;645;637,9;-0,599976;7,09998;47,6164;47,8369;49,7297;2040,57;47,6164;47,8475;41,796;156,953;13,0011;670;670,1;40,6486;670;670,1;645;636;-0,0999756;9;40,6486;40,5375;44,2675;1661,72;40,6486;40,3129;36,4547;132,226;12,5673
10.10.2025 00:09:06.320000;0;0;670;670,9;83,7907;670;670,9;645;615,9;-0,900024;29,1;83,7907;83,6696;69,0954;3344,92;83,7907;84,0548;59,1211;275,7;12,1325;670;670,1;66,9001;670;670,1;645;613,2;-0,0999756;31,8;66,9001;67,7737;2664,87;66,639;66,9001;218,268;66,5647;48,5673;12,2092;59,0423;670,1;670;670,1;670;645;619,3;-0,0999756;25,7;59,0423;59,0783;60,8631;2422,05;59,0423;58,9711;43,4648;193,425;12,5219;670;669,4;53,8293;670;669,4;645;627,8;0,599976;17,2;53,8293;53,7409;55,8274;2150,66;53,8293;53,175;45,785;174,478;12,3262;670;670,6;47,7027;670;670,6;645;638;-0,599976;7;47,7027;47,8855;49,7297;2042,95;47,7027;47,8685;41,8167;157,009;13,0117;670;670,2;40,5584;670;670,2;645;636;-0,200012;9;40,5584;40,5451;44,2632;1662,51;40,5584;40,2944;36,4731;132,153;12,5802
10.10.2025 00:09:06.820000;0;0;670;670,9;83,7849;670;670,9;645;616,1;-0,900024;28,9;83,7849;83,4889;69,2408;3341,05;83,7849;84,1075;58,9971;275,911;12,1092;670;670,1;66,9001;670;670,1;645;613,2;-0,0999756;31,8;66,9001;67,8352;2662,08;66,5413;66,9001;217,618;66,3664;48,5999;12,2328;59,0423;669,9;670;669,9;670;645;619,4;0,0999756;25,6;59,0423;59,1284;60,8628;2426,02;59,0423;58,9489;43,4648;193,327;12,5488;670;669,5;53,7425;670;669,5;645;627,6;0,5;17,4;53,7425;53,8297;55,8274;2154,82;53,7425;53,231;45,7925;174,598;12,3416;670;670,6;47,6991;670;670,6;645;638;-0,599976;7;47,6991;47,8702;49,7297;2041,2;47,6991;47,8695;41,8107;157,038;12,9982;670;670,1;40,6482;670;670,1;645;636;-0,0999756;9;40,6482;40,5542;44,2633;1663,04;40,6482;40,3541;36,4617;132,387;12,562
10.10.2025 00:09:07.320000;0;0;670;671;83,6887;670;671;645;616,1;-1;28,9;83,6887;83,5342;69,2645;3343,02;83,6887;84,1343;58,9694;275,961;12,1141;670;670,1;66,9001;670;670,1;645;613,2;-0,0999756;31,8;66,9001;67,8136;2665,44;66,6172;66,9001;217,231;66,2367;48,6914;12,2701;59,1327;669,8;670;669,8;670;645;619,5;0,200012;25,5;59,1327;59,3513;60,7984;2433,4;59,1327;58,9994;43,479;193,532;12,5736;670;669,7;53,5648;670;669,7;645;627,4;0,299988;17,6;53,5648;53,9248;55,7356;2158,02;53,5648;53,2463;45,7761;174,688;12,3536;670;670,7;47,6048;670;670,7;645;638,1;-0,700012;6,90002;47,6048;47,826;49,7297;2039,66;47,6048;47,8966;41,7519;157,063;12,9862;670;670,2;40,5577;670;670,2;645;636;-0,200012;9;40,5577;40,6049;44,2633;1664,96;40,5577;40,3146;36,4866;132,233;12,5911
10.10.2025 00:09:07.820000;0;0;670;671;83,6822;670;671;645;616,2;-1;28,8;83,6822;83,4843;69,3112;3340,71;83,6822;84,1171;58,9239;275,879;12,1093;670;670,1;66,9001;670;670,1;645;613,2;-0,0999756;31,8;66,9001;67,9701;2652,49;66,3416;66,9001;216,852;66,1211;48,6422;12,2318;59,1334;669,8;670;669,8;670;645;619,5;0,200012;25,5;59,1334;59,0384;60,8557;2419,13;59,1334;58,9815;43,4676;193,459;12,5046;670;669,8;53,4758;670;669,9;645;627,3;0,0999756;17,7;53,4758;53,7395;55,7247;2150,76;53,4758;53,3262;45,6818;174,935;12,2946;670;670,7;47,6004;670;670,7;645;638,1;-0,700012;6,90002;47,6004;47,7151;49,79;2034,13;47,6004;47,9293;41,7238;157,208;12,9391;670;670,3;40,4666;670;670,3;645;636,1;-0,299988;8,90002;40,4666;40,605;44,2434;1664,33;40,4666;40,3667;36,436;132,416;12,569
10.10.2025 00:09:08.320000;0;0;670;671;83,6757;670;671,1;645;616,4;-1,09998;28,6;83,6757;83,8679;69,1105;3358,29;83,6757;84,0566;58,9999;275,706;12,1807;670;670,1;66,9001;670;670,1;645;613,3;-0,0999756;31,7;66,9001;68,1447;2644,14;66,069;66,9001;216,462;66,0061;48,5967;12,2153;59,0436;669,9;670;670;670;645;619,7;0;25,3;59,0436;59,0904;60,8565;2423,19;59,0436;59,0272;43,4676;193,622;12,515;670;670;53,3859;670;670;645;627,2;0;17,8;53,3859;53,7797;55,6523;2151,73;53,3859;53,4033;45,6627;175,176;12,2832;670;670,8;47,506;670;670,8;645;638,1;-0,799988;6,90002;47,506;47,7234;49,7876;2034,74;47,506;47,9165;41,7117;157,153;12,9475;670;670,3;40,4651;670;670,3;645;636,1;-0,299988;8,90002;40,4651;40,6008;44,2424;1665,27;40,4651;40,3188;36,4555;132,233;12,5935
10.10.2025 00:09:08.820000;0;0;670;671,1;83,5785;670;671,1;645;616,4;-1,09998;28,6;83,5785;84,0589;69,0667;3361,94;83,5785;84,018;58,9547;275,528;12,2018;670;670,1;66,9001;670;670,1;645;613,4;-0,0999756;31,6;66,9001;68,1339;2647,15;66,1683;66,9001;216,193;65,9283;48,6607;12,2444;59,0436;670,1;670;670,1;670;645;619,7;-0,0999756;25,3;59,0436;59,1264;60,8564;2423,39;59,0436;59,0159;43,4676;193,559;12,5201;670;670;53,3859;670;670;645;627,1;0;17,9;53,3859;53,6786;55,7094;2149,44;53,3859;53,4429;45,6627;175,293;12,262;670;670,9;47,4107;670;670,9;645;638,1;-0,900024;6,90002;47,4107;47,7819;49,7682;2037,28;47,4107;47,9286;41,6123;157,244;12,9562;670;670,4;40,3736;670;670,4;645;636,1;-0,400024;8,90002;40,3736;40,5887;44,2451;1663,5;40,3736;40,3857;36,4387;132,529;12,5519
10.10.2025 00:09:09.320000;0;0;670;671,1;83,5712;670;671,1;645;616,4;-1,09998;28,6;83,5712;83,9101;69,0667;3358,23;83,5712;83,9105;58,9758;275,188;12,2034;670;670,2;66,81;670;670,2;645;613,5;-0,200012;31,5;66,81;68,1457;2651,59;66,2233;66,81;216,035;65,872;48,7174;12,2739;58,7725;670,4;670;670,4;670;645;619,6;-0,400024;25,4;58,7725;58,9866;60,8564;2417,81;58,7725;59,0694;43,3877;193,748;12,4792;670;670,2;53,2958;670;670,2;645;627,1;-0,200012;17,9;53,2958;53,6475;55,7332;2144,2;53,2958;53,477;45,6627;175,456;12,2207;670;670,9;47,4049;670;670,9;645;638,2;-0,900024;6,79999;47,4049;47,7933;49,7702;2038,39;47,4049;47,9354;41,5784;157,228;12,9645;670;670,5;40,2811;670;670,4;645;636,2;-0,400024;8,79999;40,2811;40,5576;44,2055;1662,38;40,2811;40,3613;36,4387;132,385;12,5572
10.10.2025 00:09:09.820000;0;0;670;671,1;83,564;670;671,2;645;616,4;-1,20001;28,6;83,564;83,8311;69,0667;3354,59;83,564;83,7957;59,0062;274,798;12,2074;670;670,3;66,719;670;670,3;645;613,6;-0,299988;31,4;66,719;68,0397;2653,18;66,303;66,719;215,903;65,828;48,7901;12,2888;58,6803;670,5;670;670,5;670;645;619,6;-0,5;25,4;58,6803;59,1192;60,8565;2424,85;58,6803;59,0568;43,3786;193,694;12,519;670;670,3;53,205;670;670,3;645;627;-0,299988;18;53,205;53,4754;55,768;2138,91;53,205;53,5467;45,5944;175,633;12,1783;670;670,9;47,3991;670;670,9;645;638,3;-0,900024;6,70001;47,3991;47,8867;49,7502;2042,37;47,3991;47,966;41,5343;157,367;12,9784;670;670,4;40,3688;670;670,4;645;636,2;-0,400024;8,79999;40,3688;40,5389;44,2459;1661,93;40,3688;40,4312;36,4387;132,64;12,5296
10.10.2025 00:09:10.320000;0;0;670;671,1;83,5564;670;671,1;645;616,4;-1,09998;28,6;83,5564;83,7158;69,0667;3349,97;83,5564;83,665;59,0486;274,366;12,2099;670;670,3;66,7175;670;670,3;645;613,7;-0,299988;31,3;66,7175;67,8998;2667,54;66,6059;66,7175;215,816;65,8103;48,952;12,3602;58,587;670,6;670;670,7;670;645;619,6;-0,700012;25,4;58,587;59,0446;60,8565;2421,31;58,587;59,0977;43,2688;193,838;12,4914;670;670,4;53,1133;670;670,4;645;627;-0,400024;18;53,1133;53,2923;55,8549;2131,59;53,1133;53,5561;45,5013;175,649;12,1355;670;670,8;47,4836;670;670,8;645;638,3;-0,799988;6,70001;47,4836;47,868;49,7502;2040,61;47,4836;47,9596;41,5408;157,254;12,9765;670;670,4;40,3666;670;670,4;645;636,1;-0,400024;8,90002;40,3666;40,5241;44,2436;1662,1;40,3666;40,4128;36,4387;132,526;12,5417
10.10.2025 00:09:10.820000;0;0;670;671;83,6392;670;671;645;616,3;-1;28,7;83,6392;83,861;68,9581;3357,86;83,6392;83,5237;59,0513;273,932;12,258;670;670,3;66,7161;670;670,3;645;613,7;-0,299988;31,3;66,7161;67,894;2672,47;66,8129;66,7161;215,975;65,8305;49,0398;12,3739;58,4927;670,7;670;670,7;670;645;619,5;-0,700012;25,5;58,4927;59,1161;60,8527;2423,92;58,4927;59,0086;43,2369;193,458;12,5294;670;670,4;53,1111;670;670,4;645;627;-0,400024;18;53,1111;53,2407;55,8821;2131,92;53,1111;53,5338;45,4868;175,552;12,1441;670;670,8;47,4786;670;670,8;645;638,3;-0,799988;6,70001;47,4786;47,8193;49,7502;2039,97;47,4786;47,8671;41,5542;156,978;12,9952;670;670,4;40,3644;670;670,3;645;636,1;-0,299988;8,90002;40,3644;40,5507;44,2483;1663,4;40,3644;40,4695;36,4368;132,779;12,5276
10.10.2025 00:09:11.320000;0;0;670;670,8;83,8128;670;670,8;645;616,4;-0,799988;28,6;83,8128;84,2151;68,8045;3371,87;83,8128;83,4014;59,1096;273,467;12,3301;670;670,3;66,7146;670;670,3;645;613,7;-0,299988;31,3;66,7146;67,8911;2677,25;66,8205;66,7146;216,638;66,0013;49,0185;12,3581;58,3982;670,8;670;670,8;670;645;619,5;-0,799988;25,5;58,3982;59,09;60,839;2424,61;58,3982;58,9598;43,1925;193,337;12,5409;670;670,4;53,109;670;670,4;645;627,2;-0,400024;17,8;53,109;53,4118;55,7903;2138,45;53,109;53,4848;45,486;175,456;12,1879;670;670,8;47,4735;670;670,8;645;638,3;-0,799988;6,70001;47,4735;47,9403;49,7206;2043,54;47,4735;47,7827;41,5687;156,624;13,0474;670;670,3;40,4529;670;670,3;645;636;-0,299988;9;40,4529;40,6066;44,2205;1665,17;40,4529;40,4435;36,4384;132,629;12,5551
10.10.2025 00:09:11.820000;0;0;670;670,7;83,898;670;670,7;645;616,5;-0,700012;28,5;83,898;84,3969;68,8175;3377,7;83,898;83,27;59,2926;273,074;12,3692;670;670,3;66,7132;670;670,4;645;613,7;-0,400024;31,3;66,7132;67,7942;2685,52;66,9992;66,7132;217,427;66,2416;48,9547;12,3514;58,4836;670,7;670;670,7;670;645;619,3;-0,700012;25,7;58,4836;59,1089;60,7576;2425,06;58,4836;58,8318;43,2535;192,904;12,5713;670;670,3;53,1972;670;670,3;645;627,4;-0,299988;17,6;53,1972;53,4319;55,7903;2137,97;53,1972;53,482;45,5053;175,395;12,1894;670;670,8;47,4684;670;670,8;645;638,4;-0,799988;6,59998;47,4684;47,9286;49,6549;2042,4;47,4684;47,6545;41,6088;156,281;13,0687;670;670,3;40,4516;670;670,3;645;636,1;-0,299988;8,90002;40,4516;40,5508;44,245;1662,75;40,4516;40,511;36,4384;132,915;12,5099
10.10.2025 00:09:12.320000;0;0;670;670,6;83,9846;670;670,6;645;616,5;-0,599976;28,5;83,9846;84,5242;68,7294;3383,92;83,9846;83,1781;59,3584;272,747;12,4068;670;670,4;66,6215;670;670,4;645;613,7;-0,400024;31,3;66,6215;67,6871;2683,75;67,0869;66,6215;218,064;66,4399;48,8504;12,3072;58,4801;670,7;670;670,7;670;645;619,3;-0,700012;25,7;58,4801;59,2378;60,6636;2430,03;58,4801;58,7992;43,253;192,874;12,599;670;670,2;53,2864;670;670,2;645;627,5;-0,200012;17,5;53,2864;53,4478;55,7903;2138,11;53,2864;53,4691;45,5386;175,392;12,1905;670;670,8;47,4643;670;670,8;645;638,4;-0,799988;6,59998;47,4643;47,9106;49,6186;2042,58;47,4643;47,5829;41,6328;155,969;13,096;670;670,3;40,4505;670;670,3;645;636,1;-0,299988;8,90002;40,4505;40,5622;44,245;1662,09;40,4505;40,4866;36,4384;132,732;12,5222
10.10.2025 00:09:12.820000;0;0;670;670,4;84,1606;670;670,4;645;616,6;-0,400024;28,4;84,1606;84,5577;68,8089;3385,58;84,1606;83,0136;59,5941;272,182;12,4387;670;670,4;66,6189;670;670,4;645;613,5;-0,400024;31,5;66,6189;67,776;2680,51;66,942;66,6189;218,848;66,6905;48,8186;12,2483;58,5651;670,6;670;670,6;670;645;619,2;-0,599976;25,8;58,5651;59,167;60,629;2424,73;58,5651;58,7131;43,3066;192,476;12,5976;670;670,3;53,195;670;670,3;645;627,6;-0,299988;17,4;53,195;53,4052;55,7903;2137,22;53,195;53,43;45,5094;175,199;12,1988;670;670,7;47,5483;670;670,7;645;638,4;-0,700012;6,59998;47,5483;47,91;49,5338;2042,24;47,5483;47,4576;41,6398;155,61;13,1241;670;670,3;40,4487;670;670,3;645;636,1;-0,299988;8,90002;40,4487;40,5079;44,245;1659,55;40,4487;40,5219;36,4384;132,963;12,4813
10.10.2025 00:09:13.320000;0;0;670;670,3;84,2485;670;670,3;645;616,6;-0,299988;28,4;84,2485;84,7965;68,662;3395,14;84,2485;82,8766;59,7225;271,771;12,4926;670;670,5;66,5262;670;670,5;645;613,5;-0,5;31,5;66,5262;67,7174;2684,94;67,1366;66,5262;219,13;66,7963;48,7454;12,2527;58,5615;670,6;670;670,6;670;645;619;-0,599976;26;58,5615;59,1715;60,5716;2426,19;58,5615;58,6504;43,325;192,36;12,6127;670;670,3;53,1935;670;670,3;645;627,7;-0,299988;17,3;53,1935;53,5525;55,7589;2143,43;53,1935;53,3908;45,517;175,096;12,2415;670;670,7;47,5439;670;670,6;645;638,4;-0,599976;6,59998;47,5439;47,9466;49,5412;2043,96;47,5439;47,3793;41,6679;155,289;13,1624;670;670,2;40,5376;670;670,2;645;636,1;-0,200012;8,90002;40,5376;40,4613;44,245;1659,07;40,5376;40,4905;36,4384;132,783;12,4946
10.10.2025 00:09:13.820000;0;0;670;670,2;84,3376;670;670,2;645;616,7;-0,200012;28,3;84,3376;84,8484;68,7006;3392,9;84,3376;82,7959;59,8965;271,519;12,496;670;670,6;66,4337;670;670,6;645;613,4;-0,599976;31,6;66,4337;67,7175;2684,69;67,1024;66,4337;219,021;66,7826;48,7041;12,2577;58,6489;670,5;670;670,5;670;645;618,9;-0,5;26,1;58,6489;58,9771;60,6504;2415,66;58,6489;58,59;43,325;192,111;12,5743;670;670,3;53,1924;670;670,2;645;627,8;-0,200012;17,2;53,1924;53,6244;55,706;2144,61;53,1924;53,3697;45,5204;175,04;12,2521;670;670,6;47,631;670;670,6;645;638,3;-0,599976;6,70001;47,631;47,9085;49,5922;2041,98;47,631;47,2957;41,7455;155,13;13,1631;670;670,3;40,447;670;670,3;645;636,1;-0,299988;8,90002;40,447;40,4306;44,2483;1657,82;40,447;40,5207;36,4384;132,959;12,4686
10.10.2025 00:09:14.320000;0;0;670;670;84,4272;670;670;645;616,7;0;28,3;84,4272;84,6156;68,8484;3386,94;84,4272;82,7513;60,0497;271,428;12,4782;670;670,7;66,3399;670;670,7;645;613,4;-0,700012;31,6;66,3399;67,559;2693;67,2902;66,3399;218,697;66,6905;48,7254;12,3139;58,7365;670,4;670;670,4;670;645;618,8;-0,400024;26,2;58,7365;58,8336;60,7588;2412,5;58,7365;58,5956;43,3434;192,222;12,5506;670;670,3;53,1915;670;670,3;645;627,9;-0,299988;17,1;53,1915;53,5104;55,7301;2142,39;53,1915;53,3203;45,5497;174,906;12,2488;670;670,5;47,7178;670;670,5;645;638,2;-0,5;6,79999;47,7178;47,8319;49,6678;2037,64;47,7178;47,2422;41,8215;154,931;13,1519;670;670,3;40,4455;670;670,3;645;636,1;-0,299988;8,90002;40,4455;40,4253;44,2451;1657,28;40,4455;40,5101;36,4384;132,837;12,4761
10.10.2025 00:09:14.820000;0;0;670;669,9;84,4272;670;669,9;645;616,8;0,0999756;28,2;84,4272;84,5711;68,8651;3384,51;84,4272;82,8172;60,1267;271,727;12,4556;670;670,8;66,2455;670;670,8;645;613,4;-0,799988;31,6;66,2455;67,5633;2683,46;67,1236;66,2455;218,329;66,5921;48,7137;12,2909;58,7343;670,4;670;670,3;670;645;618,7;-0,299988;26,3;58,7343;58,7601;60,7588;2410,28;58,7343;58,556;43,3613;192,048;12,5504;670;670,3;53,1901;670;670,3;645;628;-0,299988;17;53,1901;53,5791;55,7022;2145,62;53,1901;53,3473;45,5238;174,951;12,2641;670;670,5;47,7149;670;670,4;645;638,1;-0,400024;6,90002;47,7149;47,7225;49,6745;2035,52;47,7149;47,2027;41,8627;154,797;13,1496;670;670,2;40,5343;670;670,2;645;636,1;-0,200012;8,90002;40,5343;40,4921;44,2451;1660,49;40,5343;40,5216;36,4384;132,973;12,4874
10.10.2025 00:09:15.320000;0;0;670;669,7;84,6079;670;669,7;645;616,8;0,299988;28,2;84,6079;84,5254;68,8844;3382,69;84,6079;82,9817;60,1982;272,308;12,4223;670;670,8;66,2404;670;670,9;645;613,3;-0,900024;31,7;66,2404;67,6327;2671,92;66,8032;66,2404;217,908;66,4551;48,7194;12,2617;58,8228;670,3;670;670,3;670;645;618,6;-0,299988;26,4;58,8228;58,7607;60,7588;2410,63;58,8228;58,5364;43,3875;192,012;12,5545;670;670,3;53,1886;670;670,3;645;628,1;-0,299988;16,9;53,1886;53,5471;55,6832;2140,98;53,1886;53,2964;45,5411;174,812;12,2473;670;670,3;47,8929;670;670,3;645;638,1;-0,299988;6,90002;47,8929;47,7642;49,6892;2038,1;47,8929;47,1636;41,9278;154,696;13,1748;670;670,3;40,4431;670;670,3;645;636,1;-0,299988;8,90002;40,4431;40,5308;44,2451;1661,92;40,4431;40,5059;36,4383;132,795;12,5149
10.10.2025 00:09:15.820000;0;0;670;669,4;84,8809;670;669,4;645;616,9;0,599976;28,1;84,8809;84,5733;68,9943;3383,8;84,8809;83,2908;60,1829;273,335;12,3797;670;670,9;66,1447;670;670,9;645;613,3;-0,900024;31,7;66,1447;67,6432;2665,03;66,6552;66,1447;217,52;66,3522;48,7137;12,2519;58,8214;670,3;670;670,3;670;645;618,7;-0,299988;26,3;58,8214;58,9911;60,7233;2418,32;58,8214;58,4958;43,4402;191,802;12,6084;670;670,3;53,1872;670;670,3;645;628,1;-0,299988;16,9;53,1872;53,4029;55,7551;2137,45;53,1872;53,3105;45,5336;174,858;12,2239;670;670,2;47,9815;670;670,2;645;638;-0,200012;7;47,9815;47,8093;49,6748;2039,23;47,9815;47,1382;41,993;154,575;13,1925;670;670,4;40,3515;670;670,4;645;636,1;-0,400024;8,90002;40,3515;40,4961;44,2451;1660,66;40,3515;40,5116;36,4383;132,891;12,4964
10.10.2025 00:09:16.320000;0;0;670;669,4;84,8848;670;669,5;645;617;0,5;28;84,8848;84,8151;68,9;3395,72;84,8848;83,6285;60,2194;274,461;12,3723;670;671;66,0484;670;671;645;613,3;-1;31,7;66,0484;67,591;2667,82;66,6049;66,0484;217,133;66,2245;48,7209;12,2866;58,7297;670,4;670;670,4;670;645;618,7;-0,400024;26,3;58,7297;59,0073;60,6632;2420,58;58,7297;58,482;43,4249;191,867;12,6159;670;670,3;53,1857;670;670,3;645;628,2;-0,299988;16,8;53,1857;53,4866;55,7074;2138,56;53,1857;53,2968;45,5374;174,796;12,2346;670;670,1;48,0713;670;670,1;645;637,9;-0,0999756;7,09998;48,0713;47,9189;49,7047;2045,82;48,0713;47,1639;42,0681;154,719;13,2228;670;670,4;40,3493;670;670,4;645;636,1;-0,400024;8,90002;40,3493;40,5073;44,2451;1660,73;40,3493;40,471;36,4267;132,664;12,5184
10.10.2025 00:09:16.820000;0;0;670;669,5;84,7978;670;669,6;645;617;0,400024;28;84,7978;84,9349;68,8809;3403,55;84,7978;83,9216;60,1573;275,43;12,3572;670;671;66,0419;670;670,9;645;613,3;-0,900024;31,7;66,0419;67,4203;2669,43;66,761;66,0419;216,714;66,0948;48,7493;12,3178;58,7275;670,4;670;670,4;670;645;618,7;-0,400024;26,3;58,7275;58,9765;60,6672;2418,52;58,7275;58,5129;43,4196;191,897;12,6032;670;670,3;53,1843;670;670,3;645;628,3;-0,299988;16,7;53,1843;53,5144;55,6753;2141,27;53,1843;53,269;45,5414;174,658;12,2598;670;670;48,0713;670;670;645;637,9;0;7,09998;48,0713;47,9081;49,7119;2041,2;48,0713;47,2967;42,0531;155,287;13,1447;670;670,4;40,3467;670;670,4;645;636,1;-0,400024;8,90002;40,3467;40,5449;44,2451;1662,34;40,3467;40,4472;36,4351;132,667;12,5302
10.10.2025 00:09:17.320000;0;0;670;669,7;84,6199;670;669,7;645;617,1;0,299988;27,9;84,6199;85,1059;68,6906;3404;84,6199;84,1232;60,0454;276,027;12,3321;670;670,9;66,126;670;670,9;645;613,3;-0,900024;31,7;66,126;67,5398;2660,15;66,5051;66,126;216,243;65,9513;48,781;12,3016;58,8157;670,3;670;670,2;670;645;618,7;-0,200012;26,3;58,8157;58,9182;60,736;2415,65;58,8157;58,5337;43,4558;192,029;12,5796;670;670,2;53,2733;670;670,2;645;628,4;-0,200012;16,6;53,2733;53,549;55,6499;2143,3;53,2733;53,1762;45,5414;174,379;12,291;670;670;48,0713;670;670;645;637,8;0;7,20001;48,0713;47,9306;49,7053;2043,76;48,0713;47,5249;42,0018;155,882;13,111;670;670,4;40,3445;670;670,4;645;636,1;-0,400024;8,90002;40,3445;40,5724;44,1896;1663,63;40,3445;40,3658;36,4349;132,361;12,5688
10.10.2025 00:09:17.820000;0;0;670;669,9;84,4409;670;669,9;645;617,1;0,0999756;27,9;84,4409;84,9301;68,6698;3398,4;84,4409;84,2696;59,9359;276,496;12,291;670;670,9;66,1201;670;670,9;645;613,4;-0,900024;31,6;66,1201;67,4754;2665,93;66,5896;66,1201;215,866;65,8358;48,8333;12,3499;58,9049;670,2;670;670,2;670;645;618,7;-0,200012;26,3;58,9049;58,9075;60,737;2415,05;58,9049;58,5242;43,5108;191,897;12,5852;670;670,3;53,1821;670;670,3;645;628,4;-0,299988;16,6;53,1821;53,5157;55,6051;2140,36;53,1821;53,1316;45,5417;174,234;12,2844;670;670;48,0713;670;670;645;637,8;0;7,20001;48,0713;47,9275;49,7098;2043,95;48,0713;47,6449;41,9649;156,341;13,0737;670;670,4;40,3424;670;670,4;645;636,1;-0,400024;8,90002;40,3424;40,5527;44,1984;1662,66;40,3424;40,3767;36,4349;132,461;12,5521
10.10.2025 00:09:18.320000;0;0;670;670;84,4409;670;670;645;617,2;0;27,8;84,4409;84,8145;68,7049;3392,66;84,4409;84,3856;59,9087;276,875;12,2534;670;670,9;66,1132;670;670,9;645;613,4;-0,900024;31,6;66,1132;67,3528;2671,51;66,761;66,1132;215,601;65,732;48,8911;12,391;58,9947;670,1;670;670,1;670;645;618,7;-0,0999756;26,3;58,9947;58,7278;60,8265;2407,84;58,9947;58,569;43,4368;192,106;12,5339;670;670,4;53,0902;670;670,4;645;628,5;-0,400024;16,5;53,0902;53,4118;55,6451;2136,69;53,0902;53,0939;45,5417;174,142;12,2698;670;670;48,0713;670;670;645;637,8;0;7,20001;48,0713;47,9794;49,6901;2046;48,0713;47,8108;41,9281;156,827;13,0463;670;670,4;40,3399;670;670,4;645;636,2;-0,400024;8,79999;40,3399;40,5408;44,1603;1662,65;40,3399;40,2992;36,4349;132,151;12,5814
10.10.2025 00:09:18.820000;0;0;670;670;84,4409;670;670;645;617,2;0;27,8;84,4409;85,0509;68,602;3402,28;84,4409;84,5091;59,9087;277,28;12,2702;670;671;66,0173;670;671;645;613,5;-1;31,5;66,0173;67,2777;2674,64;66,8394;66,0173;215,404;65,6718;48,9335;12,4169;58,9947;670,1;670;670,1;670;645;618,8;-0,0999756;26,2;58,9947;58,6946;60,8504;2406,48;58,9947;58,556;43,4358;192,064;12,5296;670;670,4;53,0881;670;670,4;645;628,5;-0,400024;16,5;53,0881;53,3229;55,635;2134,25;53,0881;53,0928;45,5417;174,131;12,2565;670;670;48,0713;670;670;645;637,7;0;7,29999;48,0713;47,9708;49,6905;2045,31;48,0713;47,9194;41,9024;157,214;13,0097;670;670,4;40,3377;670;670,4;645;636,2;-0,400024;8,79999;40,3377;40,5713;44,1561;1662,94;40,3377;40,3375;36,4349;132,307;12,5688
10.10.2025 00:09:19.320000;0;0;670;670;84,4409;670;670;645;617,3;0;27,7;84,4409;84,89;68,7047;3393,44;84,4409;84,5952;59,8852;277,481;12,2294;670;670,9;66,1011;670;670,9;645;613,5;-0,900024;31,5;66,1023;67,2877;2675,45;66,7517;66,1023;215,234;65,6248;48,9656;12,4305;58,9947;670,1;670;670,1;670;645;618,8;-0,0999756;26,2;58,9947;58,8272;60,7929;2412,39;58,9947;58,6687;43,4468;192,433;12,5363;670;670,5;52,9957;670;670,5;645;628,5;-0,5;16,5;52,9957;53,3369;55,616;2134,17;52,9957;53,0881;45,5417;174,142;12,2554;670;670;48,0713;670;670;645;637,7;0;7,29999;48,0713;47,9145;49,7207;2043,24;48,0713;48,0284;41,8967;157,546;12,9691;670;670,4;40,3355;670;670,4;645;636,2;-0,400024;8,79999;40,3355;40,5371;44,1653;1662,02;40,3355;40,2704;36,4349;132,061;12,5853
10.10.2025 00:09:19.820000;0;0;670;670,1;84,4409;670;670,1;645;617,4;-0,0999756;27,6;84,4409;84,3509;68,8852;3375,23;84,4409;84,616;59,834;277,541;12,1612;670;670,9;66,0953;670;670,9;645;613,6;-0,900024;31,4;66,0953;67,191;2673,89;66,8432;66,0953;215,253;65,6336;48,9891;12,4221;58,9947;670;670;670;670;645;618,7;0;26,3;58,9947;58,8248;60,7975;2410,22;58,9947;58,6782;43,4462;192,452;12,5238;670;670,5;52,9928;670;670,5;645;628,5;-0,5;16,5;52,9928;53,3406;55,6287;2134,96;52,9928;53,1327;45,5246;174,275;12,2505;670;670;48,0713;670;670;645;637,7;0;7,29999;48,0713;47,8346;49,7882;2039,67;48,0713;48,1159;41,8251;157,872;12,9198;670;670,3;40,4241;670;670,3;645;636,2;-0,299988;8,79999;40,4241;40,5257;44,2134;1661,39;40,4241;40,2989;36,4476;132,206;12,5667
10.10.2025 00:09:20.320000;0;0;670;670,1;84,4409;670;670,1;645;617,4;-0,0999756;27,6;84,4409;84,1964;68,9552;3369,04;84,4409;84,5744;59,7744;277,404;12,1449;670;670,8;66,1798;670;670,8;645;613,6;-0,799988;31,4;66,1798;67,2589;2669,4;66,7195;66,1798;215,131;65,5965;49,0639;12,4083;58,9947;670;670;670;670;645;618,8;0;26,2;58,9947;58,8238;60,8036;2410,98;58,9947;58,7079;43,4353;192,587;12,5189;670;670,5;52,9899;670;670,5;645;628,5;-0,5;16,5;52,9899;53,2482;55,6584;2130,46;52,9899;53,1116;45,5303;174,219;12,2286;670;670;48,0713;670;669,9;645;637,7;0,0999756;7,29999;48,0713;47,9626;49,779;2044,81;48,0713;48,2046;41,8296;158,124;12,9317;670;670,3;40,4226;670;670,3;645;636,2;-0,299988;8,79999;40,4226;40,6117;44,1663;1664,92;40,4226;40,2939;36,4499;132,138;12,5999
10.10.2025 00:09:20.820000;0;0;670;670,3;84,2603;670;670,3;645;617,4;-0,299988;27,6;84,2603;84,161;68,9958;3368,43;84,2603;84,5816;59,7367;277,389;12,1433;670;670,9;66,0841;670;670,9;645;613,6;-0,900024;31,4;66,0841;67,1013;2675,55;66,87;66,0841;215,258;65,6195;49,0451;12,4295;58,9947;670;670;670;670;645;618,5;0;26,5;58,9947;58,7692;60,8363;2409,38;58,9947;58,7035;43,4291;192,535;12,514;670;670,6;52,8965;670;670,6;645;628,4;-0,599976;16,6;52,8965;53,1391;55,6764;2126,42;52,8965;53,1112;45,4882;174,205;12,2064;670;670;48,0713;670;670;645;637,7;0;7,29999;48,0713;47,891;49,8259;2042,71;48,0713;48,2003;41,7886;158,084;12,9217;670;670,3;40,4212;670;670,3;645;636,2;-0,299988;8,79999;40,4212;40,5577;44,1884;1663,34;40,4212;40,3406;36,4397;132,368;12,566
10.10.2025 00:09:21.320000;0;0;670;670,5;84,0783;670;670,5;645;617,4;-0,5;27,6;84,0783;84,3459;68,8988;3375,99;84,0783;84,5476;59,7354;277,303;12,1743;670;670,9;66,0783;670;670,8;645;613,6;-0,799988;31,4;66,0783;67,0796;2673,18;66,8187;66,0783;215,736;65,7575;49,0076;12,391;58,9947;669,9;670;669,9;670;645;618,5;0,0999756;26,5;58,9947;58,8638;60,793;2413,58;58,9947;58,7357;43,4423;192,679;12,5264;670;670,6;52,8929;670;670,6;645;628,4;-0,599976;16,6;52,8929;53,1961;55,6764;2128,7;52,8929;53,112;45,4791;174,207;12,2193;670;670;48,0713;670;670;645;637,8;0;7,20001;48,0713;47,9637;49,751;2045,33;48,0713;48,107;41,8464;157,74;12,9665;670;670,3;40,4197;670;670,3;645;636,2;-0,299988;8,79999;40,4197;40,5941;44,165;1664,2;40,4197;40,3137;36,4422;132,229;12,5857
10.10.2025 00:09:21.820000;0;0;670;670,5;84,0754;670;670,5;645;617,4;-0,5;27,6;84,0754;84,2602;68,9422;3370;84,0754;84,5404;59,6776;277,267;12,1543;670;670,8;66,1632;670;670,8;645;613,6;-0,799988;31,4;66,1632;67,258;2660,73;66,4996;66,1632;216,521;65,989;48,9596;12,2885;59,0852;669,8;670;669,8;670;645;618,4;0,200012;26,6;59,0852;58,9278;60,8102;2418,28;59,0852;58,7205;43,4766;192,603;12,5558;670;670,6;52,8892;670;670,6;645;628,5;-0,599976;16,5;52,8892;53,3168;55,6371;2134,32;52,8892;53,1398;45,4574;174,286;12,2461;670;669,9;48,0713;670;669,9;645;637,8;0,0999756;7,20001;48,0713;48,0645;49,7296;2048,83;48,0713;47,9429;41,8722;157,214;13,0321;670;670,3;40,4187;670;670,3;645;636,2;-0,299988;8,79999;40,4187;40,552;44,2002;1662,63;40,4187;40,3728;36,4562;132,448;12,5531
10.10.2025 00:09:22.320000;0;0;670;670,6;83,9824;670;670,6;645;617,4;-0,599976;27,6;83,9824;83,8705;69,1314;3353,6;83,9824;84,4907;59,5906;277,142;12,1007;670;670,8;66,1581;670;670,8;645;613,6;-0,799988;31,4;66,1581;67,2849;2659,15;66,4403;66,1581;217,154;66,1819;48,9307;12,2455;59,0859;669,8;670;669,8;670;645;618,3;0,200012;26,7;59,0859;59,1185;60,7819;2423,19;59,0859;58,7722;43,5337;192,773;12,5702;670;670,6;52,8856;670;670,6;645;628,6;-0,599976;16,4;52,8856;53,3409;55,6148;2133,28;52,8856;53,1327;45,4492;174,275;12,2409;670;669,9;48,0713;670;669,9;645;637,8;0,0999756;7,20001;48,0713;47,9973;49,7296;2046,61;48,0713;47,8026;41,9035;156,754;13,0562;670;670,3;40,4172;670;670,3;645;636,3;-0,299988;8,70001;40,4172;40,5684;44,1732;1663,46;40,4172;40,3146;36,4432;132,219;12,5811
10.10.2025 00:09:22.820000;0;0;670;670,7;83,8887;670;670,7;645;617,5;-0,700012;27,5;83,8887;83,5642;69,3248;3345,02;83,8887;84,4796;59,4237;277,029;12,0746;670;670,9;66,063;670;670,9;645;613,6;-0,900024;31,4;66,063;67,3449;2661,21;66,5118;66,063;217,798;66,3899;48,8734;12,2188;58,9964;669,9;670;669,9;670;645;618,3;0,0999756;26,7;58,9964;59,1654;60,747;2425,58;58,9964;58,7452;43,5217;192,684;12,5884;670;670,5;52,9722;670;670,5;645;628,6;-0,5;16,4;52,9722;53,0988;55,6677;2125,62;52,9722;53,137;45,4724;174,302;12,195;670;669,8;48,1614;670;669,8;645;637,8;0,200012;7,20001;48,1614;48;49,7296;2047,68;48,1614;47,7129;41,9506;156,498;13,0844;670;670,2;40,5063;670;670,2;645;636,3;-0,200012;8,70001;40,5063;40,6027;44,1968;1664,71;40,5063;40,3501;36,4673;132,387;12,5746
10.10.2025 00:09:23.320000;0;0;670;670,7;83,8843;670;670,7;645;617,5;-0,700012;27,5;83,8843;83,9182;69,1446;3358,71;83,8843;84,3964;59,5442;276,802;12,134;670;670,9;66,0572;670;670,9;645;613,6;-0,900024;31,4;66,0572;67,2579;2670,29;66,7386;66,0572;217,997;66,4566;48,791;12,2492;58,9964;669,9;670;669,9;670;645;618,3;0,0999756;26,7;58,9964;59,0898;60,7807;2423,21;58,9964;58,7575;43,5272;192,756;12,5714;670;670,6;52,8791;670;670,6;645;628,6;-0,599976;16,4;52,8791;53,2635;55,6385;2131,53;52,8791;53,1065;45,4438;174,194;12,2365;670;669,8;48,1621;670;669,8;645;637,8;0,200012;7,20001;48,1621;48,0746;49,7299;2050,06;48,1621;47,6318;42,0314;156,198;13,1247;670;670,3;40,4151;670;670,3;645;636,3;-0,299988;8,70001;40,4151;40,5949;44,154;1663,75;40,4151;40,3204;36,4463;132,216;12,5836
10.10.2025 00:09:23.820000;0;0;670;670,7;83,88;670;670,7;645;617,5;-0,700012;27,5;83,88;84,509;68,9232;3384,59;83,88;84,325;59,5455;276,56;12,2382;670;670,9;66,0513;670;670,9;645;613,6;-0,900024;31,4;66,0513;67,3113;2661,39;66,5681;66,0513;217,806;66,412;48,7871;12,2191;58,9964;669,9;670;669,9;670;645;618,2;0,0999756;26,8;58,9964;59,1344;60,7593;2424,19;58,9964;58,7753;43,5281;192,796;12,5739;670;670,7;52,785;670;670,7;645;628,6;-0,700012;16,4;52,785;53,2852;55,6312;2132,53;52,785;53,1202;45,3894;174,247;12,2385;670;669,8;48,1629;670;669,8;645;637,8;0,200012;7,20001;48,1629;48,071;49,7299;2049,58;48,1629;47,5513;42,0879;155,968;13,141;670;670,2;40,5042;670;670,2;645;636,3;-0,200012;8,70001;40,5042;40,5872;44,1925;1663,28;40,5042;40,361;36,4676;132,423;12,5604
10.10.2025 00:09:24.320000;0;0;670;670,7;83,8756;670;670,7;645;617,7;-0,700012;27,3;83,8756;84,7485;68,7339;3391,3;83,8756;84,2298;59,5619;276,248;12,2763;670;670,9;66,0455;670;670,9;645;613,5;-0,900024;31,5;66,0455;67,3658;2649,19;66,1873;66,0455;217,558;66,3406;48,7985;12,1769;59,0868;669,8;670;669,8;670;645;618,2;0,200012;26,8;59,0868;59,0676;60,7771;2421,45;59,0868;58,8254;43,545;192,947;12,5498;670;670,7;52,7807;670;670,7;645;628,6;-0,700012;16,4;52,7807;53,4493;55,5543;2139,95;52,7807;53,1469;45,3608;174,335;12,2749;670;669,8;48,1636;670;669,8;645;637,8;0,200012;7,20001;48,1636;48,1355;49,7299;2053,3;48,1636;47,5232;42,1553;155,876;13,1726;670;670,3;40,4132;670;670,3;645;636,3;-0,299988;8,70001;40,4132;40,5169;44,1906;1661,19;40,4132;40,3643;36,4514;132,382;12,5485
10.10.2025 00:09:24.820000;0;0;670;670,7;83,8713;670;670,7;645;617,7;-0,700012;27,3;83,8713;84,8002;68,6518;3394,64;83,8713;84,1762;59,5664;276,111;12,2945;670;670,9;66,0397;670;670,9;645;613,4;-0,900024;31,6;66,0397;67,3395;2655,72;66,3584;66,0397;217,343;66,2788;48,8096;12,219;59,0875;669,8;670;669,8;670;645;618,2;0,200012;26,8;59,0875;59,0056;60,7771;2419,23;59,0875;58,8184;43,5311;192,924;12,5398;670;670,7;52,7763;670;670,7;645;628,8;-0,700012;16,2;52,7763;53,4733;55,5477;2139,79;52,7763;53,1829;45,3251;174,44;12,2666;670;669,8;48,1643;670;669,8;645;637,8;0,200012;7,20001;48,1643;48,1179;49,7299;2051,26;48,1643;47,5157;42,1863;155,84;13,1626;670;670,4;40,3219;670;670,4;645;636,3;-0,400024;8,70001;40,3219;40,5595;44,166;1663,26;40,3219;40,4077;36,4525;132,577;12,5456
10.10.2025 00:09:25.320000;0;0;670;670,7;83,8669;670;670,7;645;617,7;-0,700012;27,3;83,8669;85,1173;68,4225;3403,97;83,8669;84,1213;59,5742;275,892;12,3381;670;671;65,9436;670;671;645;613,4;-1;31,6;65,9436;67,2852;2656;66,3735;65,9436;216,996;66,1731;48,8062;12,2399;58,9982;669,9;670;669,9;670;645;618,4;0,0999756;26,6;58,9982;58,9128;60,8164;2415,9;58,9982;58,8771;43,4987;193,13;12,5092;670;670,7;52,772;670;670,7;645;628,9;-0,700012;16,1;52,772;53,401;55,5942;2135,94;52,772;53,222;45,2863;174,594;12,2337;670;669,7;48,2551;670;669,7;645;637,9;0,299988;7,09998;48,2551;48,1546;49,7299;2052,7;48,2551;47,5865;42,2055;156,122;13,148;670;670,3;40,4098;670;670,3;645;636,3;-0,299988;8,70001;40,4098;40,6145;44,1183;1665,2;40,4098;40,3767;36,4524;132,423;12,5749
10.10.2025 00:09:25.820000;0;0;670;670,7;83,8625;670;670,7;645;617,8;-0,700012;27,2;83,8625;84,9109;68,438;3396,83;83,8625;84,0523;59,5923;275,64;12,3234;670;671;65,937;670;671;645;613,5;-1;31,5;65,937;67,2266;2653,18;66,3429;65,937;216,592;66,0459;48,8494;12,2497;58,9982;669,9;670;669,9;670;645;618,5;0,0999756;26,5;58,9982;59,037;60,7792;2420,84;58,9982;58,8676;43,5114;193,047;12,5401;670;670,7;52,7676;670;670,7;645;629;-0,700012;16;52,7676;53,3691;55,6189;2135,78;52,7676;53,244;45,2508;174,64;12,2296;670;669,7;48,2565;670;669,7;645;637,9;0,299988;7,09998;48,2565;48,1095;49,7541;2051,55;48,2565;47,7575;42,1446;156,709;13,0915;670;670,4;40,318;670;670,4;645;636,3;-0,400024;8,70001;40,318;40,6105;44,13;1664,23;40,318;40,4108;36,4524;132,547;12,5558
10.10.2025 00:09:26.320000;0;0;670;670,7;83,8582;670;670,7;645;617,8;-0,700012;27,2;83,8582;84,6165;68,5109;3385,22;83,8582;83,9855;59,6136;275,447;12,2899;670;671;65,9305;670;671;645;613,6;-1;31,4;65,9305;67,3166;2643,46;66,0721;65,9305;216,332;65,9665;48,8524;12,2195;58,9982;670;670;670;670;645;618,5;0;26,5;58,9982;58,9937;60,7792;2418,1;58,9982;58,8701;43,5115;193,107;12,5221;670;670,7;52,7633;670;670,7;645;629,1;-0,700012;15,9;52,7633;53,2051;55,6293;2128,58;52,7633;53,1875;45,2486;174,442;12,2022;670;669,6;48,3482;670;669,6;645;637,9;0,400024;7,09998;48,3482;48,139;49,7881;2053,29;48,3482;47,9358;42,0969;157,294;13,0538;670;670,4;40,3158;670;670,4;645;636,3;-0,400024;8,70001;40,3158;40,4927;44,1681;1660,2;40,3158;40,3734;36,4524;132,412;12,5382
10.10.2025 00:09:26.820000;0;0;670;670,9;83,6728;670;670,9;645;617,7;-0,900024;27,3;83,6728;85,0316;68,2357;3401,98;83,6728;83,9406;59,5509;275,274;12,3585;670;671,1;65,8339;670;671,1;645;613,7;-1,09998;31,3;65,8339;67,3176;2638,46;65,9471;65,8339;216,134;65,8985;48,8524;12,2075;58,9982;670,1;670;670,1;670;645;618,5;-0,0999756;26,5;58,9982;58,8862;60,7858;2414,65;58,9982;58,8493;43,5022;193,017;12,5101;670;670,6;52,849;670;670,6;645;629,1;-0,599976;15,9;52,849;53,2044;55,6094;2129,67;52,849;53,065;45,2781;174,031;12,2373;670;669,7;48,26;670;669,7;645;637,9;0,299988;7,09998;48,26;48,1366;49,7492;2052,39;48,26;48,0679;42,0592;157,73;13,012;670;670,3;40,4037;670;670,3;645;636,3;-0,299988;8,70001;40,4037;40,4617;44,1771;1658,77;40,4037;40,396;36,4524;132,527;12,5164
10.10.2025 00:09:27.320000;0;0;670;670,7;83,8476;670;670,7;645;617,7;-0,700012;27,3;83,8476;85,1942;68,0629;3408,97;83,8476;83,893;59,5973;275,169;12,3886;670;671;65,917;670;671;645;613,7;-1;31,3;65,917;67,3064;2642,99;66,0403;65,917;216,146;65,8941;48,8524;12,2278;58,9081;670,2;670;670,2;670;645;618,6;-0,200012;26,4;58,9081;59,0734;60,78;2421,85;58,9081;58,8958;43,5037;193,191;12,536;670;670,6;52,8454;670;670,6;645;629,2;-0,599976;15,8;52,8454;53,2166;55,56;2129,83;52,8454;52,9902;45,3369;173,808;12,254;670;669,7;48,2615;670;669,7;645;637,9;0,299988;7,09998;48,2615;48,1029;49,7697;2050,47;48,2615;48,1889;42,0592;158,15;12,9654;670;670,3;40,4018;670;670,3;645;636,3;-0,299988;8,70001;40,4018;40,4422;44,1744;1657,65;40,4018;40,3369;36,4524;132,279;12,5314
10.10.2025 00:09:27.820000;0;0;670;670,8;83,7526;670;670,8;645;617,7;-0,799988;27,3;83,7526;85,1758;67,9945;3408,4;83,7526;83,8831;59,5979;275,136;12,388;670;671;65,9101;670;671;645;613,7;-1;31,3;65,9101;67,3054;2641,42;66,029;65,9101;216,06;65,8759;48,8524;12,2254;58,9074;670,2;670;670,2;670;645;618,7;-0,200012;26,3;58,9074;58,8114;60,7795;2411,91;58,9074;58,8736;43,5028;193,093;12,4909;670;670,5;52,9321;670;670,5;645;629,3;-0,5;15,7;52,9321;53,2145;55,5325;2130,07;52,9321;52,9522;45,3527;173,606;12,2696;670;669,7;48,2629;670;669,7;645;638;0,299988;7;48,2629;48,0595;49,8177;2048,46;48,2629;48,2996;41,9971;158,461;12,9272;670;670,3;40,4004;670;670,3;645;636,4;-0,299988;8,59998;40,4004;40,4267;44,177;1658,13;40,4004;40,3887;36,4524;132,539;12,5105
10.10.2025 00:09:28.320000;0;0;670;670,8;83,7475;670;670,8;645;617,7;-0,799988;27,3;83,7475;84,9537;68,0286;3396,63;83,7475;83,874;59,5982;275,09;12,3473;670;671;65,9035;670;671;645;613,6;-1;31,4;65,9035;67,3121;2641,89;66,0088;65,9035;215,99;65,8593;48,8524;12,2315;58,9066;670,2;670;670,2;670;645;619,1;-0,200012;25,9;58,9066;58,8956;60,7795;2413,44;58,9066;58,9041;43,5028;193,216;12,4909;670;670,5;52,9292;670;670,5;645;629,2;-0,5;15,8;52,9292;53,2977;55,4653;2133,56;52,9292;52,8692;45,3527;173,357;12,3073;670;669,8;48,1739;670;669,8;645;638;0,200012;7;48,1739;48,0248;49,8719;2045,86;48,1739;48,3498;41,9507;158,637;12,8965;670;670,2;40,489;670;670,2;645;636,3;-0,200012;8,70001;40,489;40,4064;44,177;1658,1;40,489;40,3607;36,4524;132,356;12,5276
10.10.2025 00:09:28.820000;0;0;670;670,9;83,6523;670;670,9;645;617,8;-0,900024;27,2;83,6523;84,6295;68,1377;3384,93;83,6523;83,8635;59,5986;275,072;12,3056;670;670,9;65,9875;670;670,9;645;613,5;-0,900024;31,5;65,9875;67,2922;2646,8;66,1275;65,9875;215,88;65,825;48,8797;12,2605;58,9059;670,2;670;670,2;670;645;619,2;-0,200012;25,8;58,9059;58,8196;60,7795;2411,12;58,9059;58,8775;43,5028;193,131;12,4844;670;670,5;52,9263;670;670,5;645;629,1;-0,5;15,9;52,9263;53,3107;55,4396;2134,56;52,9263;52,8386;45,3527;173,272;12,3191;670;669,8;48,1746;670;669,9;645;638;0,0999756;7;48,1746;48,0631;49,8994;2049,73;48,1746;48,4093;41,9242;158,782;12,909;670;670,2;40,4883;670;670,2;645;636,3;-0,200012;8,70001;40,4883;40,4754;44,177;1659,84;40,4883;40,42;36,4524;132,603;12,5174
10.10.2025 00:09:29.320000;0;0;670;670,8;83,7381;670;670,8;645;617,9;-0,799988;27,1;83,7381;84,3853;68,2239;3376,28;83,7381;83,8478;59,5998;275,021;12,2765;670;670,9;65,9828;670;670,9;645;613,6;-0,900024;31,4;65,9828;67,2277;2652,3;66,245;65,9828;215,842;65,8015;48,8914;12,2882;58,9957;670,1;670;670,1;670;645;619,4;-0,0999756;25,6;58,9957;58,8323;60,8126;2412,28;58,9957;58,9206;43,5028;193,298;12,4796;670;670,4;53,0143;670;670,4;645;629,1;-0,400024;15,9;53,0143;53,343;55,4542;2135,55;53,0143;52,8034;45,3995;173,195;12,3303;670;669,9;48,0847;670;669,9;645;638,1;0,0999756;6,90002;48,0847;48,0476;49,9267;2048,58;48,0847;48,421;41,8986;158,782;12,9018;670;670,3;40,3975;670;670,3;645;636,3;-0,299988;8,70001;40,3975;40,4767;44,177;1660,51;40,3975;40,3848;36,4524;132,372;12,5442
10.10.2025 00:09:29.820000;0;0;670;670,8;83,733;670;670,7;645;618;-0,700012;27;83,733;84,1905;68,2957;3368,97;83,733;83,84;59,6003;274,957;12,2527;670;670,9;65,977;670;670,9;645;613,7;-0,900024;31,3;65,977;67,2497;2646,44;66,1744;65,977;215,765;65,782;48,9025;12,2654;58,9957;670,1;670;670,1;670;645;619,6;-0,0999756;25,4;58,9957;58,8795;60,7917;2415,34;58,9957;58,9089;43,5028;193,195;12,5021;670;670,5;52,9216;670;670,5;645;629;-0,5;16;52,9216;53,3389;55,3929;2134,39;52,9216;52,819;45,3598;173,208;12,3227;670;669,9;48,0847;670;670;645;638,1;0;6,90002;48,0847;48,0398;49,9563;2048,79;48,0847;48,4367;41,8702;158,86;12,8969;670;670,3;40,3956;670;670,3;645;636,3;-0,299988;8,70001;40,3956;40,5305;44,1604;1661,59;40,3956;40,4005;36,4524;132,578;12,533
10.10.2025 00:09:30.320000;0;0;670;670,7;83,8186;670;670,7;645;618;-0,700012;27;83,8186;84,3205;68,1992;3375,13;83,8186;83,771;59,6026;274,73;12,2852;670;670,9;65,9712;670;670,9;645;613,7;-0,900024;31,3;65,9712;67,2053;2649,11;66,2491;65,9712;215,759;65,7762;48,9087;12,2781;58,9957;670;670;670;670;645;619,6;0;25,4;58,9957;58,9894;60,7837;2416,82;58,9957;58,9228;43,5028;193,293;12,5034;670;670,7;52,7377;670;670,7;645;629;-0,700012;16;52,7377;53,3585;55,2884;2134,25;52,7377;52,7783;45,359;173,113;12,3286;670;670,1;48,0847;670;670,1;645;638,2;-0,0999756;6,79999;48,0847;48,1123;49,9086;2050,85;48,0847;48,3844;41,8923;158,611;12,9301;670;670,4;40,3036;670;670,4;645;636,2;-0,400024;8,79999;40,3036;40,5503;44,1425;1662,08;40,3036;40,3876;36,452;132,394;12,5541
10.10.2025 00:09:30.820000;0;0;670;670,7;83,8142;670;670,7;645;618;-0,700012;27;83,8142;84,1984;68,234;3365,61;83,8142;83,7728;59,6026;274,792;12,2478;670;670,9;65,9654;670;670,9;645;613,7;-0,900024;31,3;65,9654;67,1344;2657,39;66,3684;65,9654;215,792;65,7893;48,9067;12,3146;58,9957;670,1;670;670,1;670;645;619,4;-0,0999756;25,6;58,9957;59,0097;60,7837;2421,6;58,9957;58,9124;43,5028;193,235;12,5319;670;670,7;52,7334;670;670,8;645;629;-0,799988;16;52,7334;53,2822;55,3009;2131,18;52,7334;52,7795;45,359;173,094;12,3123;670;670,1;48,0847;670;670,1;645;638,2;-0,0999756;6,79999;48,0847;48,0618;49,858;2047,92;48,0847;48,217;41,9414;158,077;12,9552;670;670,3;40,3918;670;670,4;645;636,2;-0,400024;8,79999;40,3918;40,535;44,1544;1660,81;40,3918;40,4041;36,452;132,566;12,5282
10.10.2025 00:09:31.320000;0;0;670;670,8;83,7197;670;670,8;645;618,1;-0,799988;26,9;83,7197;83,9618;68,3243;3359,5;83,7197;83,7752;59,6026;274,796;12,2254;670;670,9;65,9596;670;670,9;645;613,5;-0,900024;31,5;65,9596;67,0489;2664,94;66,4891;65,9596;215,898;65,8147;48,8983;12,3435;58,9957;670,1;670;670,2;670;645;619,3;-0,200012;25,7;58,9957;59,0087;60,7837;2419,72;58,9957;58,9571;43,5028;193,431;12,5095;670;670,8;52,6384;670;670,8;645;629;-0,799988;16;52,6384;53,231;55,2932;2130,73;52,6384;52,7614;45,3494;173,096;12,3095;670;670,2;47,9944;670;670,2;645;638,2;-0,200012;6,79999;47,9944;47,9684;49,8644;2043,77;47,9944;48,1284;41,9351;157,784;12,953;670;670,4;40,2997;670;670,4;645;636,2;-0,400024;8,79999;40,2997;40,4995;44,1697;1660,96;40,2997;40,4013;36,4503;132,465;12,5388
10.10.2025 00:09:31.820000;0;0;670;670,7;83,8048;670;670,7;645;618;-0,700012;27;83,8048;83,7577;68,366;3350,05;83,8048;83,8086;59,6026;274,957;12,1839;670;670,9;65,9538;670;670,9;645;613,4;-0,900024;31,6;65,9538;66,9167;2669,22;66,6758;65,9538;215,932;65,8368;48,8891;12,3614;58,8148;670,3;670;670,3;670;645;619,3;-0,299988;25,7;58,8148;58,8855;60,7842;2413,18;58,8148;58,9637;43,4825;193,401;12,4776;670;670,9;52,5432;670;670,9;645;629;-0,900024;16;52,5432;53,1188;55,3524;2125,12;52,5432;52,8034;45,3272;173,195;12,2701;670;670,3;47,9034;670;670,3;645;638,2;-0,299988;6,79999;47,9034;47,972;49,8362;2043,9;47,9034;48,0059;41,9561;157,408;12,9847;670;670,5;40,2075;670;670,5;645;636,2;-0,5;8,79999;40,2075;40,5011;44,1686;1660,06;40,2075;40,4318;36,4369;132,706;12,5093
10.10.2025 00:09:32.320000;0;0;670;670,8;83,7091;670;670,8;645;618;-0,799988;27;83,7091;83,4894;68,5349;3339,62;83,7091;83,9069;59,4648;275,253;12,1329;670;670,8;66,0374;670;670,8;645;613,2;-0,799988;31,8;66,0374;67,0026;2664,03;66,5103;66,0374;216,022;65,8525;48,9206;12,3322;58,6322;670,5;670;670,5;670;645;618,9;-0,5;26,1;58,6322;58,8036;60,8532;2410,15;58,6322;59,0326;43,372;193,64;12,4466;670;670,9;52,5362;670;670,9;645;629;-0,900024;16;52,5362;52,9272;55,4493;2116,66;52,5362;52,8277;45,2658;173,288;12,2147;670;670,2;47,9921;670;670,2;645;638,2;-0,200012;6,79999;47,9921;47,9716;49,8362;2045,51;47,9921;47,9586;41,957;157,266;13,0067;670;670,5;40,204;670;670,5;645;636,2;-0,5;8,79999;40,204;40,4939;44,1686;1659,94;40,204;40,4179;36,3942;132,507;12,5272
10.10.2025 00:09:32.820000;0;0;670;670,9;83,6146;670;670,9;645;618;-0,900024;27;83,6146;83,2806;68,6639;3332,07;83,6146;83,9135;59,3559;275,262;12,1051;670;670,8;66,0333;670;670,8;645;613,1;-0,799988;31,9;66,0333;66,9388;2664,87;66,5872;66,0333;216,011;65,8532;48,9228;12,3367;58,6299;670,5;670;670,5;670;645;618,9;-0,5;26,1;58,6299;58,71;60,898;2407,75;58,6299;59,0105;43,364;193,529;12,4413;670;670,8;52,6218;670;670,8;645;629;-0,799988;16;52,6218;52,8507;55,4493;2114,55;52,6218;52,822;45,2924;173,2;12,2087;670;670,2;47,9915;670;670,2;645;638,2;-0,200012;6,79999;47,9915;48,012;49,8362;2046,57;47,9915;47,9103;41,957;157,079;13,0289;670;670,5;40,2017;670;670,6;645;636,2;-0,599976;8,79999;40,2017;40,5416;44,1662;1662,36;40,2017;40,437;36,3799;132,697;12,5275
10.10.2025 00:09:33.320000;0;0;670;671;83,5184;670;671;645;618,1;-1;26,9;83,5184;83,5045;68,5698;3340,56;83,5184;83,8999;59,4246;275,205;12,1384;670;670,6;66,2088;670;670,6;645;612,9;-0,599976;32,1;66,2088;67,006;2660,19;66,494;66,2088;215,999;65,8456;48,9686;12,3157;58,627;670,5;670;670,5;670;645;618,9;-0,5;26,1;58,627;58,8862;60,8145;2415,13;58,627;59,0076;43,346;193,584;12,4759;670;670,8;52,6167;670;670,8;645;628,9;-0,799988;16,1;52,6167;52,8079;55,4493;2111,4;52,6167;52,7924;45,297;173,198;12,1907;670;670,4;47,8098;670;670,3;645;638,3;-0,299988;6,70001;47,8098;48,057;49,7866;2048,99;47,8098;47,8617;41,957;156,948;13,0552;670;670,5;40,1982;670;670,5;645;636,2;-0,5;8,79999;40,1982;40,5952;44,1442;1664,56;40,1982;40,4481;36,3233;132,58;12,5552
10.10.2025 00:09:33.820000;0;0;670;670,9;83,6022;670;670,9;645;618,1;-0,900024;26,9;83,6022;83,533;68,5751;3341,54;83,6022;83,8975;59,4149;275,147;12,1445;670;670,6;66,2052;670;670,6;645;612,8;-0,599976;32,2;66,2052;67,1371;2649,95;66,2621;66,2052;216,02;65,8554;49,0156;12,2671;58,5339;670,6;670;670,6;670;645;618,8;-0,599976;26,2;58,5339;59,0779;60,8041;2422,35;58,5339;58,9942;43,2941;193,489;12,5193;670;670,7;52,702;670;670,7;645;628,9;-0,700012;16,1;52,702;52,7862;55,4493;2112,13;52,702;52,8144;45,3177;173,232;12,1925;670;670,3;47,8983;670;670,3;645;638,3;-0,299988;6,70001;47,8983;48,1279;49,7636;2052,17;47,8983;47,8172;41,957;156,79;13,0886;670;670,5;40,1953;670;670,5;645;636,2;-0,5;8,79999;40,1953;40,5442;44,1568;1660,9;40,1953;40,4312;36,3563;132,68;12,5181
10.10.2025 00:09:34.320000;0;0;670;671;83,5061;670;671;645;618,1;-1;26,9;83,5061;83,453;68,6129;3343,45;83,5061;83,8556;59,3795;275,063;12,1552;670;670,5;66,2919;670;670,5;645;612,8;-0,5;32,2;66,2919;67,1727;2646,3;66,1231;66,2919;216,526;65,9699;48,9485;12,2217;58,5307;670,6;670;670,6;670;645;618,8;-0,599976;26,2;58,5307;59,1098;60,7848;2424,46;58,5307;58,9754;43,316;193,429;12,5341;670;670,7;52,6977;670;670,7;645;628,8;-0,700012;16,2;52,6977;52,714;55,4493;2107,96;52,6977;52,7994;45,3216;173,185;12,1718;670;670,3;47,8968;670;670,3;645;638,3;-0,299988;6,70001;47,8968;48,1276;49,7556;2050,88;47,8968;47,7788;41,965;156,652;13,0919;670;670,5;40,1914;670;670,5;645;636,2;-0,5;8,79999;40,1914;40,5019;44,1633;1660,58;40,1914;40,4089;36,3127;132,541;12,5288
10.10.2025 00:09:34.820000;0;0;670;671;83,4996;670;671,1;645;618,2;-1,09998;26,8;83,4996;83,6272;68,5273;3344,51;83,4996;83,8466;59,3853;275,03;12,1605;670;670,4;66,3792;670;670,4;645;612,8;-0,400024;32,2;66,3792;67,1392;2657,7;66,3639;66,3792;217,149;66,1648;48,9707;12,2391;58,4367;670,7;670;670,7;670;645;618,9;-0,700012;26,1;58,4367;59,1607;60,7094;2424,79;58,4367;58,8884;43,2549;193,051;12,5603;670;670,7;52,6933;670;670,8;645;628,8;-0,799988;16,2;52,6933;52,7816;55,4497;2113,71;52,6933;52,8026;45,3176;173,141;12,208;670;670,4;47,8051;670;670,4;645;638,3;-0,400024;6,70001;47,8051;48,1088;49,7119;2051,04;47,8051;47,7428;41,9598;156,596;13,0976;670;670,5;40,189;670;670,5;645;636,2;-0,5;8,79999;40,189;40,4896;44,1632;1659,87;40,189;40,4312;36,3319;132,666;12,5116
10.10.2025 00:09:35.320000;0;0;670;671,1;83,4024;670;671,2;645;618,2;-1,20001;26,8;83,4024;83,2245;68,7479;3331,11;83,4024;83,8478;59,2507;275,034;12,1116;670;670,3;66,4671;670;670,3;645;612,9;-0,299988;32,1;66,4671;67,1338;2658,98;66,488;66,4671;217,743;66,3498;48,9332;12,2116;58,4323;670,7;670;670,8;670;645;618,8;-0,799988;26,2;58,4323;59,1305;60,6662;2423,55;58,4323;58,7992;43,2692;192,836;12,568;670;670,8;52,5983;670;670,8;645;628,8;-0,799988;16,2;52,5983;52,8922;55,4366;2117,01;52,5983;52,767;45,2906;173,079;12,2315;670;670,2;47,984;670;670,2;645;638,4;-0,200012;6,59998;47,984;48,1394;49,7781;2051,07;47,984;47,7112;42,0345;156,445;13,1105;670;670,4;40,2762;670;670,4;645;636,3;-0,400024;8,70001;40,2762;40,4997;44,1632;1659,67;40,2762;40,4113;36,3288;132,488;12,527
10.10.2025 00:09:35.820000;0;0;670;671,1;83,3949;670;671,2;645;618,1;-1,20001;26,9;83,3949;83,3628;68,707;3337,6;83,3949;83,8478;59,2757;274,993;12,137;670;670,3;66,4657;670;670,2;645;612,9;-0,200012;32,1;66,4657;67,139;2666,21;66,5566;66,4657;218,255;66,5104;48,9332;12,216;58,1569;671;670;671;670;645;618,8;-1;26,2;58,1569;59,0194;60,652;2419,32;58,1569;58,6896;43,1828;192,423;12,5729;670;670,8;52,5922;670;670,8;645;628,7;-0,799988;16,3;52,5922;52,8437;55,4391;2114,59;52,5922;52,7286;45,2985;172,95;12,2266;670;670,2;47,9831;670;670,2;645;638,4;-0,200012;6,59998;47,9831;48,0531;49,8052;2048,98;47,9831;47,6688;42,0675;156,354;13,1048;670;670,5;40,1829;670;670,5;645;636,2;-0,5;8,79999;40,1829;40,48;44,1627;1659,68;40,1829;40,4237;36,3166;132,59;12,5174
10.10.2025 00:09:36.320000;0;0;670;671,3;83,2069;670;671,3;645;618,1;-1,29999;26,9;83,2069;83,6132;68,5742;3344,1;83,2069;83,8053;59,2401;274,843;12,1673;670;670,2;66,5548;670;670,2;645;613;-0,200012;32;66,5548;67,2051;2656,2;66,4344;66,5548;218,734;66,6636;48,8799;12,1435;58,149;671;670;671;670;645;618,8;-1;26,2;58,149;58,863;60,701;2411,47;58,149;58,6156;43,1782;192,259;12,5428;670;670,8;52,5871;670;670,8;645;628,6;-0,799988;16,4;52,5871;52,8286;55,442;2113,99;52,5871;52,7215;45,2973;172,927;12,2248;670;670,2;47,9824;670;670,2;645;638,4;-0,200012;6,59998;47,9824;48,102;49,7952;2051,07;47,9824;47,6499;42,0896;156,292;13,1233;670;670,5;40,18;670;670,5;645;636,2;-0,5;8,79999;40,18;40,5026;44,1438;1660,45;40,18;40,3655;36,3301;132,373;12,5437
10.10.2025 00:09:36.820000;0;0;670;671,3;83,1982;670;671,3;645;618,1;-1,29999;26,9;83,1982;83,6894;68,533;3352,27;83,1982;83,7604;59,1876;274,683;12,2041;670;670,3;66,4636;670;670,3;645;613;-0,299988;32;66,4636;67,3341;2655,42;66,339;66,4636;219,127;66,7914;48,7721;12,1182;58,1438;671;670;671;670;645;618,8;-1;26,2;58,1438;58,8578;60,6265;2416,05;58,1438;58,5203;43,1968;191,857;12,593;670;670,9;52,4917;670;670,9;645;628,5;-0,900024;16,5;52,4928;52,9684;55,3777;2121,5;52,4917;52,7243;45,2528;172,91;12,2694;670;670,2;47,9817;670;670,2;645;638,4;-0,200012;6,59998;47,9817;48,1173;49,784;2052,84;47,9817;47,6332;42,1122;156,237;13,1393;670;670,5;40,1771;670;670,5;645;636,2;-0,5;8,79999;40,1771;40,4754;44,161;1659,65;40,1771;40,4077;36,306;132,563;12,5197
10.10.2025 00:09:37.320000;0;0;670;671,3;83,1895;670;671,3;645;618;-1,29999;27;83,1895;83,8415;68,4943;3354,09;83,1895;83,6665;59,1938;274,4;12,2234;670;670,4;66,3721;670;670,4;645;613,1;-0,400024;31,9;66,3721;67,3741;2654,92;66,4145;66,3721;219,525;66,901;48,7339;12,0939;58,136;671;670;671;670;645;618,9;-1;26,1;58,136;58,8923;60,5426;2413,15;58,136;58,4459;43,2054;191,69;12,5888;670;670,9;52,4859;670;670,9;645;628,3;-0,900024;16,7;52,4859;52,926;55,3609;2116,29;52,4859;52,693;45,2561;172,833;12,2447;670;670,2;47,9809;670;670,2;645;638,4;-0,200012;6,59998;47,9809;48,1065;49,786;2051,26;47,9809;47,6253;42,1319;156,185;13,1335;670;670,5;40,1738;670;670,5;645;636,2;-0,5;8,79999;40,1738;40,4923;44,1388;1660,03;40,1738;40,349;36,3167;132,332;12,5444
10.10.2025 00:09:37.820000;0;0;670;671,2;83,2709;670;671,2;645;618,1;-1,20001;26,9;83,2709;83,896;68,4124;3358,04;83,2709;83,5689;59,2435;274,042;12,2538;670;670,3;66,46;670;670,3;645;613,2;-0,299988;31,8;66,46;67,6182;2645,98;66,123;66,46;219,761;67,0004;48,5257;12,0402;58,0391;671,1;670;671,1;670;645;619;-1,09998;26;58,0391;58,5259;60,6661;2399,56;58,0391;58,3532;43,1907;191,398;12,537;670;670,9;52,48;670;670,9;645;628,2;-0,900024;16,8;52,48;52,8964;55,3722;2117,18;52,48;52,6956;45,245;172,811;12,2514;670;670,2;47,9802;670;670,2;645;638,5;-0,200012;6,5;47,9802;48,0664;49,7983;2048,27;47,9802;47,6434;42,1412;156,253;13,1087;670;670,4;40,2611;670;670,4;645;636,2;-0,400024;8,79999;40,2611;40,525;44,1407;1661,52;40,2611;40,3902;36,3302;132,502;12,5396
10.10.2025 00:09:38.320000;0;0;670;671,1;83,3517;670;671,1;645;618,1;-1,09998;26,9;83,3517;84,0205;68,2936;3362,16;83,3517;83,4969;59,294;273,87;12,2765;670;670,3;66,4585;670;670,3;645;613,1;-0,299988;31,9;66,4585;67,6261;2650,9;66,2101;66,4585;219,741;67,0058;48,5064;12,0638;58,1225;671;670;671;670;645;618,9;-1;26,1;58,1225;58,3826;60,7019;2394,81;58,1225;58,3393;43,2202;191,327;12,5168;670;670,9;52,4742;670;670,9;645;628,1;-0,900024;16,9;52,4742;52,9127;55,3496;2116,07;52,4742;52,6844;45,2404;172,83;12,2437;670;670,3;47,8894;670;670,3;645;638,5;-0,299988;6,5;47,8894;47,9494;49,7983;2043,6;47,8894;47,6325;42,1491;156,235;13,0803;670;670,5;40,1687;670;670,5;645;636,2;-0,5;8,79999;40,1687;40,5356;44,1174;1662,28;40,1687;40,3601;36,303;132,343;12,5604
10.10.2025 00:09:38.820000;0;0;670;671,2;83,254;670;671,2;645;618;-1,20001;27;83,254;83,8109;68,3768;3352,98;83,254;83,4941;59,2502;273,861;12,2434;670;670,3;66,4571;670;670,3;645;613,2;-0,299988;31,8;66,4571;67,5875;2651,69;66,2618;66,4571;219,435;66,9089;48,5277;12,0842;58,206;670,9;670;670,9;670;645;618,9;-0,900024;26,1;58,206;58,6084;60,6031;2403,42;58,206;58,3206;43,2179;191,304;12,5634;670;670,7;52,6492;670;670,7;645;628,1;-0,700012;16,9;52,6492;52,7987;55,4098;2112,63;52,6492;52,7086;45,2599;172,846;12,2227;670;670,4;47,7977;670;670,4;645;638,6;-0,400024;6,40002;47,7977;47,9948;49,7493;2046,02;47,7977;47,6332;42,0987;156,25;13,0946;670;670,6;40,0755;670;670,6;645;636,2;-0,599976;8,79999;40,0755;40,5159;44,1496;1660,99;40,0755;40,4116;36,2367;132,602;12,5262
10.10.2025 00:09:39.320000;0;0;670;671,3;83,1555;670;671,3;645;618;-1,29999;27;83,1555;83,8793;68,3199;3356,83;83,1555;83,4746;59,207;273,809;12,2597;670;670,4;66,3654;670;670,4;645;613,2;-0,400024;31,8;66,3654;67,3566;2667,12;66,6274;66,3654;218,947;66,7718;48,5996;12,1816;58,2002;670,9;670;671;670;645;618,9;-1;26,1;58,2002;58,6219;60,6101;2405,1;58,2002;58,3676;43,2298;191,458;12,562;670;670,7;52,6448;670;670,7;645;628;-0,700012;17;52,6448;52,8105;55,3738;2113,91;52,6448;52,6381;45,279;172,666;12,2428;670;670,4;47,7956;670;670,4;645;638,6;-0,400024;6,40002;47,7956;48,0064;49,7371;2048,11;47,7956;47,6645;42,0883;156,327;13,1015;670;670,6;40,0723;670;670,6;645;636,1;-0,599976;8,90002;40,0723;40,5312;44,1277;1662,58;40,0723;40,3842;36,2334;132,422;12,5552
10.10.2025 00:09:39.820000;0;0;670;671,2;83,2373;670;671,2;645;617,9;-1,20001;27,1;83,2373;84,1814;68,1314;3367,64;83,2373;83,4544;59,2363;273,718;12,3034;670;670,5;66,2727;670;670,5;645;613,3;-0,5;31,7;66,2727;67,2703;2673,09;66,7992;66,2727;218,329;66,5755;48,6243;12,2434;58,1038;671;670;671;670;645;618,9;-1;26,1;58,1038;58,6888;60,5402;2406,24;58,1038;58,3241;43,201;191,303;12,5782;670;670,6;52,7307;670;670,6;645;628;-0,599976;17;52,7307;52,6899;55,4048;2108,11;52,7307;52,6652;45,279;172,755;12,2029;670;670,4;47,7934;670;670,4;645;638,6;-0,400024;6,40002;47,7934;48,0999;49,6777;2050,66;47,7934;47,6642;42,0896;156,338;13,1168;670;670,5;40,1587;670;670,5;645;636,2;-0,5;8,79999;40,1587;40,5757;44,1384;1663,76;40,1587;40,4583;36,1872;132,742;12,5338
10.10.2025 00:09:40.320000;0;0;670;671,1;83,32;670;671,1;645;617,9;-1,09998;27,1;83,32;84,0342;68,1744;3363,19;83,32;83,4601;59,2632;273,736;12,2863;670;670,5;66,2698;670;670,5;645;613,3;-0,5;31,7;66,2698;67,2285;2668,44;66,7404;66,2698;217,923;66,4516;48,6636;12,2449;58,0067;671,1;670;671,1;670;645;618,7;-1,09998;26,3;58,0067;58,7317;60,5117;2408;58,0067;58,3449;43,1424;191,384;12,582;670;670,6;52,7271;670;670,6;645;628;-0,599976;17;52,7271;52,7652;55,4048;2112,23;52,7271;52,6741;45,279;172,784;12,2247;670;670,4;47,7912;670;670,4;645;638,7;-0,400024;6,29999;47,7912;48,1343;49,6452;2051,65;47,7912;47,6495;42,097;156,278;13,1282;670;670,6;40,0652;670;670,6;645;636,1;-0,599976;8,90002;40,0652;40,522;44,1379;1661,4;40,0652;40,4044;36,1898;132,488;12,54
10.10.2025 00:09:40.820000;0;0;670;670,9;83,4938;670;670,8;645;617,9;-0,799988;27,1;83,4938;84,0867;68,1359;3364,49;83,4938;83,4718;59,278;273,788;12,2887;670;670,6;66,1763;670;670,6;645;613,3;-0,599976;31,7;66,1763;67,1622;2672,15;66,737;66,1763;217,55;66,3381;48,6655;12,2829;58,1796;670,9;670;670,9;670;645;618,8;-0,900024;26,2;58,1796;58,7157;60,4805;2408,14;58,1796;58,2979;43,1434;191,204;12,5946;670;670,6;52,7235;670;670,6;645;628,2;-0,599976;16,8;52,7235;52,904;55,3628;2116,69;52,7235;52,7172;45,279;172,912;12,2414;670;670,4;47,789;670;670,4;645;638,8;-0,400024;6,20001;47,789;48,1316;49,6321;2052,52;47,789;47,6652;42,0926;156,316;13,1306;670;670,5;40,1517;670;670,5;645;636,1;-0,5;8,90002;40,1517;40,542;44,1459;1662,06;40,1517;40,4749;36,1797;132,822;12,5135
10.10.2025 00:09:41.320000;0;0;670;670,6;83,7589;670;670,6;645;617,8;-0,599976;27,2;83,7589;84,0483;68,1727;3363,28;83,7589;83,4417;59,2947;273,676;12,2893;670;670,6;66,1727;670;670,6;645;613,3;-0,599976;31,7;66,1727;67,0704;2670,66;66,7637;66,1727;217,207;66,2333;48,6887;12,2955;58,1738;670,9;670;670,9;670;645;618,7;-0,900024;26,3;58,1738;58,626;60,5241;2403,86;58,1738;58,3262;43,199;191,31;12,5653;670;670,6;52,7198;670;670,6;645;628,4;-0,599976;16,6;52,7198;52,8892;55,386;2116,57;52,7198;52,761;45,279;173,069;12,2297;670;670,6;47,6056;670;670,5;645;638,8;-0,5;6,20001;47,6056;48,0867;49,5754;2050,52;47,6056;47,6698;42,0835;156,331;13,1165;670;670,4;40,2389;670;670,4;645;636,1;-0,400024;8,90002;40,2389;40,5657;44,133;1662,71;40,2389;40,4402;36,1771;132,631;12,5364
10.10.2025 00:09:41.820000;0;0;670;670,5;83,8453;670;670,5;645;617,8;-0,5;27,2;83,8453;83,8181;68,3464;3352,63;83,8453;83,4366;59,3809;273,659;12,2511;670;670,6;66,169;670;670,6;645;613,2;-0,599976;31,8;66,169;67,0274;2668,29;66,7286;66,169;216,972;66,154;48,6887;12,2979;58,3489;670,7;670;670,7;670;645;618,7;-0,700012;26,3;58,3489;58,5963;60,5385;2402,95;58,3489;58,3018;43,2184;191,191;12,5683;670;670,5;52,8067;670;670,5;645;628,5;-0,5;16,5;52,8067;52,8666;55,3993;2115,19;52,8067;52,8034;45,279;173,182;12,2137;670;670,5;47,6926;670;670,5;645;638,8;-0,5;6,20001;47,6926;48,1301;49,5451;2052,25;47,6926;47,6887;42,0835;156,432;13,1191;670;670,5;40,1462;670;670,5;645;636,1;-0,5;8,90002;40,1462;40,4716;44,1454;1659,81;40,1462;40,4866;36,1464;132,835;12,4953
10.10.2025 00:09:42.320000;0;0;670;670,4;83,9326;670;670,4;645;617,8;-0,400024;27,2;83,9326;83,8852;68,3466;3356,75;83,9326;83,414;59,4582;273,585;12,2695;670;670,6;66,1654;670;670,6;645;613,2;-0,599976;31,8;66,1654;67,0998;2662,97;66,5395;66,1654;216,862;66,1085;48,6887;12,2796;58,5251;670,5;670;670,5;670;645;618,7;-0,5;26,3;58,5251;58,6747;60,5301;2404,7;58,5251;58,2997;43,2343;191,223;12,5754;670;670,5;52,8038;670;670,5;645;628,6;-0,5;16,4;52,8038;52,9865;55,3564;2120,47;52,8038;52,8015;45,279;173,202;12,2428;670;670,5;47,6897;670;670,5;645;638,8;-0,5;6,20001;47,6897;48,0995;49,5495;2049,83;47,6897;47,7105;42,0835;156,477;13,0998;670;670,5;40,1433;670;670,5;645;636,1;-0,5;8,90002;40,1433;40,4596;44,1454;1659;40,1433;40,4617;36,1385;132,676;12,5042
10.10.2025 00:09:42.820000;0;0;670;670,3;84,0206;670;670,3;645;617,9;-0,299988;27,1;84,0206;84,067;68,3465;3363,06;84,0206;83,4101;59,5412;273,584;12,2926;670;670,6;66,1622;670;670,6;645;613,1;-0,599976;31,9;66,1622;67,0924;2662,12;66,5264;66,1622;216,73;66,0733;48,6913;12,2831;58,7928;670,2;670;670,2;670;645;618,7;-0,200012;26,3;58,7928;58,4663;60,6224;2396,32;58,7928;58,2802;43,2624;191,167;12,5352;670;670,5;52,8009;670;670,5;645;628,7;-0,5;16,3;52,8009;53,1125;55,2846;2125,83;52,8009;52,7858;45,279;173,132;12,2787;670;670,7;47,5063;670;670,7;645;638,8;-0,700012;6,20001;47,5063;47,9592;49,6041;2043,5;47,5063;47,7066;42,0431;156,51;13,0567;670;670,5;40,1404;670;670,5;645;636,1;-0,5;8,90002;40,1404;40,5263;44,1454;1661,9;40,1404;40,493;36,1108;132,874;12,5073
10.10.2025 00:09:43.320000;0;0;670;670,3;84,0192;670;670,3;645;617,8;-0,299988;27,2;84,0192;83,7896;68,4159;3353,88;84,0192;83,3986;59,4778;273,548;12,2607;670;670,5;66,2491;670;670,5;645;613,2;-0,5;31,8;66,2491;67,1224;2659,62;66,5237;66,2491;216,59;66,0375;48,7396;12,2795;58,7921;670,2;670;670,2;670;645;618,6;-0,200012;26,4;58,7921;58,5316;60,6907;2399,64;58,7921;58,3027;43,2864;191,246;12,5474;670;670,3;52,9781;670;670,3;645;628,7;-0,299988;16,3;52,9781;53,2121;55,2164;2129,65;52,9781;52,7728;45,279;173,095;12,3034;670;670,5;47,683;670;670,5;645;638,7;-0,5;6,29999;47,683;47,9325;49,6074;2044,14;47,683;47,7011;42,0793;156,434;13,0671;670;670,4;40,2278;670;670,4;645;636,2;-0,400024;8,79999;40,2278;40,5107;44,1454;1660,94;40,2278;40,4794;36,1353;132,734;12,5133
10.10.2025 00:09:43.820000;0;0;670;670,4;83,9272;670;670,4;645;617,8;-0,400024;27,2;83,9272;83,6357;68,454;3346,92;83,9272;83,3622;59,449;273,441;12,24;670;670,5;66,2462;670;670,5;645;613,3;-0,5;31,7;66,2462;67,1158;2663,82;66,521;66,2462;216,446;65,9974;48,7634;12,3071;58,882;670,1;670;670,1;670;645;618,7;-0,0999756;26,3;58,882;58,7205;60,651;2408,02;58,882;58,2705;43,3883;191,127;12,599;670;670,4;52,8864;670;670,4;645;628,7;-0,400024;16,3;52,8864;53,329;55,1891;2134,01;52,8864;52,7955;45,2838;173,182;12,3223;670;670,4;47,7704;670;670,4;645;638,6;-0,400024;6,40002;47,7704;47,9548;49,6222;2044,47;47,7704;47,7004;42,0793;156,457;13,0673;670;670,5;40,1352;670;670,5;645;636,2;-0,5;8,79999;40,1352;40,5181;44,1454;1661,4;40,1352;40,5415;36,0594;133,002;12,4916
10.10.2025 00:09:44.320000;0;0;670;670,4;83,925;670;670,4;645;617,8;-0,400024;27,2;83,925;83,5959;68,483;3345,01;83,925;83,3354;59,4583;273,34;12,2376;670;670,6;66,1529;670;670,6;645;613,4;-0,599976;31,6;66,1529;67,021;2663,66;66,5768;66,1529;216,267;65,9405;48,7591;12,3165;58,882;670,1;670;670,1;670;645;618,7;-0,0999756;26,3;58,882;58,6258;60,7046;2403,18;58,882;58,3074;43,3557;191,283;12,5635;670;670,3;52,9745;670;670,3;645;628,7;-0,299988;16,3;52,9745;53,3048;55,2242;2133,21;52,9745;52,8127;45,309;173,235;12,3139;670;670,4;47,7683;670;670,4;645;638,6;-0,400024;6,40002;47,7683;47,9178;49,6356;2042,9;47,7683;47,694;42,0793;156,433;13,0593;670;670,4;40,2228;670;670,4;645;636,2;-0,400024;8,79999;40,2228;40,5219;44,1454;1661,24;40,2228;40,476;36,104;132,733;12,5156
10.10.2025 00:09:44.820000;0;0;670;670,2;84,1034;670;670,2;645;617,7;-0,200012;27,3;84,1034;83,4848;68,6032;3341,05;84,1034;83,3179;59,4284;273,244;12,2273;670;670,6;66,1493;670;670,6;645;613,5;-0,599976;31,5;66,1493;66,9573;2667,65;66,6527;66,1493;216,083;65,8828;48,7898;12,3455;58,882;670,1;670;670,1;670;645;618,7;-0,0999756;26,3;58,882;58,589;60,7343;2401,83;58,882;58,3597;43,3312;191,433;12,5466;670;670,3;52,973;670;670,3;645;628,7;-0,299988;16,3;52,973;53,2378;55,2434;2130,84;52,973;52,7791;45,3268;173,09;12,3106;670;670,4;47,7661;670;670,4;645;638,5;-0,400024;6,5;47,7661;47,9172;49,6312;2043,51;47,7661;47,6958;42,0793;156,442;13,0624;670;670,4;40,221;670;670,4;645;636,2;-0,400024;8,79999;40,221;40,5299;44,1454;1661,57;40,221;40,5291;36,0746;132,974;12,4954
10.10.2025 00:09:45.320000;0;0;670;670,2;84,1027;670;670,2;645;617,7;-0,200012;27,3;84,1027;83,8231;68,5019;3356,98;84,1027;83,2806;59,5942;273,16;12,2894;670;670,6;66,1457;670;670,6;645;613,5;-0,599976;31,5;66,1457;66,8796;2670,4;66,7452;66,1457;215,933;65,8451;48,8156;12,3668;58,882;670,1;670;670,1;670;645;618,8;-0,0999756;26,2;58,882;58,714;60,6807;2406,47;58,882;58,455;43,3521;191,745;12,5504;670;670,2;53,0619;670;670,2;645;628,9;-0,200012;16,1;53,0619;53,3427;55,223;2134,24;53,0619;52,7763;45,3719;173,094;12,33;670;670,5;47,6734;670;670,5;645;638,4;-0,5;6,59998;47,6734;47,922;49,5757;2043,4;47,6734;47,6734;42,0793;156,356;13,0689;670;670,5;40,1288;670;670,5;645;636,4;-0,5;8,59998;40,1288;40,526;44,1454;1661,89;40,1288;40,4673;36,0853;132,707;12,523
10.10.2025 00:09:45.820000;0;0;670;670,3;84,0115;670;670,3;645;617,7;-0,299988;27,3;84,0115;84,1044;68,4149;3368,08;84,0115;83,2823;59,7074;273,128;12,3315;670;670,6;66,142;670;670,6;645;613,5;-0,599976;31,5;66,142;66,9247;2664,52;66,6023;66,142;215,835;65,8074;48,8439;12,3451;58,882;670,1;670;670,1;670;645;618,8;-0,0999756;26,2;58,882;58,8754;60,6493;2415,01;58,882;58,4837;43,4173;191,839;12,5887;670;670,2;53,0612;670;670,2;645;629,1;-0,200012;15,9;53,0612;53,2676;55,25;2129,96;53,0612;52,7226;45,4066;172,917;12,3178;670;670,5;47,6705;670;670,6;645;638,4;-0,599976;6,59998;47,6705;47,8582;49,5997;2040,67;47,6705;47,6587;42,0793;156,359;13,0512;670;670,4;40,2162;670;670,4;645;636,4;-0,400024;8,59998;40,2162;40,5899;44,1454;1664,34;40,2162;40,523;36,0475;132,941;12,5194
10.10.2025 00:09:46.320000;0;0;670;670,4;83,9194;670;670,4;645;617,6;-0,400024;27,4;83,9194;84,3332;68,2455;3375,16;83,9194;83,229;59,7319;272,98;12,3641;670;670,6;66,1384;670;670,6;645;613,4;-0,599976;31,6;66,1384;66,9819;2659,9;66,4469;66,1384;215,843;65,7898;48,8664;12,3233;58,7015;670,3;670;670,3;670;645;618,8;-0,299988;26,2;58,7015;58,9941;60,596;2419,24;58,7015;58,5525;43,3709;192,105;12,5933;670;670,2;53,0605;670;670,2;645;629,2;-0,200012;15,8;53,0605;53,1549;55,3013;2127,37;53,0605;52,7055;45,4298;172,901;12,304;670;670,6;47,577;670;670,6;645;638,3;-0,599976;6,70001;47,577;47,8212;49,6076;2039,25;47,577;47,6574;42,0793;156,304;13,0467;670;670,4;40,214;670;670,4;645;636,4;-0,400024;8,59998;40,214;40,618;44,113;1665,97;40,214;40,4553;36,0612;132,643;12,5598
10.10.2025 00:09:46.820000;0;0;670;670,4;83,9172;670;670,4;645;617,5;-0,400024;27,5;83,9172;84,2067;68,2906;3368,5;83,9172;83,211;59,7779;272,906;12,3431;670;670,6;66,1348;670;670,6;645;613,4;-0,599976;31,6;66,1348;66,9338;2661,92;66,5053;66,1348;216,195;65,9015;48,8333;12,3125;58,7;670,3;670;670,3;670;645;618,8;-0,299988;26,2;58,7;58,8702;60,6037;2413,84;58,7;58,5625;43,3332;192,098;12,5657;670;670,2;53,0598;670;670,2;645;629,3;-0,200012;15,7;53,0598;52,9274;55,3177;2116,5;53,0598;52,7196;45,3849;172,933;12,2389;670;670,7;47,4831;670;670,7;645;638,3;-0,700012;6,70001;47,4831;47,7902;49,6047;2037,78;47,4831;47,6286;42,0611;156,247;13,042;670;670,3;40,3026;670;670,3;645;636,4;-0,299988;8,59998;40,3026;40,6606;44,1049;1667,22;40,3026;40,4933;36,0762;132,818;12,5526
10.10.2025 00:09:47.320000;0;0;670;670,3;84,0051;670;670,3;645;617,5;-0,299988;27,5;84,0051;84,1873;68,2898;3369,48;84,0051;83,1579;59,8402;272,732;12,3545;670;670,6;66,1311;670;670,6;645;613,4;-0,599976;31,6;66,1311;66,9133;2660,76;66,5044;66,1311;216,855;66,0948;48,783;12,2698;58,6082;670,4;670;670,4;670;645;618,8;-0,400024;26,2;58,6082;58,9219;60,5238;2416,12;58,6082;58,5991;43,3192;192,205;12,5705;670;670,3;52,969;670;670,3;645;629,4;-0,299988;15,6;52,969;52,8817;55,3484;2115,8;52,969;52,7599;45,3515;173,065;12,2254;670;670,5;47,6593;670;670,5;645;638,3;-0,5;6,70001;47,6593;47,8185;49,5706;2038,98;47,6593;47,5983;42,0775;156,084;13,0634;670;670,4;40,2106;670;670,4;645;636,4;-0,400024;8,59998;40,2106;40,5817;44,102;1663,82;40,2106;40,4158;36,0628;132,513;12,5559
10.10.2025 00:09:47.820000;0;0;670;670,2;84,0937;670;670,2;645;617,4;-0,200012;27,6;84,0937;84,0834;68,3707;3362,92;84,0937;83,1194;59,9415;272,615;12,3358;670;670,6;66,1275;670;670,6;645;613,5;-0,599976;31,5;66,1275;66,9424;2662,33;66,5395;66,1275;217,393;66,2597;48,7701;12,2466;58,606;670,4;670;670,4;670;645;618,7;-0,400024;26,3;58,606;59,0201;60,458;2419,99;58,606;58,5642;43,3192;192,075;12,5992;670;670,3;52,9675;670;670,3;645;629,4;-0,299988;15,6;52,9675;52,9658;55,3102;2118,2;52,9675;52,7681;45,385;173,09;12,2376;670;670,5;47,6564;670;670,5;645;638,1;-0,5;6,90002;47,6564;47,8029;49,6042;2036,72;47,6564;47,5634;42,0775;156,031;13,0533;670;670,5;40,118;670;670,5;645;636,4;-0,5;8,59998;40,118;40,5056;44,1326;1660,87;40,118;40,4514;36,0028;132,691;12,5168
10.10.2025 00:09:48.320000;0;0;670;669,9;84,1835;670;669,9;645;617,3;0,0999756;27,7;84,1835;84,1881;68,3707;3368,39;84,1835;83,0844;60,088;272,504;12,3609;670;670,6;66,1239;670;670,6;645;613,5;-0,599976;31,5;66,1239;67,1082;2646,13;66,1709;66,1239;217,901;66,4253;48,6944;12,1438;58,4233;670,6;670;670,6;670;645;618,9;-0,599976;26,1;58,4233;59,0305;60,4162;2420,89;58,4233;58,5734;43,3192;192,121;12,6009;670;670,1;53,1465;670;670,1;645;629,3;-0,0999756;15,7;53,1465;52,8699;55,3996;2114,52;53,1465;52,7737;45,3491;173,11;12,2149;670;670,4;47,7437;670;670,4;645;638,1;-0,400024;6,90002;47,7437;47,7662;49,6261;2036,91;47,7437;47,5456;42,1176;155,911;13,0646;670;670,5;40,1151;670;670,5;645;636,4;-0,5;8,59998;40,1151;40,4808;44,1179;1659,68;40,1151;40,3517;36,0281;132,289;12,5459
10.10.2025 00:09:48.820000;0;0;670;669,9;84,1835;670;669,9;645;617,2;0,0999756;27,8;84,1835;84,1727;68,3707;3366,97;84,1835;83,0938;60,1327;272,573;12,3526;670;670,6;66,121;670;670,6;645;613,7;-0,599976;31,3;66,121;67,2147;2644,67;66,0863;66,121;218,223;66,5236;48,6234;12,1191;58,3301;670,7;670;670,7;670;645;618,9;-0,700012;26,1;58,3301;59,0894;60,3501;2420,19;58,3301;58,542;43,2726;191,992;12,6057;670;670,2;53,0564;670;670,2;645;629,2;-0,200012;15,8;53,0564;52,7768;55,4569;2113,2;53,0564;52,7732;45,3491;173,108;12,2074;670;670,3;47,8324;670;670,3;645;638,2;-0,299988;6,79999;47,8324;47,7624;49,6261;2035,47;47,8324;47,5252;42,1396;155,792;13,0653;670;670,6;40,0225;670;670,5;645;636,4;-0,5;8,59998;40,0225;40,496;44,1136;1659,38;40,0225;40,3622;35,9783;132,438;12,5294
10.10.2025 00:09:49.320000;0;0;670;669,8;84,2737;670;669,8;645;617,1;0,200012;27,9;84,2737;83,8712;68,5284;3357,79;84,2737;83,201;60,0311;273,017;12,2988;670;670,8;65,9361;670;670,8;645;613,7;-0,799988;31,3;65,9361;67,4006;2636,67;65,8983;65,9361;218,642;66,6391;48,4655;12,0593;58,2347;670,8;670;670,8;670;645;618,7;-0,799988;26,3;58,2347;59,0036;60,3738;2420,11;58,2347;58,5599;43,2174;192,052;12,6013;670;670,1;53,1459;670;670,1;645;629;-0,0999756;16;53,1459;52,7768;55,4693;2112,24;53,1459;52,7638;45,3491;173,105;12,202;670;670,3;47,8307;670;670,3;645;638,2;-0,299988;6,79999;47,8307;47,7663;49,6261;2037,08;47,8307;47,4925;42,1668;155,751;13,0791;670;670,5;40,1089;670;670,5;645;636,3;-0,5;8,70001;40,1089;40,3554;44,1303;1653,41;40,1089;40,3023;36,0232;132,154;12,5112
10.10.2025 00:09:49.820000;0;0;670;669,7;84,3648;670;669,7;645;617;0,299988;28;84,3648;84,2303;68,407;3372,8;84,3648;83,4149;60,1293;273,768;12,3199;670;670,8;65,931;670;670,8;645;613,7;-0,799988;31,3;65,931;67,351;2647,18;66,1252;65,931;218,737;66,692;48,4145;12,1021;58,2296;670,8;670;670,8;670;645;618,7;-0,799988;26,3;58,2296;59,0981;60,278;2419,19;58,2296;58,5146;43,2201;191,915;12,6055;670;670,1;53,1459;670;670,1;645;629;-0,0999756;16;53,1459;52,8159;55,4661;2115,08;53,1459;52,7693;45,3491;173,083;12,22;670;670,2;47,9198;670;670,3;645;638,3;-0,299988;6,70001;47,9198;47,7287;49,6742;2033,55;47,9198;47,4587;42,1782;155,652;13,0648;670;670,5;40,106;670;670,5;645;636,3;-0,5;8,70001;40,106;40,3863;44,1303;1655,25;40,106;40,3348;36,0029;132,35;12,5066
10.10.2025 00:09:50.320000;0;0;670;669,7;84,366;670;669,7;645;616,8;0,299988;28,2;84,366;84,3861;68,3901;3377,12;84,366;83,6424;60,1288;274,535;12,3012;670;670,8;65,9269;670;670,8;645;613,7;-0,799988;31,3;65,9269;67,365;2646,57;66,0899;65,9269;218,502;66,6382;48,4002;12,1123;58,1352;670,9;670;670,9;670;645;618,7;-0,900024;26,3;58,1352;58,7474;60,435;2406,75;58,1352;58,5081;43,1735;191,951;12,5384;670;670,1;53,1459;670;670,1;645;628,9;-0,0999756;16,1;53,1459;52,9111;55,4272;2117,77;53,1459;52,7709;45,366;173,106;12,2339;670;670,3;47,8288;670;670,2;645;638,3;-0,200012;6,70001;47,8288;47,6764;49,6587;2032,44;47,8288;47,4488;42,1685;155,598;13,0621;670;670,5;40,1037;670;670,5;645;636,3;-0,5;8,70001;40,1037;40,3637;44,1303;1654,43;40,1037;40,2978;36,0099;132,103;12,5238
10.10.2025 00:09:50.820000;0;0;670;669,7;84,3674;670;669,7;645;616,8;0,299988;28,2;84,3674;84,3678;68,3901;3373,18;84,3674;83,8921;60,0613;275,346;12,2507;670;670,8;65,9218;670;670,8;645;613,6;-0,799988;31,4;65,9218;67,1766;2656,1;66,3481;65,9218;217,977;66,4918;48,4204;12,1852;58,2196;670,8;670;670,8;670;645;618,6;-0,799988;26,4;58,2196;58,6487;60,4757;2403,48;58,2196;58,4985;43,1929;191,849;12,5279;670;670,1;53,1459;670;670,1;645;628,9;-0,0999756;16,1;53,1459;52,9877;55,3969;2120,67;53,1459;52,8002;45,3872;173,21;12,2433;670;670,4;47,7378;670;670,4;645;638,3;-0,400024;6,70001;47,7378;47,7691;49,6617;2036,56;47,7378;47,3917;42,2412;155,432;13,1026;670;670,4;40,1911;670;670,5;645;636,3;-0,5;8,70001;40,1911;40,3675;44,1303;1655,07;40,1911;40,2992;36,041;132,246;12,5151
10.10.2025 00:09:51.320000;0;0;670;669,6;84,459;670;669,6;645;616,9;0,400024;28,1;84,459;84,2644;68,3922;3372,25;84,459;84,1337;59,9355;276,061;12,2156;670;670,8;65,9167;670;670,8;645;613,7;-0,799988;31,3;65,9167;67,1492;2659,13;66,4277;65,9167;217,383;66,3185;48,4618;12,2325;58,2145;670,8;670;670,8;670;645;618,6;-0,799988;26,4;58,2145;58,7674;60,4145;2409,62;58,2145;58,5055;43,1761;191,872;12,5585;670;670,1;53,1459;670;670,1;645;628,9;-0,0999756;16,1;53,1459;52,8965;55,4474;2116,39;53,1459;52,8347;45,3559;173,323;12,2106;670;670,3;47,826;670;670,3;645;638,3;-0,299988;6,70001;47,826;47,8076;49,6375;2038,51;47,826;47,4341;42,2568;155,584;13,1023;670;670,4;40,1885;670;670,4;645;636,3;-0,400024;8,70001;40,1885;40,3056;44,1303;1652,21;40,1885;40,2986;36,0345;132,154;12,5022
10.10.2025 00:09:51.820000;0;0;670;669,8;84,2807;670;669,8;645;616,9;0,200012;28,1;84,2807;84,2461;68,404;3368,47;84,2807;84,3102;59,9241;276,627;12,177;670;670,9;65,821;670;670,9;645;613,8;-0,900024;31,2;65,821;66,9336;2663,74;66,5989;65,821;216,625;66,0885;48,4988;12,2965;58,2998;670,7;670;670,7;670;645;618,7;-0,700012;26,3;58,2998;58,6841;60,4038;2406,21;58,2998;58,4207;43,2354;191,551;12,5617;670;670,2;53,0553;670;670,2;645;628,9;-0,200012;16,1;53,0553;52,8494;55,4323;2114,98;53,0553;52,8677;45,3559;173,388;12,198;670;670,3;47,8246;670;670,3;645;638,4;-0,299988;6,59998;47,8246;47,8193;49,6375;2038,37;47,8246;47,5261;42,2416;156,059;13,0615;670;670,4;40,1863;670;670,4;645;636,3;-0,400024;8,70001;40,1863;40,2705;44,1303;1650,65;40,1863;40,3243;36,0229;132,334;12,4734
10.10.2025 00:09:52.320000;0;0;670;670;84,1913;670;670;645;617,1;0;27,9;84,1913;84,2657;68,4476;3374,85;84,1913;84,4672;59,8782;277,168;12,1762;670;670,9;65,8152;670;670,9;645;613,9;-0,900024;31,1;65,8152;66,8187;2665,48;66,5825;65,8152;216,088;65,9038;48,5602;12,3352;58,2954;670,7;670;670,7;670;645;618,6;-0,700012;26,4;58,2954;58,7627;60,316;2409,75;58,2954;58,3571;43,2433;191,386;12,5911;670;670,3;52,9645;670;670,3;645;628,9;-0,299988;16,1;52,9645;52,7942;55,468;2113,25;52,9645;52,8468;45,3559;173,35;12,1906;670;670,3;47,8231;670;670,3;645;638,4;-0,299988;6,59998;47,8231;47,8124;49,6375;2039,04;47,8231;47,7987;42,1684;156,906;12,9953;670;670,6;40,0038;670;670,6;645;636,3;-0,599976;8,70001;40,0038;40,2521;44,1303;1650,82;40,0038;40,3029;35,9893;132,127;12,4942
10.10.2025 00:09:52.820000;0;0;670;670,2;84,1013;670;670,2;645;617,2;-0,200012;27,8;84,1013;84,4714;68,4078;3380,85;84,1013;84,5901;59,7838;277,533;12,1818;670;670,9;65,8094;670;670,8;645;614;-0,799988;31;65,8094;66,6139;2677,18;66,8068;65,8094;215,555;65,7531;48,5602;12,42;58,2911;670,7;670;670,7;670;645;618,6;-0,700012;26,4;58,2911;58,767;60,2591;2408,49;58,2911;58,2771;43,2433;191,123;12,6018;670;670,3;52,963;670;670,3;645;628,9;-0,299988;16,1;52,963;52,8345;55,4053;2112,15;52,963;52,8453;45,3559;173,32;12,1864;670;670,2;47,9118;670;670,2;645;638,4;-0,200012;6,59998;47,9118;47,8983;49,6375;2042,22;47,9118;47,9931;42,1678;157,546;12,9627;670;670,5;40,0905;670;670,5;645;636,3;-0,5;8,70001;40,0905;40,3072;44,1303;1653,57;40,0905;40,3134;35,9737;132,279;12,5006
10.10.2025 00:09:53.320000;0;0;670;670,3;84,0105;670;670,3;645;617,3;-0,299988;27,7;84,0105;84,587;68,3996;3387,71;84,0105;84,6832;59,6815;277,801;12,1947;670;670,8;65,8942;670;670,8;645;614;-0,799988;31;65,8942;66,5616;2679,37;66,8857;65,8942;215,153;65,6184;48,6372;12,4534;58,1967;670,8;670;670,8;670;645;618,7;-0,799988;26,3;58,1967;58,7534;60,2406;2409,21;58,1967;58,2635;43,2433;191,106;12,6067;670;670,2;53,0518;670;670,2;645;628,9;-0,200012;16,1;53,0518;52,7867;55,4796;2112,79;53,0518;52,855;45,3558;173,391;12,1851;670;670,1;48,0013;670;670,1;645;638,4;-0,0999756;6,59998;48,0013;47,9355;49,7084;2045,41;48,0013;48,1672;42,1097;158,079;12,9391;670;670,6;39,9974;670;670,6;645;636,3;-0,599976;8,70001;39,9974;40,3315;44,1303;1653,93;39,9974;40,2483;35,954;131,913;12,538
10.10.2025 00:09:53.820000;0;0;670;670,4;83,9189;670;670,4;645;617,5;-0,400024;27,5;83,9189;84,6273;68,4014;3386,44;83,9189;84,7308;59,5866;277,914;12,1852;670;670,7;65,9797;670;670,7;645;614;-0,700012;31;65,9797;66,4557;2681,83;67,059;65,9797;214,884;65,521;48,7286;12,4804;58,1916;670,8;670;670,8;670;645;618,7;-0,799988;26,3;58,1916;58,7719;60,172;2409,33;58,1916;58,2209;43,2433;190,953;12,6174;670;670,3;52,9609;670;670,3;645;628,9;-0,299988;16,1;52,9609;52,8626;55,4054;2114,39;52,9609;52,8868;45,3558;173,484;12,1878;670;670;48,0013;670;670;645;638,3;0;6,70001;48,0013;47,9883;49,7565;2044,62;48,0013;48,2968;42,0687;158,468;12,9024;670;670,6;39,9937;670;670,6;645;636,3;-0,599976;8,70001;39,9937;40,395;44,0698;1655,72;39,9937;40,182;35,9724;131,789;12,5634
10.10.2025 00:09:54.320000;0;0;670;670,6;83,7364;670;670,6;645;617,6;-0,599976;27,4;83,7364;84,5005;68,5009;3381,85;83,7364;84,792;59,4393;278,143;12,1587;670;670,6;66,0658;670;670,6;645;613,7;-0,599976;31,3;66,0658;66,5974;2670,21;66,7607;66,0658;214,928;65,519;48,7914;12,4238;58,1865;670,8;670;670,8;670;645;618,8;-0,799988;26,2;58,1865;58,7368;60,1741;2406,93;58,1865;58,2421;43,2433;191,047;12,5986;670;670,4;52,869;670;670,4;645;628,6;-0,400024;16,4;52,869;52,8471;55,4062;2113,13;52,869;52,9039;45,3558;173,538;12,1768;670;670;48,0013;670;670;645;638,3;0;6,70001;48,0013;47,8807;49,888;2041,95;48,0013;48,4117;41,9581;158,868;12,8532;670;670,5;40,0804;670;670,5;645;636,4;-0,5;8,59998;40,0804;40,3873;44,0236;1656,87;40,0804;40,097;36,0036;131,39;12,6104
10.10.2025 00:09:54.820000;0;0;670;670,8;83,5523;670;670,8;645;617,7;-0,799988;27,3;83,5523;84,6694;68,4404;3391,33;83,5523;84,8232;59,2868;278,259;12,1877;670;670,5;66,1523;670;670,5;645;613,6;-0,5;31,4;66,1523;66,5784;2670,2;66,7282;66,1523;215,19;65,5827;48,7929;12,4085;58,181;670,8;670;670,8;670;645;618,9;-0,799988;26,1;58,181;58,7129;60,1337;2408,67;58,181;58,1848;43,2424;190,836;12,6216;670;670,5;52,7765;670;670,5;645;628,5;-0,5;16,5;52,7765;52,7661;55,4229;2111,81;52,7765;52,8977;45,342;173,457;12,1748;670;670;48,0013;670;670;645;638,3;0;6,70001;48,0013;47,9361;49,9269;2044,63;48,0013;48,488;41,9194;159,045;12,8557;670;670,6;39,9874;670;670,5;645;636,4;-0,5;8,59998;39,9874;40,3912;43,9677;1655,41;39,9874;40,017;36,0036;131,275;12,6103
10.10.2025 00:09:55.320000;0;0;670;670,9;83,4571;670;670,9;645;617,9;-0,900024;27,1;83,4571;84,755;68,4138;3391,46;83,4571;84,8007;59,1805;278,106;12,1949;670;670,5;66,1494;670;670,5;645;613,5;-0,5;31,5;66,1494;66,5924;2671,18;66,7249;66,1494;215,869;65,7594;48,7826;12,3741;58,0858;670,9;670;670,9;670;645;618,8;-0,900024;26,2;58,0858;58,6779;60,1324;2404,52;58,0858;58,2009;43,2424;190,923;12,5942;670;670,6;52,6831;670;670,6;645;628,3;-0,599976;16,7;52,6831;52,706;55,4376;2111,32;52,6831;52,859;45,3202;173,402;12,1759;670;670;48,0013;670;670;645;638,3;0;6,70001;48,0013;48,0798;49,8533;2051,08;48,0013;48,4374;41,9393;158,822;12,9143;670;670,5;40,0742;670;670,5;645;636,4;-0,5;8,59998;40,0742;40,3557;44,001;1654,41;40,0742;39,9389;36,0182;130,883;12,6404
10.10.2025 00:09:55.820000;0;0;670;671;83,3609;670;671;645;618;-1;27;83,3609;84,5866;68,4162;3387,99;83,3609;84,6898;59,0694;277,706;12,2;670;670,4;66,2369;670;670,4;645;613,3;-0,400024;31,7;66,2369;66,5954;2669,89;66,7484;66,2369;216,625;66,0013;48,7351;12,3249;58,1704;670,8;670;670,6;670;645;618,8;-0,599976;26,2;58,1704;58,6306;60,133;2404,81;58,1704;58,1961;43,2413;190,883;12,5983;670;670,6;52,6795;670;670,6;645;628,2;-0,599976;16,8;52,6795;52,7945;55,4129;2113,27;52,6795;52,8974;45,297;173,516;12,1791;670;670;48,0013;670;670;645;638,2;0;6,79999;48,0013;48,1337;49,7516;2052,42;48,0013;48,2683;41,9863;158,32;12,9637;670;670,3;40,2516;670;670,3;645;636,4;-0,299988;8,59998;40,2516;40,2959;44,0839;1652,13;40,2516;39,8835;36,1235;130,818;12,6292
10.10.2025 00:09:56.320000;0;0;670;671;83,3544;670;671;645;618,1;-1;26,9;83,3544;84,7696;68,3301;3390,04;83,3544;84,5058;59,0638;277,038;12,2368;670;670,3;66,325;670;670,3;645;613,3;-0,299988;31,7;66,325;66,717;2663,85;66,5535;66,325;217,345;66,2284;48,6834;12,2563;58,3459;670,6;670;670,6;670;645;618,9;-0,599976;26,1;58,3459;58,6614;60,1728;2405,12;58,3459;58,2157;43,2557;190,947;12,5957;670;670,6;52,6751;670;670,6;645;628,2;-0,599976;16,8;52,6751;52,8015;55,433;2112,9;52,6751;52,9404;45,2669;173,645;12,168;670;670;48,0013;670;670;645;638,2;0;6,79999;48,0013;48,0782;49,7353;2050,06;48,0013;48,1508;42,026;157,935;12,9804;670;670,3;40,2497;670;670,3;645;636,5;-0,299988;8,5;40,2497;40,2652;44,0813;1650,71;40,2497;39,7817;36,1445;130,433;12,6557
10.10.2025 00:09:56.820000;0;0;670;671;83,3479;670;671;645;618,2;-1;26,8;83,3479;84,3295;68,4077;3372,78;83,3479;84,3322;59,0669;276,451;12,2003;670;670,3;66,3236;670;670,3;645;613,3;-0,299988;31,7;66,3236;66,658;2671,89;66,7546;66,3236;218,054;66,4311;48,6804;12,2533;58,3423;670,6;670;670,6;670;645;618,8;-0,599976;26,2;58,3423;58,6313;60,1659;2405,32;58,3423;58,2165;43,2556;190,95;12,5966;670;670,5;52,7617;670;670,5;645;628,2;-0,5;16,8;52,7617;52,7223;55,4995;2110,21;52,7617;52,9725;45,2596;173,75;12,1451;670;670;48,0013;670;670;645;638,1;0;6,90002;48,0013;48,1907;49,7205;2055,17;48,0013;48,0614;42,0449;157,603;13,0402;670;670,4;40,1579;670;670,4;645;636,5;-0,400024;8,5;40,1579;40,2807;44,0723;1651,67;40,1579;39,8175;36,152;130,627;12,6441
10.10.2025 00:09:57.320000;0;0;670;671;83,34;670;671;645;618,4;-1;26,6;83,34;84,4254;68,2871;3378,37;83,34;84,0906;59,0994;275,817;12,2486;670;670,3;66,3218;670;670,3;645;613,2;-0,299988;31,8;66,3218;66,7638;2668,79;66,6932;66,3218;218,604;66,6475;48,5829;12,2084;58,4293;670,5;670;670,5;670;645;618,9;-0,5;26,1;58,4293;58,5974;60,2252;2400,57;58,4293;58,247;43,283;191,049;12,5652;670;670,4;52,8491;670;670,4;645;628,4;-0,400024;16,6;52,8491;52,7664;55,4976;2111,5;52,8491;52,9953;45,2588;173,823;12,1474;670;670,1;48,0013;670;670,1;645;638,1;-0,0999756;6,90002;48,0013;48,1606;49,7026;2052,93;48,0013;47,9942;42,0449;157,368;13,0454;670;670,4;40,1557;670;670,4;645;636,5;-0,400024;8,5;40,1557;40,3117;44,0533;1652,62;40,1557;39,813;36,1687;130,611;12,653
10.10.2025 00:09:57.820000;0;0;670;671,1;83,243;670;671,1;645;618,4;-1,09998;26,6;83,243;84,8207;67,9368;3394,19;83,243;83,8538;59,1172;275,041;12,3407;670;670,3;66,3204;670;670,3;645;613,2;-0,299988;31,8;66,3204;66,7434;2674,27;66,8301;66,3204;218,753;66,693;48,5468;12,2251;58,5169;670,4;670;670,4;670;645;618,8;-0,400024;26,2;58,5169;58,45;60,2586;2396,45;58,5169;58,2262;43,3067;190,982;12,548;670;670,5;52,7566;670;670,5;645;628,5;-0,5;16,5;52,7566;52,7518;55,53;2111,4;52,7566;53,0215;45,2297;173,898;12,1416;670;670,1;48,0013;670;670;645;638,1;0;6,90002;48,0013;48,1153;49,7245;2052,11;48,0013;47,9422;42,0449;157,25;13,05;670;670,2;40,3338;670;670,2;645;636,4;-0,200012;8,59998;40,3338;40,3113;44,0499;1652,29;40,3338;40,1137;36,0807;131,663;12,5494
10.10.2025 00:09:58.320000;0;0;670;671;83,3264;670;671;645;618,5;-1;26,5;83,3264;84,5975;67,9004;3385,25;83,3264;83,6755;59,198;274,456;12,3344;670;670,4;66,2288;670;670,4;645;613,3;-0,400024;31,7;66,2288;66,7589;2665,15;66,6581;66,2288;218,321;66,5848;48,575;12,2075;58,6051;670,3;670;670,3;670;645;618,7;-0,299988;26,3;58,6051;58,3606;60,3334;2392,63;58,6051;58,2744;43,2609;191,153;12,5168;670;670,5;52,7537;670;670,5;645;628,6;-0,5;16,4;52,7537;52,852;55,5052;2115,89;52,7537;53,0501;45,2065;174,03;12,1582;670;670;48,0013;670;670;645;638;0;7;48,0013;48,1857;49,6868;2054,8;48,0013;47,8884;42,0502;157,061;13,0828;670;670,1;40,4232;670;670,1;645;636,4;-0,0999756;8,59998;40,4232;40,2998;44,0782;1651,81;40,4232;40,2712;36,0811;132,154;12,4991
10.10.2025 00:09:58.820000;0;0;670;671;83,3199;670;671;645;618,5;-1;26,5;83,3199;84,2717;67,9389;3369,18;83,3199;83,5201;59,2461;273,882;12,3016;670;670,5;66,1366;670;670,5;645;613,3;-0,5;31,7;66,1366;66,7427;2662,55;66,5612;66,1366;217,836;66,4291;48,5897;12,2227;58,5134;670,4;670;670,4;670;645;618,7;-0,400024;26,3;58,5134;58,2948;60,3318;2390,89;58,5134;58,2792;43,2609;191,169;12,5067;670;670,6;52,6603;670;670,6;645;628,5;-0,599976;16,5;52,6603;52,9446;55,4772;2119,75;52,6603;53,0744;45,142;174,071;12,1775;670;670,1;48,0013;670;670,1;645;638;-0,0999756;7;48,0013;48,2302;49,6586;2056,54;48,0013;47,8343;42,0746;156,896;13,1076;670;670,1;40,4232;670;670,1;645;636,4;-0,0999756;8,59998;40,4232;40,2803;44,1591;1651,17;40,4232;40,5342;36,0164;133,029;12,4121
10.10.2025 00:09:59.320000;0;0;670;671;83,3133;670;671;645;618,5;-1;26,5;83,3133;83,8524;68,0492;3355,76;83,3133;83,3769;59,2835;273,425;12,273;670;670,5;66,1337;670;670,5;645;613,4;-0,5;31,6;66,1337;66,7044;2660,89;66,5197;66,1337;217,507;66,317;48,5887;12,2336;58,5112;670,4;670;670,4;670;645;618,7;-0,400024;26,3;58,5112;58,4247;60,2776;2396,69;58,5112;58,3118;43,2661;191,275;12,53;670;670,6;52,6567;670;670,6;645;628,5;-0,599976;16,5;52,6567;53,0457;55,4625;2123,16;52,6567;53,0755;45,1195;174,126;12,1932;670;670;48,0013;670;670;645;637,9;0;7,09998;48,0013;48,2033;49,6648;2053,77;48,0013;47,8236;42,0833;156,848;13,094;670;670,2;40,3329;670;670,2;645;636,4;-0,200012;8,59998;40,3329;40,2645;44,22;1651,33;40,3329;40,6134;35,9641;133,238;12,3938
10.10.2025 00:09:59.820000;0;0;670;671,1;83,2166;670;671,1;645;618,5;-1,09998;26,5;83,2166;83,4216;68,1997;3335,48;83,2166;83,2823;59,2835;273,128;12,2122;670;670,6;66,0406;670;670,6;645;613,3;-0,599976;31,7;66,0406;66,7417;2653,48;66,3088;66,0406;217,068;66,1872;48,6014;12,2241;58,5991;670,3;670;670,3;670;645;618,6;-0,299988;26,4;58,5991;58,6545;60,2545;2404,52;58,5991;58,2957;43,3122;191,21;12,5753;670;670,7;52,5624;670;670,7;645;628,4;-0,700012;16,6;52,5624;53,034;55,4626;2122,85;52,5624;53,0986;45,0459;174,176;12,1879;670;670;48,0013;670;669,9;645;637,9;0,0999756;7,09998;48,0013;48,117;49,7066;2051,54;48,0013;47,8036;42,097;156,783;13,0852;670;670,2;40,3322;670;670,2;645;636,5;-0,200012;8,5;40,3322;40,3181;44,2871;1653,04;40,3322;40,7659;35,9058;133,776;12,3568
10.10.2025 00:10:00.320000;0;0;670;671,2;83,1191;670;671,2;645;618,5;-1,20001;26,5;83,1191;83,1874;68,2191;3327,87;83,1191;83,1983;59,2835;272,878;12,1955;670;670,6;66,0369;670;670,6;645;613,2;-0,599976;31,8;66,0369;66,7521;2640,07;66,0101;66,0369;216,768;66,0918;48,6191;12,1792;58,5073;670,4;670;670,4;670;645;618,5;-0,400024;26,5;58,5073;58,5814;60,2767;2401,07;58,5073;58,3336;43,3063;191,334;12,5491;670;670,8;52,468;670;670,8;645;628,4;-0,799988;16,6;52,468;53,1032;55,4626;2126,73;52,468;53,0975;45,0158;174,16;12,2114;670;670;48,0013;670;670;645;638;0;7;48,0013;48,0935;49,7142;2050,52;48,0013;47,7987;42,1059;156,78;13,079;670;670,1;40,4219;670;670,2;645;636,5;-0,200012;8,5;40,4219;40,3281;44,2759;1653,77;40,4219;40,7101;35,9089;133,465;12,3911
10.10.2025 00:10:00.820000;0;0;670;671;83,2921;670;671;645;618,5;-1;26,5;83,2921;83,0537;68,2909;3323,48;83,2921;83,1525;59,2835;272,715;12,1867;670;670,6;66,0333;670;670,7;645;613,2;-0,700012;31,8;66,0333;66,9015;2630,16;65,6799;66,0333;216,682;66,0575;48,4968;12,1384;58,5958;670,3;670;670,3;670;645;618,6;-0,299988;26,4;58,5958;58,4422;60,3061;2397,28;58,5958;58,3383;43,2802;191,363;12,5274;670;670,8;52,4629;670;670,8;645;628,3;-0,799988;16,7;52,4629;53,0915;55,4624;2124,35;52,4629;53,0708;44,9541;174,015;12,2079;670;669,9;48,0013;670;669,9;645;638;0,0999756;7;48,0013;47,9881;49,7142;2046,05;48,0013;47,7994;42,1072;156,776;13,0508;670;670,2;40,3312;670;670,2;645;636,5;-0,200012;8,5;40,3312;40,4186;44,2116;1657;40,3312;40,6481;35,9199;133,295;12,4311
10.10.2025 00:10:01.320000;0;0;670;671;83,2856;670;671;645;618,5;-1;26,5;83,2856;82,9919;68,3323;3320,84;83,2856;83,1245;59,2659;272,635;12,1805;670;670,7;65,939;670;670,7;645;613,1;-0,700012;31,9;65,939;66,8678;2633,47;65,7665;65,939;216,629;66,0492;48,52;12,1566;58,6848;670,2;670;670,2;670;645;618,5;-0,200012;26,5;58,6848;58,5742;60,2862;2402,04;58,6848;58,4084;43,3075;191,58;12,5381;670;670,9;52,3675;670;670,9;645;628,2;-0,900024;16,8;52,3675;53,1521;55,4259;2127,42;52,3675;52,9804;44,9209;173,776;12,2423;670;669,9;48,0013;670;669,9;645;638;0,0999756;7;48,0013;48,0004;49,7142;2046,9;48,0013;47,8225;42,1083;156,858;13,0494;670;670,2;40,33;670;670,2;645;636,6;-0,200012;8,40002;40,33;40,5007;44,1497;1660,53;40,33;40,4715;35,9769;132,657;12,5175
10.10.2025 00:10:01.820000;0;0;670;670,9;83,3694;670;670,9;645;618,5;-0,900024;26,5;83,3694;83,1152;68,3231;3326,42;83,3694;83,0871;59,2784;272,526;12,2059;670;670,7;65,9346;670;670,7;645;613,1;-0,700012;31,9;65,9346;66,8037;2638,53;65,9129;65,9346;216,659;66,0507;48,569;12,1783;58,6837;670,2;670;670,2;670;645;618,5;-0,200012;26,5;58,6837;58,6683;60,2808;2404,91;58,6837;58,4254;43,3144;191,635;12,5494;670;670,8;52,4521;670;670,8;645;628,1;-0,799988;16,9;52,4521;53,2317;55,3597;2129,96;52,4521;52,9463;44,9371;173,6;12,2694;670;669,9;48,0013;670;669,9;645;638;0,0999756;7;48,0013;48,002;49,7142;2046,97;48,0013;47,8431;42,1054;156,938;13,0431;670;670,2;40,3293;670;670,2;645;636,6;-0,200012;8,40002;40,3293;40,5441;44,1309;1662,15;40,3293;40,4098;35,9932;132,557;12,5391
10.10.2025 00:10:02.320000;0;0;670;671;83,2733;670;671;645;618,6;-1;26,4;83,2733;83,1693;68,2519;3328,42;83,2733;83,0751;59,2796;272,479;12,2153;670;670,7;65,9303;670;670,7;645;613,1;-0,700012;31,9;65,9303;66,7851;2644,58;66,0521;65,9303;216,563;66,0238;48,5835;12,2116;58,6829;670,2;670;670,2;670;645;618,6;-0,200012;26,4;58,6829;58,6044;60,2808;2401,34;58,6829;58,4616;43,3103;191,771;12,5219;670;670,8;52,4471;670;670,8;645;627,9;-0,799988;17,1;52,4471;53,0999;55,3628;2123,88;52,4471;52,8457;44,953;173,325;12,2538;670;670;48,0013;670;670;645;638;0;7;48,0013;47,9586;49,7142;2045,11;48,0013;47,8603;42,0838;156,985;13,0274;670;670,2;40,3286;670;670,2;645;636,6;-0,200012;8,40002;40,3286;40,6247;44,0435;1665,45;40,3286;40,2746;35,9932;132,052;12,6121
10.10.2025 00:10:02.820000;0;0;670;671;83,2667;670;671;645;618,6;-1;26,4;83,2667;83,0121;68,3335;3322,29;83,2667;83,0293;59,2796;272,323;12,1998;670;670,7;65,9259;670;670,7;645;613,1;-0,700012;31,9;65,9259;66,6541;2655,16;66,3684;65,9259;216,536;66,0209;48,5835;12,262;58,7729;670,1;670;670,1;670;645;618,5;-0,0999756;26,5;58,7729;58,56;60,3429;2400,32;58,7729;58,4702;43,2934;191,808;12,5142;670;670,8;52,442;670;670,8;645;627,9;-0,799988;17,1;52,442;53,2399;55,2581;2130,29;52,442;52,8034;44,9492;173,169;12,3018;670;670,1;48,0013;670;670,1;645;638,1;-0,0999756;6,90002;48,0013;48,015;49,7142;2048;48,0013;47,8649;42,1004;156,997;13,0448;670;670,2;40,3279;670;670,2;645;636,5;-0,200012;8,5;40,3279;40,5739;44,058;1663,53;40,3279;40,2556;35,9932;132,013;12,6013
10.10.2025 00:10:03.320000;0;0;670;671;83,2605;670;671;645;618,6;-1;26,4;83,2605;83,2718;68,26;3331,89;83,2605;82,9895;59,3529;272,18;12,2415;670;670,8;65,8314;670;670,8;645;613,2;-0,799988;31,8;65,8314;66,5851;2658,61;66,4427;65,8314;216,457;65,993;48,5589;12,2824;58,7729;670,1;670;670,1;670;645;618,5;-0,0999756;26,5;58,7729;58,4298;60,4201;2395,14;58,7729;58,5051;43,2934;191,897;12,4814;670;670,8;52,4369;670;670,8;645;627,8;-0,799988;17,2;52,4369;53,3265;55,1802;2135,51;52,4369;52,7795;44,9404;173,117;12,3357;670;670,1;48,0013;670;670,1;645;638,1;-0,0999756;6,90002;48,0013;48,0948;49,7142;2051,08;48,0013;47,8567;42,106;156,97;13,0667;670;670,2;40,3276;670;670,2;645;636,5;-0,200012;8,5;40,3276;40,5965;44,0843;1663,98;40,3276;40,1495;36,0651;131,626;12,6417
10.10.2025 00:10:03.820000;0;0;670;671;83,2535;670;671;645;618,6;-1;26,4;83,2535;82,9673;68,3582;3321,14;83,2535;82,9558;59,2876;272,082;12,2064;670;670,8;65,8263;670;670,8;645;613,3;-0,799988;31,7;65,8263;66,4043;2670,31;66,715;65,8263;216,374;65,9636;48,5652;12,3412;58,7729;670,1;670;670,2;670;645;618,4;-0,200012;26,6;58,7729;58,4148;60,4449;2395,8;58,7729;58,4881;43,2928;191,853;12,4877;670;670,8;52,4318;670;670,8;645;627,8;-0,799988;17,2;52,4318;53,5023;55,0492;2140,95;52,4318;52,7627;44,9291;173,06;12,3711;670;670,1;48,0013;670;670,1;645;638,1;-0,0999756;6,90002;48,0013;48,2147;49,6538;2055,72;48,0013;47,84;42,116;156,914;13,1009;670;670,1;40,4174;670;670,1;645;636,5;-0,0999756;8,5;40,4174;40,5112;44,1193;1660,64;40,4174;40,1173;36,0889;131,597;12,6192
10.10.2025 00:10:04.320000;0;0;670;671;83,247;670;670,9;645;618,6;-0,900024;26,4;83,247;83,1114;68,2881;3326,11;83,247;82,966;59,3075;272,129;12,2226;670;670,9;65,7307;670;670,9;645;613,3;-0,900024;31,7;65,7307;66,3252;2671,84;66,7494;65,7307;216,187;65,9225;48,5393;12,3589;58,6822;670,2;670;670,2;670;645;618,5;-0,200012;26,5;58,6822;58,3936;60,4213;2396,21;58,6822;58,4855;43,2928;191,82;12,492;670;670,9;52,3366;670;670,9;645;627,9;-0,900024;17,1;52,3366;53,3977;55,0233;2135,01;52,3366;52,6855;44,9447;172,77;12,3575;670;670,1;48,0013;670;670,1;645;638,1;-0,0999756;6,90002;48,0013;48,117;49,6995;2053,95;48,0013;47,8254;42,1263;156,842;13,0957;670;670,2;40,327;670;670,2;645;636,5;-0,200012;8,5;40,327;40,4919;44,086;1660,81;40,327;40,0046;36,112;131,125;12,6658
10.10.2025 00:10:04.820000;0;0;670;670,9;83,3311;670;670,8;645;618,7;-0,799988;26,3;83,3311;83,2203;68,2786;3331,1;83,3311;83,0275;59,3306;272,343;12,2313;670;670,9;65,7249;670;670,9;645;613,2;-0,900024;31,8;65,7249;66,1395;2681,64;66,9662;65,7249;216,043;65,8706;48,5534;12,4125;58,5006;670,4;670;670,4;670;645;618,3;-0,400024;26,7;58,5006;58,5439;60,3293;2401,58;58,5006;58,4572;43,2928;191,765;12,5235;670;670,9;52,3308;670;670,9;645;628;-0,900024;17;52,3308;53,2784;55,031;2131,67;52,3308;52,6495;44,9059;172,69;12,3439;670;670,1;48,0013;670;670,1;645;638,2;-0,0999756;6,79999;48,0013;48,2201;49,6423;2055,62;48,0013;47,8091;42,1388;156,839;13,1066;670;670,2;40,3264;670;670,2;645;636,5;-0,200012;8,5;40,3264;40,504;44,0758;1660,35;40,3264;40,0158;36,1241;131,265;12,6489
10.10.2025 00:10:05.320000;0;0;670;670,7;83,506;670;670,7;645;618,7;-0,700012;26,3;83,506;83,5235;68,2701;3342,92;83,506;83,1076;59,3882;272,606;12,2628;670;670,8;65,8093;670;670,8;645;613,1;-0,799988;31,9;65,8093;66,0798;2676,43;66,928;65,8093;215,932;65,8446;48,5691;12,3948;58,4075;670,5;670;670,5;670;645;618,4;-0,5;26,6;58,4075;58,5454;60,3293;2399,4;58,4075;58,4859;43,2635;191,821;12,5086;670;671;52,2348;670;671;645;628,1;-1;16,9;52,2348;53,1778;55,0385;2123,65;52,2348;52,6271;44,8622;172,617;12,3027;670;670,2;47,9108;670;670,2;645;638,2;-0,200012;6,79999;47,9108;48,1143;49,6433;2051,11;47,9108;47,8179;42,1047;156,817;13,0797;670;670,1;40,4162;670;670,1;645;636,4;-0,0999756;8,59998;40,4162;40,5275;44,1065;1662,32;40,4162;39,9188;36,2179;130,908;12,6984
10.10.2025 00:10:05.820000;0;0;670;670,6;83,5918;670;670,6;645;618,7;-0,599976;26,3;83,5918;83,7726;68,1798;3351,13;83,5918;83,2459;59,3818;273,085;12,2714;670;670,7;65,8943;670;670,7;645;613;-0,700012;32;65,8943;66,1049;2671,49;66,7325;65,8943;215,839;65,8064;48,5691;12,3772;58,3143;670,6;670;670,6;670;645;618,4;-0,599976;26,6;58,3143;58,5694;60,3117;2401,83;58,3143;58,4358;43,2813;191,638;12,5331;670;670,9;52,3186;670;670,9;645;628,3;-0,900024;16,7;52,3186;52,8974;55,1433;2114,66;52,3186;52,5926;44,8919;172,448;12,2626;670;670,2;47,9101;670;670,3;645;638,2;-0,299988;6,79999;47,9101;48,1637;49,6108;2054,82;47,9101;47,799;42,1099;156,776;13,1067;670;670;40,4162;670;669,9;645;636,4;0,0999756;8,59998;40,4162;40,5759;44,08;1663,77;40,4162;39,9859;36,2165;131,227;12,6785
10.10.2025 00:10:06.320000;0;0;670;670,6;83,5881;670;670,6;645;618,7;-0,599976;26,3;83,5881;83,5232;68,2623;3339,71;83,5881;83,3986;59,3396;273,599;12,2066;670;670,6;65,9802;670;670,6;645;612,9;-0,599976;32,1;65,9802;66,0817;2675,57;66,8546;65,9802;215,652;65,7672;48,6154;12,4069;58,2204;670,7;670;670,7;670;645;618,3;-0,700012;26,7;58,2204;58,4649;60,3266;2396,1;58,2204;58,4241;43,2468;191,592;12,5062;670;671;52,2225;670;671;645;628,4;-1;16,6;52,2225;52,7556;55,1857;2109,79;52,2225;52,5535;44,8575;172,375;12,2395;670;670,2;47,9088;670;670,2;645;638,1;-0,200012;6,90002;47,9088;48,1037;49,5823;2050,82;47,9088;47,7677;42,1057;156,614;13,0948;670;669,9;40,4162;670;669,9;645;636,4;0,0999756;8,59998;40,4162;40,4936;44,1071;1659,93;40,4162;40,0877;36,1946;131,565;12,6168
10.10.2025 00:10:06.820000;0;0;670;670,6;83,5845;670;670,6;645;618,7;-0,599976;26,3;83,5845;83,3769;68,3204;3336,73;83,5845;83,5707;59,2912;274,15;12,1712;670;670,4;66,157;670;670,4;645;612,8;-0,400024;32,2;66,157;66,2406;2663,8;66,6284;66,157;215,41;65,6817;48,7316;12,3662;58,0351;670,9;670;670,9;670;645;618,3;-0,900024;26,7;58,0351;58,3524;60,3266;2393,41;58,0351;58,3311;43,2012;191,313;12,5104;670;671;52,2159;670;671;645;628,5;-1;16,5;52,2159;52,6613;55,2066;2106,98;52,2159;52,5078;44,8587;172,187;12,2366;670;670,3;47,8176;670;670,3;645;638,1;-0,299988;6,90002;47,8176;48,1193;49,5645;2052,29;47,8176;47,7144;42,1089;156,49;13,1145;670;669,8;40,5064;670;669,8;645;636,4;0,200012;8,59998;40,5064;40,4352;44,1071;1657,54;40,5064;40,3285;36,1142;132,406;12,5186
10.10.2025 00:10:07.320000;0;0;670;670,6;83,5809;670;670,6;645;618,7;-0,599976;26,3;83,5809;83,648;68,2743;3353,18;83,5809;83,7134;59,3073;274,616;12,2104;670;670,3;66,245;670;670,3;645;612,7;-0,299988;32,3;66,245;66,176;2674,7;66,7929;66,245;215,243;65,6361;48,8116;12,4264;57,9389;671;670;671;670;645;618,2;-1;26,8;57,9389;58,5752;60,2412;2403,66;57,9389;58,3088;43,1559;191,221;12,5701;670;671;52,2094;670;671;645;628,5;-1;16,5;52,2094;52,6096;55,2045;2105,38;52,2094;52,458;44,865;172,043;12,2376;670;670,3;47,8161;670;670,3;645;638,1;-0,299988;6,90002;47,8161;48,1049;49,5577;2051,83;47,8161;47,6802;42,123;156,371;13,1216;670;670;40,4166;670;670;645;636,4;0;8,59998;40,4166;40,4231;44,1071;1657,8;40,4166;40,4077;36,1116;132,568;12,5053
10.10.2025 00:10:07.820000;0;0;670;670,4;83,7579;670;670,4;645;618,6;-0,400024;26,4;83,7579;83,7802;68,2739;3353,19;83,7579;83,7957;59,317;274,888;12,1984;670;670,2;66,3339;670;670,2;645;612,6;-0,200012;32,4;66,3339;66,3207;2661,29;66,5497;66,3339;215,119;65,5813;48,9071;12,3712;57,842;671,1;670;671,1;670;645;618,1;-1,09998;26,9;57,842;58,6772;60,1365;2406,72;57,842;58,2383;43,1279;191,022;12,5992;670;671;52,2029;670;671;645;628,6;-1;16,4;52,2029;52,658;55,1575;2107,8;52,2029;52,4227;44,8674;171,947;12,2585;670;670,3;47,8147;670;670,3;645;638,1;-0,299988;6,90002;47,8147;48,0229;49,5868;2046,74;47,8147;47,6645;42,1318;156,352;13,0906;670;670;40,4166;670;670,1;645;636,4;-0,0999756;8,59998;40,4166;40,4929;44,1071;1660,53;40,4166;40,4939;36,1116;132,794;12,5045
10.10.2025 00:10:08.320000;0;0;670;670,5;83,6654;670;670,5;645;618,5;-0,5;26,5;83,6654;83,8292;68,2739;3354,2;83,6654;83,8798;59,2694;275,164;12,1898;670;670,1;66,4236;670;670,1;645;612,6;-0,0999756;32,4;66,4236;66,4809;2646;66,1194;66,4236;215,278;65,618;48,8468;12,291;57,8347;671,1;670;671,1;670;645;618,1;-1,09998;26,9;57,8347;58,8089;60,0427;2411,65;57,8347;58,2318;43,1074;190,962;12,629;670;670,9;52,2864;670;670,9;645;628,7;-0,900024;16,3;52,2864;52,6865;55,1331;2106,38;52,2864;52,4239;44,8563;171,963;12,249;670;670,3;47,8132;670;670,3;645;638,1;-0,299988;6,90002;47,8132;47,9325;49,6265;2041,92;47,8132;47,646;42,1421;156,202;13,0724;670;670,1;40,4166;670;670,1;645;636,5;-0,0999756;8,5;40,4166;40,4543;44,1071;1658,63;40,4166;40,3773;36,1116;132,36;12,5311
10.10.2025 00:10:08.820000;0;0;670;670,6;83,5726;670;670,6;645;618,5;-0,599976;26,5;83,5726;83,8971;68,275;3356,75;83,5726;83,9557;59,1908;275,4;12,1886;670;670,1;66,4236;670;670,1;645;612,7;-0,0999756;32,3;66,4236;66,4451;2652,05;66,2078;66,4236;215,593;65,7061;48,8683;12,3012;57,9193;671;670;671;670;645;618,2;-1;26,8;57,9193;58,7713;60,0125;2407,73;57,9193;58,1831;43,1478;190,802;12,619;670;670,9;52,2818;670;670,8;645;628,8;-0,799988;16,2;52,2818;52,4982;55,2112;2101,25;52,2818;52,3989;44,898;171,843;12,2278;670;670,4;47,7217;670;670,4;645;638,1;-0,400024;6,90002;47,7217;47,9158;49,5872;2043,45;47,7217;47,6289;42,1178;156,171;13,0847;670;670,2;40,3263;670;670,2;645;636,5;-0,200012;8,5;40,3263;40,473;44,1071;1659,39;40,3263;40,3878;36,1116;132,485;12,5252
10.10.2025 00:10:09.320000;0;0;670;670,6;83,5685;670;670,6;645;618,4;-0,599976;26,6;83,5685;83,8734;68,2929;3358,84;83,5685;84,0063;59,1095;275,579;12,1883;670;670,1;66,4236;670;670,1;645;612,7;-0,0999756;32,3;66,4236;66,3893;2656,5;66,3459;66,4236;216,36;65,9165;48,8653;12,2781;58,0031;670,9;670;670,8;670;645;618,2;-0,799988;26,8;58,0031;58,6667;60,0339;2402,48;58,0031;58,1739;43,1762;190,759;12,5943;670;670,8;52,3666;670;670,8;645;628,9;-0,799988;16,1;52,3666;52,5587;55,162;2104,95;52,3666;52,3424;44,9042;171,683;12,2607;670;670,4;47,7195;670;670,4;645;638;-0,400024;7;47,7195;47,9256;49,574;2042,75;47,7195;47,6075;42,1234;156,153;13,0818;670;670,3;40,2352;670;670,3;645;636,5;-0,299988;8,5;40,2352;40,4333;44,0977;1657,44;40,2352;40,3152;36,1116;132,144;12,5427
10.10.2025 00:10:09.820000;0;0;670;670,6;83,5642;670;670,6;645;618,2;-0,599976;26,8;83,5642;83,8314;68,3545;3351,98;83,5642;84,0822;59,0825;275,815;12,153;670;670,1;66,4236;670;670,1;645;612,8;-0,0999756;32,2;66,4236;66,3893;2656,3;66,3369;66,4236;217,253;66,2005;48,7672;12,2267;58,0869;670,8;670;670,7;670;645;618,4;-0,700012;26,6;58,0869;58,6751;59,9765;2406;58,0869;58,1213;43,2029;190,651;12,6199;670;670,7;52,4507;670;670,7;645;628,9;-0,700012;16,1;52,4507;52,8346;55,049;2113,43;52,4507;52,3213;44,9165;171,575;12,3178;670;670,3;47,8074;670;670,3;645;638;-0,299988;7;47,8074;47,866;49,6227;2039,89;47,8074;47,5865;42,1718;156,071;13,0702;670;670,3;40,233;670;670,4;645;636,6;-0,400024;8,40002;40,233;40,3696;44,1056;1654,99;40,233;40,3023;36,1102;132,191;12,5197
10.10.2025 00:10:10.320000;0;0;670;670,6;83,5613;670;670,6;645;618,1;-0,599976;26,9;83,5613;83,6058;68,4977;3344,29;83,5613;84,1147;59,0452;275,922;12,1204;670;670,2;66,3333;670;670,2;645;612,9;-0,200012;32,1;66,3333;66,3893;2658,36;66,3885;66,3333;217,693;66,3385;48,7535;12,2115;58,2635;670,6;670;670,6;670;645;618,5;-0,599976;26,5;58,2635;58,6084;60,0164;2401,83;58,2635;58,1299;43,2029;190,641;12,5987;670;670,6;52,5375;670;670,6;645;628,8;-0,599976;16,2;52,5375;52,8633;55,0648;2116,5;52,5375;52,2985;44,9632;171,539;12,3383;670;670,3;47,8063;670;670,3;645;638;-0,299988;7;47,8063;47,8268;49,6227;2039,33;47,8063;47,5833;42,1792;156,086;13,0654;670;670,4;40,1413;670;670,4;645;636,6;-0,400024;8,40002;40,1413;40,3226;44,1056;1652,59;40,1413;40,2402;36,1093;131,911;12,5281
10.10.2025 00:10:10.820000;0;0;670;670,7;83,4671;670;670,7;645;618;-0,700012;27;83,4671;83,6722;68,5052;3349,82;83,4671;84,1409;58,9624;275,995;12,1373;670;670,3;66,2426;670;670,3;645;613;-0,299988;32;66,2426;66,3893;2657,43;66,4013;66,2426;218,191;66,4903;48,7298;12,1794;58,4407;670,4;670;670,3;670;645;618,6;-0,299988;26,4;58,4407;58,3224;60,1864;2391,7;58,4407;58,1017;43,2571;190,548;12,5517;670;670,5;52,6242;670;670,5;645;628,8;-0,5;16,2;52,6242;52,8312;55,1095;2111,21;52,6242;52,3095;45,0039;171,575;12,3049;670;670,2;47,8951;670;670,2;645;638,1;-0,200012;6,90002;47,8951;47,8443;49,6227;2038,48;47,8951;47,5826;42,2039;156,109;13,058;670;670,4;40,1391;670;670,4;645;636,6;-0,400024;8,40002;40,1391;40,2484;44,1056;1649,91;40,1391;40,2318;36,1093;131,986;12,5006
10.10.2025 00:10:11.320000;0;0;670;670,7;83,4632;670;670,7;645;618;-0,700012;27;83,4632;83,5388;68,6094;3340,49;83,4632;84,1638;58,9455;276,05;12,101;670;670,4;66,151;670;670,4;645;613,1;-0,400024;31,9;66,151;66,4884;2653,11;66,3373;66,151;218,592;66,623;48,6261;12,1373;58,5292;670,3;670;670,3;670;645;618,6;-0,299988;26,4;58,5292;58,363;60,2144;2394;58,5292;58,1169;43,2759;190,615;12,5594;670;670,5;52,6213;670;670,5;645;628,8;-0,5;16,2;52,6213;52,6141;55,1616;2107,32;52,6213;52,317;45,0105;171,616;12,2793;670;670,2;47,8944;670;670,1;645;638,2;-0,0999756;6,79999;47,8944;47,7754;49,634;2035,22;47,8944;47,5666;42,1891;155,983;13,0477;670;670,4;40,137;670;670,4;645;636,6;-0,400024;8,40002;40,137;40,2571;44,1056;1651,03;40,137;40,2002;36,1092;131,795;12,5273
10.10.2025 00:10:11.820000;0;0;670;670,7;83,4588;670;670,6;645;617,9;-0,599976;27,1;83,4588;83,7646;68,5019;3352,89;83,4588;84,1141;58,8954;275,843;12,1551;670;670,4;66,1488;670;670,4;645;613,3;-0,400024;31,7;66,1488;66,5902;2652,11;66,2563;66,1488;218,848;66,7101;48,5274;12,1185;58,5277;670,3;670;670,3;670;645;618,7;-0,299988;26,3;58,5277;58,3217;60,2389;2389,59;58,5277;58,0747;43,2868;190,485;12,5448;670;670,5;52,6184;670;670,5;645;628,9;-0,5;16,1;52,6184;52,777;55,1313;2113,52;52,6184;52,3217;45,0236;171,625;12,3147;670;670,1;47,9844;670;670,1;645;638,2;-0,0999756;6,79999;47,9844;47,749;49,6993;2034,74;47,9844;47,5751;42,1804;156,083;13,0363;670;670,4;40,1348;670;670,4;645;636,5;-0,400024;8,5;40,1348;40,3132;44,0905;1653,02;40,1348;40,1851;36,1092;131,857;12,5365
10.10.2025 00:10:12.320000;0;0;670;670,6;83,5452;670;670,6;645;617,9;-0,599976;27,1;83,5452;83,6512;68,536;3347,07;83,5452;84,0403;58,9284;275,588;12,1452;670;670,5;66,0564;670;670,5;645;613,4;-0,5;31,6;66,0564;66,6935;2643,64;66,0966;66,0564;218,747;66,7067;48,46;12,0854;58,7068;670,1;670;670,1;670;645;618,7;-0,0999756;26,3;58,7068;58,2738;60,3197;2390,03;58,7068;58,1299;43,2509;190,718;12,5318;670;670,6;52,525;670;670,5;645;628,9;-0,5;16,1;52,525;52,7492;55,0909;2113,05;52,525;52,326;44,9944;171,655;12,3099;670;670,1;47,9844;670;670;645;638,1;0;6,90002;47,9844;47,813;49,6761;2039,23;47,9844;47,5833;42,2066;156,06;13,0669;670;670,4;40,133;670;670,4;645;636,5;-0,400024;8,5;40,133;40,3685;44,0806;1655,28;40,133;40,158;36,1092;131,68;12,5705
10.10.2025 00:10:12.820000;0;0;670;670,8;83,3614;670;670,8;645;617,9;-0,799988;27,1;83,3614;83,7183;68,4507;3353,91;83,3614;83,9117;58,956;275,149;12,1894;670;670,5;66,0535;670;670,5;645;613,5;-0,5;31,5;66,0535;66,7465;2641,29;65,9459;66,0535;218,308;66,5936;48,424;12,0989;58,6165;670,2;670;670,2;670;645;618,9;-0,200012;26,1;58,6165;58,2528;60,3475;2389;58,6165;58,1225;43,2491;190,691;12,5282;670;670,5;52,612;670;670,5;645;628,8;-0,5;16,2;52,612;52,9052;55,0447;2118,33;52,612;52,3655;45,0227;171,769;12,3324;670;670;47,9844;670;670;645;638,1;0;6,90002;47,9844;47,7716;49,7008;2036,66;47,9844;47,5915;42,1957;156,136;13,0441;670;670,4;40,1309;670;670,4;645;636,5;-0,400024;8,5;40,1309;40,3336;44,0875;1652,67;40,1309;40,2131;36,1092;131,961;12,5239
10.10.2025 00:10:13.320000;0;0;670;670,8;83,3568;670;670,8;645;618,1;-0,799988;26,9;83,3568;84,0596;68,3041;3365,82;83,3568;83,7626;58,9565;274,628;12,2559;670;670,6;65,9603;670;670,6;645;613,6;-0,599976;31,4;65,9603;66,6984;2637,14;65,9061;65,9603;217,685;66,4023;48,455;12,1145;58,6157;670,2;670;670,2;670;645;619,1;-0,200012;25,9;58,6157;58,3308;60,3238;2390,76;58,6157;58,194;43,2527;190,865;12,5259;670;670,4;52,6992;670;670,4;645;628,8;-0,400024;16,2;52,6992;52,9253;55,0184;2118,34;52,6992;52,3824;45,0239;171,828;12,3282;670;669,9;47,9844;670;669,9;645;638,1;0,0999756;6,90002;47,9844;47,7787;49,7051;2037,6;47,9844;47,6165;42,1919;156,196;13,0452;670;670,4;40,1287;670;670,4;645;636,5;-0,400024;8,5;40,1287;40,3409;44,0802;1654,31;40,1287;40,2071;36,109;131,816;12,5501
10.10.2025 00:10:13.820000;0;0;670;671;83,1709;670;671;645;618,2;-1;26,8;83,1709;84,0887;68,189;3364,06;83,1709;83,6095;58,8892;274,175;12,2698;670;670,7;65,8663;670;670,6;645;613,7;-0,599976;31,3;65,8663;66,5111;2649,46;66,1901;65,8663;217,141;66,2328;48,487;12,2016;58,7055;670;670;670;670;645;619,2;0;25,8;58,7055;58,4049;60,3438;2393,96;58,7055;58,2004;43,2846;190,923;12,5389;670;670,4;52,697;670;670,4;645;628,7;-0,400024;16,3;52,697;52,8941;55,0701;2119,01;52,697;52,4356;45,0498;172,002;12,3197;670;669,9;47,9844;670;669,9;645;638,2;0,0999756;6,79999;47,9844;47,8101;49,6948;2039,1;47,9844;47,6577;42,1921;156,381;13,0393;670;670,3;40,2169;670;670,3;645;636,4;-0,299988;8,59998;40,2169;40,4027;44,0651;1656,68;40,2169;40,248;36,109;132,103;12,5408
10.10.2025 00:10:14.320000;0;0;670;670,9;83,2546;670;670,9;645;618,3;-0,900024;26,7;83,2546;83,7951;68,2558;3350,78;83,2546;83,492;58,9514;273,771;12,2393;670;670,6;65,9526;670;670,6;645;613,7;-0,599976;31,3;65,9526;66,3927;2658,58;66,434;65,9526;216,725;66,1075;48,5622;12,2671;58,7055;670,1;670;670,1;670;645;619,3;-0,0999756;25,7;58,7055;58,3934;60,3633;2394,13;58,7055;58,2709;43,2552;191,176;12,5232;670;670,4;52,6948;670;670,4;645;628,7;-0,400024;16,3;52,6948;53,0417;54,9834;2122,82;52,6948;52,4552;45,0511;172,062;12,3375;670;669,9;47,9844;670;669,9;645;638,2;0,0999756;6,79999;47,9844;47,7342;49,7383;2036,18;47,9844;47,7164;42,1725;156,519;13,0091;670;670,3;40,2155;670;670,3;645;636,4;-0,299988;8,59998;40,2155;40,359;44,0856;1654,21;40,2155;40,248;36,109;131,972;12,5346
10.10.2025 00:10:14.820000;0;0;670;670,9;83,2488;670;670,9;645;618,4;-0,900024;26,6;83,2488;83,621;68,2693;3343,97;83,2488;83,3661;58,9942;273,405;12,2308;670;670,6;65,949;670;670,6;645;613,8;-0,599976;31,2;65,949;66,398;2649,62;66,27;65,949;216,361;65,9856;48,5832;12,2463;58,7055;670,1;670;670,1;670;645;619,4;-0,0999756;25,6;58,7055;58,3852;60,3804;2394,11;58,7055;58,2862;43,2475;191,197;12,5217;670;670,3;52,7829;670;670,3;645;628,6;-0,299988;16,4;52,7829;53,111;54,9754;2125,87;52,7829;52,4509;45,0979;172,071;12,3546;670;669,9;47,9844;670;669,9;645;638,2;0,0999756;6,79999;47,9844;47,7685;49,7283;2036,85;47,9844;47,7514;42,1725;156,657;13,0019;670;670,4;40,1238;670;670,3;645;636,4;-0,299988;8,59998;40,1238;40,3503;44,0902;1654,23;40,1238;40,2869;36,0835;132,213;12,5118
10.10.2025 00:10:15.320000;0;0;670;670,9;83,243;670;670,9;645;618,5;-0,900024;26,5;83,243;83,8032;68,1273;3355,62;83,243;83,2935;59,0005;273,074;12,2883;670;670,6;65,9453;670;670,6;645;613,8;-0,599976;31,2;65,9453;66,3765;2653,45;66,2498;65,9453;216,129;65,9126;48,5832;12,2771;58,615;670,2;670;670,2;670;645;619,3;-0,200012;25,7;58,615;58,4524;60,3107;2397,35;58,615;58,3501;43,2485;191,401;12,5253;670;670,3;52,7814;670;670,3;645;628,4;-0,299988;16,6;52,7814;53,1061;54,9618;2124,28;52,7814;52,452;45,1122;172,068;12,3456;670;669,9;47,9844;670;669,9;645;638,3;0,0999756;6,70001;47,9844;47,8922;49,6746;2042,6;47,9844;47,7759;42,1792;156,692;13,0358;670;670,3;40,2123;670;670,3;645;636,4;-0,299988;8,59998;40,2123;40,3393;44,0902;1653,75;40,2123;40,2799;36,1069;132,041;12,5245
10.10.2025 00:10:15.820000;0;0;670;670,9;83,2372;670;670,9;645;618,6;-0,900024;26,4;83,2372;83,7632;68,0904;3343,66;83,2372;83,1429;59,0005;272,657;12,2632;670;670,6;65,9417;670;670,7;645;613,8;-0,700012;31,2;65,9417;66,2936;2655,16;66,3764;65,9417;215,919;65,8407;48,5839;12,297;58,7048;670,1;670;670,1;670;645;619,4;-0,0999756;25,6;58,7048;58,5308;60,3212;2402,16;58,7048;58,3488;43,2825;191,384;12,5515;670;670,4;52,6896;670;670,4;645;628,3;-0,400024;16,7;52,6896;53,0504;54,9296;2123,04;52,6896;52,4822;45,0759;172,129;12,334;670;669,9;47,9844;670;670;645;638,3;0;6,70001;47,9844;47,8811;49,6762;2043,09;47,9844;47,7592;42,1845;156,65;13,0424;670;670,3;40,2108;670;670,3;645;636,4;-0,299988;8,59998;40,2108;40,3281;44,0902;1653,93;40,2108;40,3026;36,1069;132,244;12,5067
10.10.2025 00:10:16.320000;0;0;670;670,9;83,2309;670;670,9;645;618,6;-0,900024;26,4;83,2309;83,6768;68,0664;3353,52;83,2309;83,0567;59,0011;272,364;12,3126;670;670,6;65,9377;670;670,6;645;613,7;-0,599976;31,3;65,9377;66,3263;2649,66;66,267;65,9377;215,702;65,782;48,6063;12,2839;58,7048;670,1;670;670,1;670;645;619,4;-0,0999756;25,6;58,7048;58,7107;60,285;2406,66;58,7048;58,3762;43,353;191,488;12,5682;670;670,4;52,6874;670;670,4;645;628,3;-0,400024;16,7;52,6874;53,0318;54,92;2121,31;52,6874;52,4822;45,0822;172,117;12,3248;670;670;47,9844;670;670;645;638,4;0;6,59998;47,9844;47,8318;49,7017;2040,83;47,9844;47,7556;42,1781;156,626;13,03;670;670,4;40,1185;670;670,4;645;636,4;-0,400024;8,59998;40,1185;40,3468;44,0902;1654,06;40,1185;40,2519;36,0914;132,026;12,5283
10.10.2025 00:10:16.820000;0;0;670;671;83,1346;670;671;645;618,6;-1;26,4;83,1346;83,5852;68,0804;3344,87;83,1346;82,9447;59,0428;272,02;12,2964;670;670,6;65,934;670;670,6;645;613,6;-0,599976;31,4;65,934;66,3465;2650,88;66,2015;65,934;215,54;65,7213;48,6354;12,2988;58,7048;670;670;670;670;645;619,2;0;25,8;58,7048;58,7195;60,285;2404,46;58,7048;58,3628;43,3741;191,417;12,5614;670;670,5;52,5947;670;670,6;645;628,2;-0,599976;16,8;52,5947;52,939;54,9066;2119,04;52,5947;52,4337;45,07;171,941;12,3242;670;670;47,9844;670;670;645;638,4;0;6,59998;47,9844;47,8844;49,6762;2041,79;47,9844;47,7684;42,1861;156,68;13,0316;670;670,6;39,9357;670;670,6;645;636,4;-0,599976;8,59998;39,9357;40,3781;44,0902;1655,34;39,9357;40,3053;35,9899;132,248;12,517
10.10.2025 00:10:17.320000;0;0;670;671;83,1272;670;671;645;618,6;-1;26,4;83,1272;83,4222;68,1395;3338,22;83,1272;82,8633;59,0858;271,792;12,2823;670;670,5;66,0202;670;670,5;645;613,3;-0,5;31,7;66,0202;66,296;2655,49;66,3607;66,0202;215,617;65,7369;48,6752;12,3158;58,7048;669,9;670;669,9;670;645;619,1;0,0999756;25,9;58,7048;58,357;60,4179;2392,64;58,7048;58,3858;43,2824;191,505;12,4939;670;670,7;52,4104;670;670,7;645;628,2;-0,700012;16,8;52,4104;52,6997;54,9628;2108,35;52,4104;52,4328;45,0468;172,005;12,2575;670;670;47,9844;670;670;645;638,4;0;6,59998;47,9844;47,9348;49,6762;2043,32;47,9844;47,7645;42,2115;156,629;13,0456;670;670,5;40,0227;670;670,5;645;636,4;-0,5;8,59998;40,0227;40,3342;44,0902;1653,54;40,0227;40,2567;36,031;132,042;12,5228
10.10.2025 00:10:17.820000;0;0;670;671;83,1207;670;671;645;618,6;-1;26,4;83,1207;83,1896;68,2311;3328,91;83,1207;82,8061;59,1194;271,604;12,2565;670;670,5;66,0173;670;670,5;645;613,1;-0,5;31,9;66,0173;66,2754;2655,78;66,368;66,0173;216,022;65,8603;48,6333;12,2941;58,7048;669,9;670;669,9;670;645;619;0,0999756;26;58,7048;58,4292;60,3978;2395,6;58,7048;58,3723;43,2824;191,461;12,5122;670;670,7;52,406;670;670,7;645;628,2;-0,700012;16,8;52,406;52,5356;55,0093;2102,9;52,406;52,4548;45,0468;172,052;12,2225;670;670;47,9844;670;670;645;638,4;0;6,59998;47,9844;47,921;49,6765;2043,83;47,9844;47,7553;42,2122;156,637;13,0482;670;670,5;40,0198;670;670,5;645;636,4;-0,5;8,59998;40,0198;40,3572;44,0902;1654,65;40,0198;40,3221;35,9934;132,244;12,5121
10.10.2025 00:10:18.320000;0;0;670;670,9;83,2042;670;670,9;645;618,6;-0,900024;26,4;83,2042;83,3135;68,1784;3333,87;83,2042;82,7793;59,1422;271,516;12,2787;670;670,6;65,9241;670;670,6;645;613;-0,599976;32;65,9241;66,3061;2651,45;66,3196;65,9241;216,755;66,0644;48,5948;12,2324;58,7051;669,9;670;669,9;670;645;619;0,0999756;26;58,7051;58,4788;60,3848;2398,27;58,7051;58,3845;43,2824;191,488;12,5244;670;670,7;52,4017;670;670,7;645;628,2;-0,700012;16,8;52,4017;52,5866;54,9902;2104,79;52,4017;52,4513;45,0468;172,027;12,2352;670;670;47,9844;670;670;645;638,5;0;6,5;47,9844;47,9177;49,6765;2044,17;47,9844;47,7399;42,2219;156,548;13,0577;670;670,6;39,9268;670;670,6;645;636,4;-0,599976;8,59998;39,9268;40,4042;44,051;1656,57;39,9268;40,2284;36,0187;131,936;12,5558
10.10.2025 00:10:18.820000;0;0;670;670,8;83,2887;670;670,8;645;618,6;-0,799988;26,4;83,2887;83,0806;68,2817;3323,75;83,2887;82,7082;59,1789;271,283;12,252;670;670,6;65,9205;670;670,6;645;613;-0,599976;32;65,9205;66,5524;2635,12;65,8477;65,9205;217,473;66,2754;48,4692;12,117;58,7051;669,9;670;669,9;670;645;619,2;0,0999756;25,8;58,7051;58,502;60,3811;2398,9;58,7051;58,3136;43,32;191,269;12,5421;670;670,7;52,3973;670;670,7;645;628,2;-0,700012;16,8;52,3973;52,5424;54,9942;2102,22;52,3973;52,4235;45,0468;171,923;12,2276;670;670;47,9844;670;670;645;638,5;0;6,5;47,9844;47,9444;49,6765;2043,55;47,9844;47,7083;42,2558;156,483;13,0592;670;670,5;40,0135;670;670,5;645;636,4;-0,5;8,59998;40,0135;40,4244;44,0642;1657,56;40,0135;40,283;35,9833;132,141;12,5439
10.10.2025 00:10:19.320000;0;0;670;670,8;83,2836;670;670,8;645;618,6;-0,799988;26,4;83,2836;83,0002;68,3304;3320,86;83,2836;82,6645;59,1785;271,114;12,2489;670;670,7;65,8268;670;670,7;645;613;-0,700012;32;65,8268;66,5969;2641,22;65,988;65,8268;217,998;66,4551;48,3984;12,1158;58,7051;670;670;670;670;645;619,2;0;25,8;58,7051;58,5349;60,3705;2400,89;58,7051;58,321;43,3363;191,254;12,5534;670;670,7;52,393;670;670,7;645;628,3;-0,700012;16,7;52,393;52,5618;54,9674;2104,27;52,393;52,38;45,0468;171,832;12,2461;670;670,1;47,9844;670;670,1;645;638,5;-0,0999756;6,5;47,9844;47,8953;49,6765;2042,42;47,9844;47,7549;42,2234;156,662;13,0371;670;670,6;39,9204;670;670,6;645;636,4;-0,599976;8,59998;39,9204;40,418;44,019;1657,14;39,9204;40,1965;35,9712;131,806;12,5726
10.10.2025 00:10:19.820000;0;0;670;670,7;83,3691;670;670,7;645;618,5;-0,700012;26,5;83,3691;82,9696;68,4019;3319,63;83,3691;82,5717;59,2239;270,797;12,2588;670;670,6;65,9128;670;670,6;645;613;-0,599976;32;65,9128;66,4895;2652,26;66,228;65,9128;217,924;66,4443;48,3673;12,1705;58,5247;670,3;670;670,3;670;645;619,2;-0,299988;25,8;58,5247;58,6246;60,3366;2404,41;58,5247;58,2592;43,3705;191,077;12,5834;670;670,6;52,4791;670;670,6;645;628,2;-0,599976;16,8;52,4791;52,6084;54,9833;2104,54;52,4791;52,3377;45,0647;171,693;12,2575;670;670,2;47,8943;670;670,2;645;638,5;-0,200012;6,5;47,8943;47,9858;49,6765;2045,79;47,8943;47,9201;42,2087;157,229;13,0115;670;670,6;39,9172;670;670,6;645;636,4;-0,599976;8,59998;39,9172;40,4336;44,0338;1657,78;39,9172;40,2559;35,9723;132,039;12,5552
10.10.2025 00:10:20.320000;0;0;670;670,5;83,5455;670;670,5;645;618,4;-0,5;26,6;83,5455;82,9118;68,5424;3316,2;83,5455;82,5003;59,2496;270,575;12,2561;670;670,8;65,7283;670;670,8;645;613,1;-0,799988;31,9;65,7283;66,4324;2651,7;66,2577;65,7283;217,444;66,3175;48,3145;12,1948;58,6137;670,2;670;670,2;670;645;619,2;-0,200012;25,8;58,6137;58,6287;60,3358;2403,01;58,6137;58,2848;43,4091;191,174;12,5697;670;670,7;52,3848;670;670,6;645;628,2;-0,599976;16,8;52,3848;52,5518;54,9612;2103,87;52,3848;52,3396;45,0486;171,684;12,2543;670;670,3;47,8035;670;670,3;645;638,5;-0,299988;6,5;47,8035;47,958;49,695;2045,09;47,8035;48,0941;42,1662;157,811;12,9591;670;670,6;39,9136;670;670,5;645;636,4;-0,5;8,59998;39,9136;40,4455;43,9818;1658,1;39,9136;40,179;35,9524;131,772;12,5831
10.10.2025 00:10:20.820000;0;0;670;670,5;83,5426;670;670,5;645;618,2;-0,5;26,8;83,5426;82,9483;68,559;3319,58;83,5426;82,4334;59,3108;270,382;12,2774;670;670,8;65,723;670;670,8;645;613,2;-0,799988;31,8;65,723;66,473;2636,53;65,9029;65,723;216,701;66,0791;48,3805;12,1667;58,5225;670,3;670;670,3;670;645;619,3;-0,299988;25,7;58,5225;58,3362;60,3804;2391,94;58,5225;58,2975;43,3249;191,254;12,5066;670;670,5;52,5612;670;670,5;645;628,2;-0,5;16,8;52,5612;52,6881;54,9301;2108,85;52,5612;52,3135;45,0738;171,588;12,2902;670;670,3;47,8021;670;670,3;645;638,5;-0,299988;6,5;47,8021;47,9453;49,7953;2042,95;47,8021;48,2679;42,0423;158,396;12,8977;670;670,6;39,9103;670;670,6;645;636,4;-0,599976;8,59998;39,9103;40,4498;43,9997;1658,6;39,9103;40,2357;35,9182;131,986;12,5665
10.10.2025 00:10:21.320000;0;0;670;670,4;83,6302;670;670,4;645;618;-0,400024;27;83,6302;83,1455;68,5303;3328,59;83,6302;82,4015;59,4386;270,277;12,3155;670;670,9;65,6273;670;670,9;645;613,2;-0,900024;31,8;65,6273;66,4833;2629,82;65,7231;65,6273;216,134;65,9102;48,395;12,1675;58,4306;670,4;670;670,4;670;645;619,1;-0,400024;25,9;58,4306;58,3494;60,3405;2392,33;58,4306;58,4028;43,3249;191,587;12,4869;670;670,5;52,5583;670;670,5;645;628,2;-0,5;16,8;52,5583;52,6872;54,9705;2108,17;52,5583;52,3052;45,1216;171,574;12,2872;670;670,4;47,7104;670;670,4;645;638,6;-0,400024;6,40002;47,7104;47,8332;49,939;2039,77;47,7104;48,3968;41,9242;158,767;12,8475;670;670,6;39,9066;670;670,6;645;636,3;-0,599976;8,70001;39,9066;40,4391;43,961;1657,84;39,9066;40,1649;35,9318;131,715;12,5866
10.10.2025 00:10:21.820000;0;0;670;670,4;83,628;670;670,4;645;617,9;-0,400024;27,1;83,628;83,409;68,414;3340,25;83,628;82,3717;59,6081;270,18;12,3631;670;671;65,5312;670;671;645;613,3;-1;31,7;65,5312;66,3994;2639,65;65,949;65,5312;215,702;65,7674;48,4048;12,2375;58,3383;670,5;670;670,5;670;645;619,1;-0,5;25,9;58,3383;58,4428;60,3405;2397,12;58,3383;58,4207;43,3249;191,668;12,5066;670;670,4;52,6456;670;670,4;645;628,1;-0,400024;16,9;52,6456;52,4631;55,0264;2097,61;52,6456;52,3155;45,0877;171,591;12,2245;670;670,4;47,7082;670;670,4;645;638,7;-0,400024;6,29999;47,7082;47,8186;49,9966;2039,31;47,7082;48,4346;41,8674;158,848;12,8381;670;670,6;39,9026;670;670,6;645;636,3;-0,599976;8,70001;39,9026;40,3922;44,0014;1656,08;39,9026;40,2147;35,8596;131,924;12,5533
10.10.2025 00:10:22.320000;0;0;670;670,5;83,5355;670;670,5;645;617,9;-0,5;27,1;83,5355;83,2803;68,4388;3332,38;83,5355;82,4268;59,5947;270,398;12,324;670;671;65,5251;670;671;645;613,4;-1;31,6;65,5251;66,3839;2635,95;65,8644;65,5251;215,317;65,661;48,4421;12,2422;58,2453;670,6;670;670,6;670;645;619;-0,599976;26;58,2453;58,6896;60,2981;2407,71;58,2453;58,5059;43,2943;191,887;12,5476;670;670,5;52,5532;670;670,5;645;628,1;-0,5;16,9;52,5532;52,427;55,0068;2099,2;52,5532;52,3416;45,0689;171,693;12,2264;670;670,6;47,5253;670;670,6;645;638,7;-0,599976;6,29999;47,5253;47,9128;49,9378;2043,64;47,5253;48,3548;41,7827;158,565;12,8883;670;670,7;39,8085;670;670,7;645;636,3;-0,700012;8,70001;39,8085;40,3774;43,9627;1655,63;39,8085;40,1345;35,8757;131,615;12,5793
10.10.2025 00:10:22.820000;0;0;670;670,5;83,5326;670;670,5;645;617,8;-0,5;27,2;83,5326;83,49;68,3654;3340,94;83,5326;82,6009;59,6602;271,034;12,3266;670;671,1;65,4285;670;671,1;645;613,4;-1,09998;31,6;65,4285;66,3579;2632,56;65,8076;65,4285;215,065;65,5645;48,4556;12,2408;58,2417;670,6;670;670,6;670;645;618,9;-0,599976;26,1;58,2417;58,7419;60,2825;2406,66;58,2417;58,5424;43,2318;192,045;12,5317;670;670,5;52,5503;670;670,5;645;628,1;-0,5;16,9;52,5503;52,4305;55,005;2098,86;52,5503;52,3741;45,0692;171,787;12,2178;670;670,6;47,5217;670;670,6;645;638,7;-0,599976;6,29999;47,5217;47,9773;49,8408;2046,07;47,5217;48,1992;41,7998;158,042;12,9464;670;670,7;39,8042;670;670,7;645;636,2;-0,700012;8,79999;39,8042;40,3458;44,0095;1654,17;39,8042;40,2097;35,8268;131,901;12,541
10.10.2025 00:10:23.320000;0;0;670;670,5;83,5297;670;670,5;645;617,7;-0,5;27,3;83,5297;83,0757;68,5494;3324,04;83,5297;82,8922;59,4111;271,956;12,2227;670;671,1;65,4212;670;671,1;645;613,4;-1,09998;31,6;65,4212;66,3728;2630,4;65,7138;65,4212;214,847;65,5117;48,4547;12,2432;58,2381;670,6;670;670,6;670;645;619;-0,599976;26;58,2381;58,5274;60,3316;2399,14;58,2381;58,6112;43,1865;192,226;12,4808;670;670,5;52,5474;670;670,5;645;628;-0,5;17;52,5474;52,4506;54,995;2099,5;52,5474;52,3726;45,0693;171,751;12,2241;670;670,7;47,4275;670;670,7;645;638,8;-0,700012;6,20001;47,4275;48,0414;49,7821;2049,28;47,4275;48,0412;41,7895;157,493;13,0119;670;670,7;39,7995;670;670,7;645;636,3;-0,700012;8,70001;39,7995;40,4326;43,9274;1658,38;39,7995;40,1459;35,8292;131,662;12,5957
10.10.2025 00:10:23.820000;0;0;670;670,6;83,4367;670;670,6;645;617,7;-0,599976;27,3;83,4367;83,3058;68,4442;3333,25;83,4367;83,2251;59,3845;273,081;12,2061;670;671,3;65,2333;670;671,3;645;613,5;-1,29999;31,5;65,2333;66,3117;2632,23;65,7715;65,2333;214,75;65,4687;48,3986;12,2572;58,0535;670,8;670;670,8;670;645;618,9;-0,799988;26,1;58,0535;58,52;60,3316;2399,8;58,0535;58,6073;43,092;192,283;12,4805;670;670,5;52,5445;670;670,5;645;627,9;-0,5;17,1;52,5445;52,4508;54,995;2098,87;52,5445;52,3491;45,0708;171,692;12,2246;670;670,8;47,3325;670;670,8;645;638,8;-0,799988;6,20001;47,3325;48,1501;49,7072;2052,32;47,3325;47,908;41,7713;157,125;13,0617;670;670,7;39,7952;670;670,7;645;636,2;-0,700012;8,79999;39,7952;40,4283;43,9196;1657,12;39,7952;40,1498;35,8093;131,666;12,5858
10.10.2025 00:10:24.320000;0;0;670;670,6;83,4331;670;670,6;645;617,6;-0,599976;27,4;83,4331;83,1097;68,5187;3323,96;83,4331;83,4616;59,2779;273,844;12,1382;670;671;65,4965;670;671;645;613,6;-1;31,4;65,4965;66,4069;2621,95;65,5666;65,4965;214,564;65,4237;48,4493;12,2199;58,1389;670,7;670;670,7;670;645;618,9;-0,700012;26,1;58,1389;58,4399;60,3708;2395,88;58,1389;58,6135;43,095;192,226;12,4638;670;670,4;52,6321;670;670,4;645;628;-0,400024;17;52,6321;52,4331;55,0486;2098,32;52,6321;52,3162;45,0772;171,597;12,2282;670;670,8;47,3274;670;670,8;645;638,9;-0,799988;6,09998;47,3274;48,1056;49,6561;2052,02;47,3274;47,7813;41,7917;156,658;13,0987;670;670,5;39,9714;670;670,6;645;636,2;-0,599976;8,79999;39,9714;40,3431;43,8739;1653,41;39,9714;39,9999;35,9002;131,148;12,6072
10.10.2025 00:10:24.820000;0;0;670;670,7;83,3391;670;670,7;645;617,4;-0,700012;27,6;83,3391;82,9824;68,7287;3320,62;83,3391;83,6903;59,1014;274,568;12,094;670;671;65,49;670;671;645;613,6;-1;31,4;65,49;66,4503;2611,68;65,3058;65,49;214,488;65,3927;48,4493;12,1763;58,1346;670,7;670;670,6;670;645;619;-0,599976;26;58,1346;58,4963;60,3362;2399,31;58,1346;58,5428;43,0992;192,021;12,4951;670;670,4;52,6299;670;670,3;645;628;-0,299988;17;52,6299;52,4469;55,0464;2099,51;52,6299;52,3275;45,0795;171,66;12,2307;670;670,8;47,3224;670;670,8;645;638,9;-0,799988;6,09998;47,3224;48,1282;49,5843;2051,71;47,3224;47,6982;41,8025;156,437;13,1152;670;670,6;39,8779;670;670,6;645;636,3;-0,599976;8,70001;39,8779;40,3233;43,8443;1652,89;39,8779;39,9515;35,9002;131,015;12,616
10.10.2025 00:10:25.320000;0;0;670;670,7;83,3347;670;670,7;645;617,4;-0,700012;27,6;83,3347;83,154;68,7872;3330,05;83,3347;83,8954;59,0435;275,241;12,0987;670;671;65,4834;670;671;645;613,7;-1;31,3;65,4834;66,5499;2606,47;65,1237;65,4834;214,469;65,3869;48,3776;12,1531;58,3111;670,5;670;670,5;670;645;619,2;-0,5;25,8;58,3111;58,6044;60,331;2402,94;58,3111;58,4942;43,1742;191,822;12,5269;670;670,2;52,8085;670;670,2;645;628,1;-0,200012;16,9;52,8085;52,5473;55,0447;2102,25;52,8085;52,3573;45,113;171,758;12,2396;670;670,7;47,4078;670;670,7;645;638,8;-0,700012;6,20001;47,4078;48,0231;49,5819;2047,55;47,4078;47,6264;41,8523;156,202;13,1083;670;670,6;39,8746;670;670,6;645;636,3;-0,599976;8,70001;39,8746;40,2594;43,8671;1650,15;39,8746;39,7937;35,9299;130,485;12,6463
10.10.2025 00:10:25.820000;0;0;670;670,8;83,24;670;670,8;645;617,4;-0,799988;27,6;83,24;83,4542;68,7382;3340,62;83,24;84,0286;58,9839;275,704;12,1167;670;671;65,4769;670;671;645;613,8;-1;31,2;65,4769;66,5142;2610,34;65,2124;65,4769;214,482;65,383;48,4087;12,1704;58,3987;670,4;670;670,4;670;645;619,2;-0,400024;25,8;58,3987;58,4649;60,3358;2396,9;58,3987;58,4198;43,2054;191,617;12,5088;670;670,3;52,7177;670;670,3;645;628,1;-0,299988;16,9;52,7177;52,5358;55,1064;2102,91;52,7177;52,373;45,1054;171,77;12,2426;670;670,7;47,4034;670;670,7;645;638,7;-0,700012;6,29999;47,4034;48,0372;49,5411;2048,3;47,4034;47,599;41,8547;156,086;13,1229;670;670,5;39,9613;670;670,5;645;636,4;-0,5;8,59998;39,9613;40,2405;43,8602;1650,5;39,9613;39,7859;35,9336;130,421;12,6552
10.10.2025 00:10:26.320000;0;0;670;670,8;83,235;670;670,8;645;617,4;-0,799988;27,6;83,235;83,7981;68,6733;3354,87;83,235;84,1924;58,8644;276,164;12,1481;670;670,9;65,5606;670;670,9;645;613,8;-0,900024;31,2;65,5606;66,4343;2622,39;65,5216;65,5606;214,416;65,3708;48,4569;12,2304;58,5771;670,2;670;670,2;670;645;619,3;-0,200012;25,7;58,5771;58,5146;60,3358;2398,78;58,5771;58,3997;43,2054;191,5;12,5263;670;670,3;52,7163;670;670,3;645;628,1;-0,299988;16,9;52,7163;52,493;55,0877;2099,6;52,7163;52,3843;45,0878;171,846;12,2179;670;670,6;47,4895;670;670,6;645;638,7;-0,599976;6,29999;47,4895;48,0161;49,5149;2047,41;47,4895;47,5673;41,8887;155,982;13,1259;670;670,5;39,9584;670;670,5;645;636,4;-0,5;8,59998;39,9584;40,2443;43,8451;1650,18;39,9584;39,6525;35,9952;130,034;12,6903
10.10.2025 00:10:26.820000;0;0;670;670,9;83,1395;670;670,9;645;617,5;-0,900024;27,5;83,1395;84,2042;68,5355;3372,59;83,1395;84,206;58,761;276,199;12,2107;670;670,9;65,5547;670;670,9;645;613,7;-0,900024;31,3;65,5547;66,4343;2624,41;65,5641;65,5547;214,503;65,3817;48,4697;12,2348;58,5764;670,2;670;670,1;670;645;619,4;-0,0999756;25,6;58,5764;58,5852;60,3358;2402,63;58,5764;58,3211;43,2717;191,304;12,5592;670;670,3;52,7148;670;670,3;645;628,1;-0,299988;16,9;52,7148;52,4696;55,1089;2099,64;52,7148;52,4001;45,0844;171,882;12,2155;670;670,6;47,4858;670;670,6;645;638,7;-0,599976;6,29999;47,4858;48,035;49,4584;2046,93;47,4858;47,5208;41,8887;155,839;13,135;670;670,5;39,9555;670;670,5;645;636,4;-0,5;8,59998;39,9555;40,1972;43,8561;1646,65;39,9555;39,6692;36,001;130,084;12,6584
10.10.2025 00:10:27.320000;0;0;670;670,8;83,2242;670;670,8;645;617,6;-0,799988;27,4;83,2242;84,4112;68,462;3378,25;83,2242;84,1702;58,7486;276,078;12,2366;670;670,8;65,6396;670;670,8;645;613,6;-0,799988;31,4;65,6396;66,4143;2634,64;65,7798;65,6396;214,509;65,403;48,5027;12,2822;58,6663;670,1;670;670,1;670;645;619,2;-0,0999756;25,8;58,6663;58,7254;60,3358;2406,14;58,6663;58,3183;43,3222;191,233;12,5823;670;670,3;52,7134;670;670,3;645;628,2;-0,299988;16,8;52,7134;52,3945;55,1556;2094,24;52,7134;52,4242;45,0844;171,977;12,1774;670;670,6;47,4822;670;670,6;645;638,7;-0,599976;6,29999;47,4822;47,9839;49,441;2045,39;47,4822;47,4818;41,8887;155,766;13,1312;670;670,4;40,043;670;670,4;645;636,3;-0,400024;8,70001;40,043;40,1157;43,9232;1645,23;40,043;39,5669;36,0953;129,766;12,6784
10.10.2025 00:10:27.820000;0;0;670;670,7;83,3096;670;670,7;645;617,7;-0,700012;27,3;83,3096;84,3161;68,4591;3372,46;83,3096;84,0855;58,7657;275,788;12,2285;670;670,7;65,7247;670;670,7;645;613,4;-0,700012;31,6;65,7247;66,3706;2636,61;65,9369;65,7247;214,631;65,4285;48,5356;12,2844;58,5762;670,2;670;670,2;670;645;619,2;-0,200012;25,8;58,5762;58,7067;60,3358;2407,13;58,5762;58,2932;43,3507;191,227;12,5878;670;670,4;52,6214;670;670,4;645;628,1;-0,400024;16,9;52,6214;52,2957;55,175;2093,29;52,6214;52,4501;45,0602;172,049;12,1668;670;670,6;47,4786;670;670,7;645;638,7;-0,700012;6,29999;47,4786;47,9456;49,4435;2044,24;47,4786;47,4961;41,8887;155,8;13,1209;670;670,4;40,0409;670;670,3;645;636,3;-0,299988;8,70001;40,0409;40,1359;43,9231;1644,29;40,0409;39,6558;36,0821;130,161;12,6328
10.10.2025 00:10:28.320000;0;0;670;670,7;83,3053;670;670,8;645;617,8;-0,799988;27,2;83,3053;84,314;68,385;3374,34;83,3053;83,9529;58,7753;275,218;12,2606;670;670,7;65,7204;670;670,7;645;613,1;-0,700012;31,9;65,7204;66,2686;2644,98;66,118;65,7204;214,538;65,4212;48,5499;12,3287;58,4855;670,3;670;670,3;670;645;619,2;-0,299988;25,8;58,4855;58,7302;60,3043;2409,7;58,4855;58,3445;43,3046;191,366;12,5921;670;670,4;52,6192;670;670,4;645;628,2;-0,400024;16,8;52,6192;52,4478;55,1066;2097,42;52,6192;52,4584;45,0809;172,047;12,191;670;670,7;47,3843;670;670,7;645;638,7;-0,700012;6,29999;47,3843;47,952;49,4251;2045,63;47,3843;47,5082;41,8785;155,785;13,1311;670;670,4;40,0391;670;670,4;645;636,3;-0,400024;8,70001;40,0391;40,0606;43,9231;1642,33;40,0391;39,8167;36,0334;130,763;12,5596
10.10.2025 00:10:28.820000;0;0;670;670,6;83,391;670;670,7;645;617,9;-0,700012;27,1;83,391;84,2217;68,2827;3371,85;83,391;83,7032;58,8804;274,341;12,2907;670;670,6;65,8066;670;670,6;645;612,9;-0,599976;32,1;65,8066;66,2523;2648,03;66,2064;65,8066;214,689;65,4384;48,5938;12,3343;58,484;670,3;670;670,3;670;645;619;-0,299988;26;58,484;58,7247;60,2509;2404,04;58,484;58,3502;43,2693;191,414;12,5593;670;670,5;52,5264;670;670,5;645;628,3;-0,5;16,7;52,5264;52,3706;55,1032;2096,28;52,5264;52,433;45,0809;171,967;12,19;670;670,8;47,2899;670;670,8;645;638,7;-0,799988;6,29999;47,2899;47,9217;49,4151;2043,38;47,2899;47,5026;41,878;155,796;13,1158;670;670,3;40,1272;670;670,3;645;636,3;-0,299988;8,70001;40,1272;40,0064;43,9338;1639,78;40,1272;40,1011;35,986;131,66;12,4547
10.10.2025 00:10:29.320000;0;0;670;670,7;83,2967;670;670,7;645;618;-0,700012;27;83,2967;84,2344;68,1008;3367,96;83,2967;83,4327;58,9415;273,505;12,3141;670;670,5;65,8931;670;670,5;645;612,8;-0,5;32,2;65,8931;66,2694;2648,2;66,2306;65,8931;215,071;65,5391;48,6034;12,3131;58,4826;670,3;670;670,3;670;645;618,9;-0,299988;26,1;58,4826;58,5966;60,3119;2401,5;58,4826;58,3958;43,2564;191,513;12,5397;670;670,5;52,5235;670;670,5;645;628,3;-0,5;16,7;52,5235;52,4425;55,0761;2098,82;52,5235;52,4117;45,0809;171,911;12,2088;670;670,7;47,3748;670;670,7;645;638,8;-0,700012;6,20001;47,3748;47,9063;49,3811;2042,88;47,3748;47,4615;41,8507;155,648;13,125;670;670,5;39,9452;670;670,5;645;636,3;-0,5;8,70001;39,9452;40,0228;43,9793;1641,58;39,9452;40,2242;35,9399;132,025;12,4338
10.10.2025 00:10:29.820000;0;0;670;670,7;83,2924;670;670,7;645;618,1;-0,700012;26,9;83,2924;84,0952;68,0563;3359,88;83,2924;83,1814;58,9601;272,72;12,3199;670;670,4;65,9804;670;670,4;645;612,7;-0,400024;32,3;65,9804;66,3781;2637,52;66,0314;65,9804;215,789;65,7384;48,5699;12,2227;58,3906;670,4;670;670,4;670;645;618,9;-0,400024;26,1;58,3906;58,553;60,2854;2400,67;58,3906;58,368;43,2564;191,473;12,5379;670;670,5;52,5206;670;670,5;645;628,3;-0,5;16,7;52,5206;52,5931;55,0761;2105,1;52,5206;52,3851;45,0959;171,768;12,2555;670;670,7;47,3705;670;670,7;645;638,7;-0,700012;6,29999;47,3705;47,8836;49,3623;2041,76;47,3705;47,4466;41,8805;155,608;13,1211;670;670,5;39,9423;670;670,5;645;636,3;-0,5;8,70001;39,9423;40,0414;44,0875;1641,86;39,9423;40,4363;35,8046;132,692;12,3734
10.10.2025 00:10:30.320000;0;0;670;670,6;83,3781;670;670,6;645;618,2;-0,599976;26,8;83,3781;83,8259;68,1564;3349,74;83,3781;83,0254;59,027;272,184;12,3069;670;670,3;66,0684;670;670,3;645;612,7;-0,299988;32,3;66,0684;66,5384;2621;65,5948;66,0684;216,627;66,0013;48,3864;12,0992;58,3884;670,4;670;670,4;670;645;618,8;-0,400024;26,2;58,3884;58,6889;60,213;2405,92;58,3884;58,3958;43,2564;191,488;12,5643;670;670,5;52,5177;670;670,5;645;628,2;-0,5;16,8;52,5177;52,675;55,0468;2107,43;52,5177;52,3491;45,1132;171,693;12,2744;670;670,8;47,2758;670;670,8;645;638,7;-0,799988;6,29999;47,2758;47,821;49,3522;2035,1;47,2758;47,4067;41,8678;155,457;13,0911;670;670,5;39,9394;670;670,5;645;636,3;-0,5;8,70001;39,9394;40,0539;44,1183;1642,37;39,9394;40,471;35,7617;132,797;12,3675
10.10.2025 00:10:30.820000;0;0;670;670,6;83,3752;670;670,6;645;618,2;-0,599976;26,8;83,3752;83,7257;68,2373;3350,21;83,3752;82,8699;59,1411;271,718;12,3297;670;670,2;66,1574;670;670,2;645;612,6;-0,200012;32,4;66,1574;66,7153;2615,93;65,448;66,1574;217,099;66,155;48,2395;12,0495;58,2965;670,5;670;670,5;670;645;618,8;-0,5;26,2;58,2965;58,612;60,2185;2404,37;58,2965;58,3458;43,2564;191,408;12,5615;670;670,6;52,4253;670;670,6;645;628,2;-0,599976;16,8;52,4253;52,5211;55,0742;2102,48;52,4253;52,3342;45,1224;171,652;12,2485;670;670,7;47,3619;670;670,7;645;638,7;-0,700012;6,29999;47,3619;47,6559;49,4101;2033,17;47,3619;47,38;41,8791;155,403;13,0832;670;670,6;39,8467;670;670,5;645;636,4;-0,5;8,59998;39,8467;40,0616;44,1609;1642,82;39,8467;40,5303;35,6744;132,898;12,3615
10.10.2025 00:10:31.320000;0;0;670;670,5;83,4616;670;670,5;645;618,2;-0,5;26,8;83,4616;83,7371;68,2133;3347,95;83,4616;82,7546;59,2168;271,384;12,3366;670;670,1;66,2469;670;670,1;645;612,6;-0,0999756;32,4;66,2469;66,849;2619,88;65,3948;66,2469;217,42;66,2788;48,1191;12,0498;58,2936;670,5;670;670,5;670;645;618,9;-0,5;26,1;58,2936;58,7614;60,1521;2408,9;58,2936;58,3915;43,2563;191,524;12,5775;670;670,6;52,4217;670;670,6;645;628,2;-0,599976;16,8;52,4217;52,6368;55,0135;2107,43;52,4217;52,3056;45,0971;171,562;12,2838;670;670,7;47,3575;670;670,7;645;638,7;-0,700012;6,29999;47,3575;47,8154;49,3124;2038,37;47,3575;47,375;41,8791;155,364;13,1199;670;670,5;39,9337;670;670,5;645;636,5;-0,5;8,5;39,9337;40,1317;44,0521;1646,06;39,9337;40,3493;35,7515;132,207;12,4506
10.10.2025 00:10:31.820000;0;0;670;670,5;83,4587;670;670,5;645;618,3;-0,5;26,7;83,4587;83,475;68,3408;3336,02;83,4587;82,6729;59,3269;271,154;12,303;670;670,1;66,2469;670;670,1;645;612,8;-0,0999756;32,2;66,2469;66,7873;2628,23;65,6116;66,2469;217,396;66,2872;48,1572;12,0896;58,381;670,4;670;670,4;670;645;619;-0,400024;26;58,381;58,5294;60,2543;2398,75;58,381;58,3841;43,2563;191,525;12,5244;670;670,6;52,418;670;670,6;645;628,2;-0,599976;16,8;52,418;52,6313;55,0054;2106,43;52,418;52,306;45,0965;171,602;12,2751;670;670,7;47,3532;670;670,7;645;638,8;-0,700012;6,20001;47,3532;47,8225;49,2989;2038,83;47,3532;47,3989;41,8791;155,468;13,1141;670;670,5;39,9304;670;670,5;645;636,5;-0,5;8,5;39,9304;40,2598;43,9949;1652,09;39,9304;40,2125;35,75;131,858;12,5293
10.10.2025 00:10:32.320000;0;0;670;670,5;83,4558;670;670,5;645;618,3;-0,5;26,7;83,4558;83,0309;68,5117;3324,85;83,4558;82,6479;59,1974;271,052;12,2665;670;670,1;66,2469;670;670,1;645;612,9;-0,0999756;32,1;66,2469;66,7088;2629,22;65,7841;66,2469;217,075;66,2147;48,2257;12,112;58,2886;670,5;670;670,5;670;645;618,9;-0,5;26,1;58,2886;58,5424;60,2764;2401,04;58,2886;58,4641;43,2259;191,77;12,5204;670;670,6;52,4144;670;670,6;645;628,4;-0,599976;16,6;52,4144;52,7827;54,9153;2108,41;52,4144;52,3506;45,0915;171,743;12,2765;670;670,6;47,4394;670;670,6;645;638,8;-0,599976;6,20001;47,4394;47,739;49,3444;2034,31;47,4394;47,3924;41,8791;155,443;13,0872;670;670,5;39,9274;670;670,5;645;636,5;-0,5;8,5;39,9274;40,3919;43,8554;1656,71;39,9274;40,0257;35,8512;131,139;12,6332
10.10.2025 00:10:32.820000;0;0;670;670,5;83,4526;670;670,5;645;618,2;-0,5;26,8;83,4526;83,0671;68,5092;3328,16;83,4526;82,6332;59,2381;271,004;12,2808;670;670,1;66,2469;670;670,1;645;613;-0,0999756;32;66,2469;66,7877;2631,21;65,6901;66,2469;216,487;66,0321;48,2355;12,1541;58,2857;670,5;670;670,5;670;645;618,9;-0,5;26,1;58,2857;58,4488;60,2763;2399,28;58,2857;58,4659;43,2192;191,811;12,5086;670;670,6;52,4108;670;670,6;645;628,5;-0,599976;16,5;52,4108;52,7622;54,912;2112,93;52,4108;52,3879;45,0915;171,823;12,2971;670;670,6;47,4357;670;670,6;645;638,7;-0,599976;6,29999;47,4357;47,6798;49,3618;2032,59;47,4357;47,426;41,8791;155,586;13,0641;670;670,5;39,9245;670;670,5;645;636,6;-0,5;8,40002;39,9245;40,3723;43,7942;1655,42;39,9245;39,9263;35,8512;130,91;12,6455
10.10.2025 00:10:33.320000;0;0;670;670,6;83,3592;670;670,6;645;618,2;-0,599976;26,8;83,3592;83,2824;68,3732;3332,96;83,3592;82,6269;59,3587;271,003;12,2986;670;670,1;66,2469;670;670,1;645;613;-0,0999756;32;66,2469;66,6292;2643,52;66,0457;66,2469;216,04;65,8932;48,3488;12,2363;58,3733;670,4;670;670,4;670;645;619;-0,400024;26;58,3733;58,3983;60,2909;2395,13;58,3733;58,5269;43,2254;191,981;12,4759;670;670,6;52,4071;670;670,6;645;628,6;-0,599976;16,4;52,4071;52,8388;54,8516;2113,13;52,4071;52,3785;45,0915;171,84;12,2971;670;670,6;47,4321;670;670,6;645;638,7;-0,599976;6,29999;47,4321;47,6465;49,3753;2031,33;47,4321;47,4442;41,8791;155,617;13,0534;670;670,4;40,0118;670;670,4;645;636,5;-0,400024;8,5;40,0118;40,3812;43,812;1655,47;40,0118;39,7842;35,9033;130,402;12,6951
10.10.2025 00:10:33.820000;0;0;670;670,5;83,4459;670;670,5;645;618,1;-0,5;26,9;83,4459;83,1385;68,4794;3322,43;83,4459;82,6452;59,3297;271,095;12,2556;670;670,1;66,2469;670;670,1;645;613;-0,0999756;32;66,2469;66,5817;2653,85;66,2678;66,2469;215,746;65,8005;48,4781;12,3008;58,3711;670,4;670;670,3;670;645;618,9;-0,299988;26,1;58,3711;58,3976;60,3001;2392,86;58,3711;58,5433;43,2141;192,047;12,4598;670;670,6;52,4035;670;670,7;645;628,6;-0,700012;16,4;52,4035;52,7372;54,8906;2110,79;52,4035;52,4179;45,0915;171,918;12,2779;670;670,5;47,5187;670;670,5;645;638,6;-0,5;6,40002;47,5187;47,5901;49,4225;2027,64;47,5187;47,4988;41,8791;155,798;13,0146;670;670,3;40,0998;670;670,3;645;636,5;-0,299988;8,5;40,0998;40,3145;43,8286;1652,09;40,0998;39,7521;35,9259;130,339;12,6754
10.10.2025 00:10:34.320000;0;0;670;670,5;83,443;670;670,5;645;618,2;-0,5;26,8;83,443;83,3197;68,4011;3338,28;83,443;82,726;59,393;271,386;12,3009;670;670,2;66,1565;670;670,2;645;613;-0,200012;32;66,1565;66,5815;2645,79;66,1822;66,1565;215,559;65,7257;48,4961;12,2741;58,4596;670,3;670;670,3;670;645;619,1;-0,299988;25,9;58,4596;58,288;60,3936;2389,49;58,4596;58,6021;43,147;192,206;12,4319;670;670,8;52,2192;670;670,8;645;628,7;-0,799988;16,3;52,2192;52,768;54,8632;2109,35;52,2192;52,4224;45,0859;171,988;12,2645;670;670,6;47,4249;670;670,6;645;638,7;-0,599976;6,29999;47,4249;47,4347;49,4225;2022,62;47,4249;47,5125;41,8791;155,841;12,9787;670;670,3;40,098;670;670,3;645;636,4;-0,299988;8,59998;40,098;40,2791;43,8829;1650,8;40,098;39,6172;36,0392;129,919;12,7064
10.10.2025 00:10:34.820000;0;0;670;670,5;83,4404;670;670,5;645;618,2;-0,5;26,8;83,4404;83,8046;68,2542;3355,31;83,4404;82,8251;59,4412;271,756;12,3468;670;670,2;66,1558;670;670,2;645;613,1;-0,200012;31,9;66,1558;66,5815;2644,78;66,069;66,1558;215,699;65,7462;48,471;12,2614;58,6387;670,1;670;670,1;670;645;619,1;-0,0999756;25,9;58,6387;58,0273;60,5309;2377,36;58,6387;58,5756;43,0318;192,141;12,373;670;670,8;52,2141;670;670,8;645;628,7;-0,799988;16,3;52,2141;52,7322;54,8883;2108,06;52,2141;52,4584;45,0255;172,063;12,2517;670;670,5;47,5122;670;670,5;645;638,7;-0,5;6,29999;47,5122;47,4755;49,4225;2024,52;47,5122;47,5239;41,8791;155,853;12,9899;670;670,3;40,0966;670;670,3;645;636,4;-0,299988;8,59998;40,0966;40,2247;43,9062;1649,37;40,0966;39,6404;36,0545;130,046;12,683
10.10.2025 00:10:35.320000;0;0;670;670,6;83,3473;670;670,6;645;618,2;-0,599976;26,8;83,3473;83,973;68,0992;3355,18;83,3473;82,9868;59,3678;272,287;12,3222;670;670,3;66,065;670;670,3;645;613,2;-0,299988;31,8;66,065;66,5819;2647,21;66,0619;66,065;215,933;65,8216;48,4498;12,2594;58,6387;670,1;670;670,1;670;645;619,1;-0,0999756;25,9;58,6387;58,2304;60,4952;2387,45;58,6387;58,5647;43,0851;192,092;12,4287;670;670,8;52,208;670;670,8;645;628,7;-0,799988;16,3;52,208;52,3812;54,9718;2096,09;52,208;52,4513;45,0143;172,04;12,1837;670;670,4;47,5987;670;670,4;645;638,7;-0,400024;6,29999;47,5987;47,5006;49,4225;2025,43;47,5987;47,4501;41,8791;155,636;13,0138;670;670,4;40,0047;670;670,4;645;636,3;-0,400024;8,70001;40,0047;40,182;43,8797;1647,14;40,0047;39,735;35,9999;130,382;12,6332
10.10.2025 00:10:35.820000;0;0;670;670,6;83,3437;670;670,6;645;618,3;-0,599976;26,7;83,3437;83,6989;68,2164;3352,97;83,3437;83,1534;59,312;272,837;12,2893;670;670,3;66,0636;670;670,3;645;613,2;-0,299988;31,8;66,0636;66,5398;2651,65;66,2448;66,0636;216,407;65,9455;48,4072;12,2531;58,6387;670;670;670;670;645;619,2;0;25,8;58,6387;58,317;60,4714;2390,68;58,6387;58,4428;43,1585;191,692;12,4714;670;671;52,0222;670;671;645;628,6;-1;16,4;52,0222;52,4001;54,9725;2097;52,0222;52,4039;44,9472;171,872;12,201;670;670,5;47,5061;670;670,5;645;638,7;-0,5;6,29999;47,5061;47,5489;49,4225;2027,81;47,5061;47,4263;41,8791;155,494;13,041;670;670,3;40,0932;670;670,3;645;636,3;-0,299988;8,70001;40,0932;40,1693;43,9168;1646,94;40,0932;39,9814;35,9437;131,19;12,5538
10.10.2025 00:10:36.320000;0;0;670;670,7;83,2498;670;670,7;645;618,4;-0,700012;26,6;83,2498;84,1361;67,9321;3365,51;83,2498;83,2766;59,2778;273,237;12,3172;670;670,4;65,9717;670;670,4;645;613,3;-0,400024;31,7;65,9717;66,4739;2657,33;66,3667;65,9717;216,73;66,0722;48,4;12,261;58,6387;669,9;670;669,9;670;645;619,1;0,0999756;25,9;58,6387;58,264;60,5061;2389,94;58,6387;58,3845;43,1625;191,398;12,4867;670;671;52,0169;670;671;645;628,7;-1;16,3;52,0169;52,356;54,9725;2094,61;52,0169;52,3495;44,9532;171,668;12,2016;670;670,6;47,4128;670;670,6;645;638,7;-0,599976;6,29999;47,4128;47,5524;49,3663;2025,22;47,4128;47,3444;41,8791;155,225;13,047;670;670,4;40,0017;670;670,4;645;636,3;-0,400024;8,70001;40,0017;40,1033;43,9168;1642,96;40,0017;40,0326;35,939;131,371;12,5062
10.10.2025 00:10:36.820000;0;0;670;670,7;83,2455;670;670,8;645;618,4;-0,799988;26,6;83,2455;83,964;68,0282;3357,21;83,2455;83,38;59,264;273,602;12,2704;670;670,4;65,9691;670;670,4;645;613,4;-0,400024;31,6;65,9691;66,3998;2663,05;66,5497;65,9691;216,968;66,1487;48,3656;12,274;58,729;669,8;670;669,8;670;645;619,1;0,200012;25,9;58,729;58,3855;60,5044;2393,48;58,729;58,2379;43,1916;191,008;12,5308;670;671,1;51,9186;670;671,1;645;628,7;-1,09998;16,3;51,9186;52,392;54,9671;2097,32;51,9186;52,2814;44,9223;171,457;12,2323;670;670,7;47,3184;670;670,7;645;638,8;-0,700012;6,20001;47,3184;47,4807;49,4196;2024,42;47,3184;47,2765;41,8932;155,054;13,0562;670;670,5;39,9087;670;670,4;645;636,3;-0,400024;8,70001;39,9087;40,0639;43,9539;1642,62;39,9087;40,2351;35,8432;132,01;12,4432
10.10.2025 00:10:37.320000;0;0;670;670,7;83,2398;670;670,7;645;618,5;-0,700012;26,5;83,2407;83,8084;68,1602;3350,64;83,2407;83,5258;59,1925;274,045;12,2266;670;670,4;65,9669;670;670,4;645;613,4;-0,400024;31,6;65,9669;66,3767;2666,73;66,6416;65,9669;217,242;66,2323;48,3228;12,2754;58,6392;670;670;670;670;645;619;0;26;58,6392;58,4883;60,4166;2397,54;58,6392;58,1765;43,2662;190,78;12,567;670;671,2;51,8207;670;671,2;645;628,7;-1,20001;16,3;51,8207;52,3673;54,9428;2094,57;51,8207;52,2159;44,8899;171,255;12,2307;670;670,7;47,314;670;670,7;645;638,8;-0,700012;6,20001;47,314;47,4932;49,3762;2026,23;47,314;47,2031;41,8852;154,826;13,0871;670;670,5;39,9063;670;670,5;645;636,3;-0,5;8,70001;39,9063;40,0363;43,9878;1641,33;39,9063;40,2634;35,818;132,102;12,4247
10.10.2025 00:10:37.820000;0;0;670;670,7;83,2354;670;670,7;645;618,5;-0,700012;26,5;83,2354;83,5369;68,2644;3342,81;83,2354;83,6656;59,1139;274,423;12,1812;670;670,4;65,9648;670;670,4;645;613,4;-0,400024;31,6;65,9648;66,4303;2662,52;66,5564;65,9648;217,478;66,2925;48,285;12,2427;58,6392;670,1;670;670,1;670;645;619;-0,0999756;26;58,6392;58,3813;60,4796;2393,63;58,6392;58,0916;43,2686;190,54;12,5623;670;671,3;51,7226;670;671,3;645;628,7;-1,29999;16,3;51,7226;52,2355;54,968;2090,74;51,7226;52,1975;44,875;171,169;12,2144;670;670,7;47,3096;670;670,7;645;638,7;-0,700012;6,29999;47,3096;47,5389;49,3439;2026,26;47,3096;47,208;41,8822;154,855;13,0849;670;670,4;39,9935;670;670,4;645;636,3;-0,400024;8,70001;39,9935;40,0318;44,0712;1640,82;39,9935;40,4013;35,7762;132,542;12,3796
10.10.2025 00:10:38.320000;0;0;670;670,7;83,2311;670;670,7;645;618,6;-0,700012;26,4;83,2311;83,5097;68,3264;3343,48;83,2311;83,755;59,0513;274,716;12,1707;670;670,3;66,0531;670;670,3;645;613,3;-0,299988;31,7;66,0531;66,51;2650,19;66,2722;66,0531;217,695;66,3664;48,276;12,1739;58,6392;670,1;670;670,1;670;645;619;-0,0999756;26;58,6392;58,2712;60,5486;2389,12;58,6392;58,0912;43,2328;190,526;12,5396;670;671,3;51,7139;670;671,3;645;628,8;-1,29999;16,2;51,7139;52,356;54,9159;2095,24;51,7139;52,1579;44,8289;171,065;12,2482;670;670,8;47,2151;670;670,8;645;638,7;-0,799988;6,29999;47,2151;47,4154;49,354;2022,11;47,2151;47,1881;41,8817;154,777;13,0647;670;670,5;39,9009;670;670,5;645;636,3;-0,5;8,70001;39,9009;40,0665;44,0665;1643,21;39,9009;40,3932;35,7191;132,528;12,3989
10.10.2025 00:10:38.820000;0;0;670;670,8;83,1364;670;670,8;645;618,6;-0,799988;26,4;83,1364;83,9083;68,2549;3358,95;83,1364;83,8165;58,957;274,931;12,2175;670;670,3;66,0517;670;670,3;645;613,1;-0,299988;31,9;66,0517;66,7936;2629,95;65,7943;66,0517;217,871;66,4242;48,1262;12,0711;58,6387;670,1;670;670,1;670;645;619,1;-0,0999756;25,9;58,6387;58,455;60,4629;2397,33;58,6387;58,0434;43,3404;190,395;12,5913;670;671,3;51,7052;670;671,3;645;628,8;-1,29999;16,2;51,7052;52,4476;54,8609;2098,74;51,7052;52,1572;44,8026;171,088;12,267;670;670,7;47,3004;670;670,7;645;638,7;-0,700012;6,29999;47,3004;47,5548;49,3187;2028,7;47,3004;47,2109;41,8817;154,826;13,1031;670;670,5;39,898;670;670,5;645;636,3;-0,5;8,70001;39,898;40,0944;44,1198;1644,19;39,898;40,4945;35,6478;132,809;12,3801
10.10.2025 00:10:39.320000;0;0;670;670,8;83,1313;670;670,8;645;618,7;-0,799988;26,3;83,1313;84,0398;68,2227;3361,82;83,1313;83,8888;58,8847;275,142;12,2185;670;670,3;66,0502;670;670,3;645;613;-0,299988;32;66,0502;66,8227;2634,73;65,8414;66,0502;217,979;66,457;48,0932;12,0871;58,6387;670,1;670;670,1;670;645;619;-0,0999756;26;58,6387;58,564;60,4219;2400,68;58,6387;58,0681;43,4006;190,438;12,6061;670;671,2;51,7867;670;671,2;645;628,7;-1,20001;16,3;51,7867;52,4837;54,8284;2100,83;51,7867;52,1544;44,813;171,066;12,2808;670;670,7;47,296;670;670,7;645;638,7;-0,700012;6,29999;47,296;47,6287;49,2667;2030,73;47,296;47,1963;41,8822;154,817;13,117;670;670,5;39,8951;670;670,5;645;636,3;-0,5;8,70001;39,8951;40,1676;44,0218;1647,03;39,8951;40,3465;35,6766;132,298;12,4494
10.10.2025 00:10:39.820000;0;0;670;670,9;83,0357;670;670,9;645;618,6;-0,900024;26,4;83,0357;83,9918;68,2476;3358,94;83,0357;83,9322;58,7814;275,323;12,2;670;670,3;66,0488;670;670,3;645;612,9;-0,299988;32,1;66,0488;66,8101;2634,93;65,8889;66,0488;217,841;66,415;48,0948;12,0956;58,5487;670,2;670;670,2;670;645;619;-0,200012;26;58,5487;58,5694;60,4219;2400,68;58,5487;58,1518;43,3966;190,815;12,5812;670;671,1;51,8691;670;671,1;645;628,7;-1,09998;16,3;51,8691;52,4326;54,8582;2098,3;51,8691;52,1913;44,8138;171,213;12,2555;670;670,6;47,382;670;670,6;645;638,8;-0,599976;6,20001;47,382;47,6139;49,306;2031,06;47,382;47,2255;41,9061;154,925;13,1099;670;670,5;39,8922;670;670,5;645;636,3;-0,5;8,70001;39,8922;40,2062;43,9833;1648,93;39,8922;40,2195;35,7065;131,83;12,508
10.10.2025 00:10:40.320000;0;0;670;670,9;83,0299;670;670,9;645;618,5;-0,900024;26,5;83,0299;83,6204;68,3832;3345,51;83,0299;83,9771;58,7057;275,432;12,1464;670;670,3;66,0473;670;670,3;645;613;-0,299988;32;66,0473;66,8452;2631,07;65,7426;66,0473;217,358;66,2793;48,0588;12,1048;58,5479;670,2;670;670,2;670;645;619;-0,200012;26;58,5479;58,3544;60,4707;2390,61;58,5479;58,3214;43,2768;191,307;12,4962;670;671;51,9522;670;671;645;628,8;-1;16,2;51,9522;52,3452;54,9041;2094,81;51,9522;52,2042;44,8278;171,255;12,2321;670;670,6;47,378;670;670,6;645;638,8;-0,599976;6,20001;47,378;47,6209;49,2876;2029,76;47,378;47,254;41,8942;155,006;13,0947;670;670,5;39,8893;670;670,5;645;636,3;-0,5;8,70001;39,8893;40,2803;43,8713;1651,97;39,8893;39,9658;35,791;131,036;12,607
10.10.2025 00:10:40.820000;0;0;670;670,9;83,0241;670;670,9;645;618,4;-0,900024;26,6;83,0241;83,723;68,2964;3350,58;83,0241;83,8873;58,6856;275,125;12,1784;670;670,3;66,0459;670;670,3;645;613,1;-0,299988;31,9;66,0459;66,6993;2635,51;65,8773;66,0459;216,688;66,0869;48,1707;12,1627;58,4566;670,3;670;670,3;670;645;619;-0,299988;26;58,4566;58,2554;60,4817;2390,71;58,4566;58,434;43,2439;191,715;12,4701;670;671;51,9457;670;671;645;628,9;-1;16,1;51,9457;52,2965;54,9239;2092,85;51,9457;52,2146;44,8105;171,264;12,22;670;670,6;47,3743;670;670,6;645;638,8;-0,599976;6,20001;47,3743;47,5895;49,2956;2029,22;47,3743;47,3151;41,8847;155,219;13,0732;670;670,5;39,8864;670;670,5;645;636,4;-0,5;8,59998;39,8864;40,3433;43,7808;1653,74;39,8864;39,8699;35,791;130,722;12,6508
10.10.2025 00:10:41.320000;0;0;670;670,8;83,1087;670;670,8;645;618,3;-0,799988;26,7;83,1087;83,7136;68,2647;3350,2;83,1087;83,7629;58,7236;274,672;12,1971;670;670,4;65,9542;670;670,4;645;613,3;-0,400024;31,7;65,9542;66,6341;2645,38;66,08;65,9542;216,046;65,8691;48,2126;12,2445;58,365;670,4;670;670,4;670;645;618,8;-0,400024;26,2;58,365;58,486;60,4318;2398,41;58,365;58,5572;43,2739;192,102;12,4851;670;670,9;52,0298;670;670,9;645;629;-0,900024;16;52,0298;52,3041;54,9239;2094,12;52,0298;52,2676;44,8144;171,434;12,2153;670;670,6;47,3707;670;670,6;645;638,7;-0,599976;6,29999;47,3707;47,5175;49,3259;2025,99;47,3707;47,3408;41,8847;155,275;13,0478;670;670,4;39,9741;670;670,4;645;636,4;-0,400024;8,59998;39,9741;40,3194;43,8192;1652,96;39,9741;39,6961;35,8687;130,188;12,6968
10.10.2025 00:10:41.820000;0;0;670;670,8;83,1036;670;670,8;645;618,2;-0,799988;26,8;83,1036;83,5277;68,2647;3341,32;83,1036;83,5725;58,7673;274,053;12,1922;670;670,4;65,952;670;670,4;645;613,5;-0,400024;31,5;65,952;66,6442;2636,79;65,9293;65,952;215,518;65,7262;48,2576;12,2347;58,4532;670,3;670;670,4;670;645;618,8;-0,400024;26,2;58,4532;58,6468;60,4318;2404,68;58,4532;58,6339;43,2367;192,383;12,4994;670;671;51,9333;670;671;645;628,9;-1;16,1;51,9333;52,3847;54,9239;2095,59;51,9333;52,3248;44,7378;171,638;12,2093;670;670,6;47,3671;670;670,6;645;638,7;-0,599976;6,29999;47,3671;47,5258;49,3318;2025,86;47,3671;47,3982;41,8847;155,453;13,032;670;670,4;39,9719;670;670,4;645;636,4;-0,400024;8,59998;39,9719;40,2495;43,8406;1650,39;39,9719;39,6636;35,8935;130,033;12,6922
10.10.2025 00:10:42.320000;0;0;670;670,9;83,0084;670;670,9;645;618;-0,900024;27;83,0084;83,4179;68,2647;3337,57;83,0084;83,4086;58,8115;273,516;12,2025;670;670,4;65,9498;670;670,3;645;613,7;-0,299988;31,3;65,9498;66,6831;2632,58;65,7762;65,9498;215,134;65,6013;48,2509;12,2369;58,2708;670,5;670;670,5;670;645;618,7;-0,5;26,3;58,2708;58,7785;60,4318;2410,08;58,2708;58,7518;43,1001;192,706;12,5065;670;671;51,9268;670;671;645;628,9;-1;16,1;51,9268;52,4974;54,9112;2101,53;51,9268;52,3722;44,6953;171,794;12,2329;670;670,7;47,2736;670;670,7;645;638,7;-0,700012;6,29999;47,2736;47,4743;49,3418;2024,78;47,2736;47,3672;41,8847;155,377;13,0314;670;670,5;39,8794;670;670,3;645;636,4;-0,299988;8,59998;39,8794;40,2068;43,8037;1648,17;39,8794;39,5464;35,9197;129,699;12,7076
10.10.2025 00:10:42.820000;0;0;670;670,9;83,0026;670;670,9;645;617,9;-0,900024;27,1;83,0026;83,4664;68,2025;3340,79;83,0026;83,2435;58,8252;272,983;12,2381;670;670,3;66,0383;670;670,3;645;613,9;-0,299988;31,1;66,0383;66,7618;2630,83;65,7284;66,0383;215,014;65,546;48,259;12,2356;58,1772;670,6;670;670,6;670;645;618,6;-0,599976;26,4;58,1772;58,7266;60,4318;2408,11;58,1772;58,7749;43,0234;192,817;12,4891;670;671;51,9203;670;671;645;628,9;-1;16,1;51,9203;52,5658;54,8861;2104,27;51,9203;52,3992;44,6577;171,867;12,2436;670;670,6;47,3597;670;670,6;645;638,7;-0,599976;6,29999;47,3597;47,4972;49,3317;2025,28;47,3597;47,3708;41,8846;155,387;13,0338;670;670,3;40,0578;670;670,3;645;636,4;-0,299988;8,59998;40,0578;40,1095;43,9131;1644,34;40,0578;39,5422;36,0162;129,645;12,6833
10.10.2025 00:10:43.320000;0;0;670;670,9;82,9968;670;670,9;645;617,7;-0,900024;27,3;82,9968;83,6348;68,0407;3347,05;82,9968;83,1257;58,8642;272,601;12,2782;670;670,3;66,0369;670;670,3;645;614;-0,299988;31;66,0369;66,7742;2630,24;65,7257;66,0369;215,27;65,6155;48,2351;12,2183;57,993;670,8;670;670,8;670;645;618,5;-0,799988;26,5;57,993;58,724;60,4318;2407,37;57,993;58,8009;42,9372;192,841;12,4837;670;671;51,9137;670;671;645;628,9;-1;16,1;51,9137;52,673;54,8268;2107,76;51,9137;52,4054;44,627;171,89;12,2623;670;670,6;47,3561;670;670,6;645;638,7;-0,599976;6,29999;47,3561;47,4488;49,3443;2023,06;47,3561;47,3846;41,8846;155,434;13,0155;670;670,2;40,1468;670;670,2;645;636,4;-0,200012;8,59998;40,1468;40,093;43,9131;1643,97;40,1468;39,5087;36,0755;129,678;12,6773
10.10.2025 00:10:43.820000;0;0;670;670,9;82,991;670;670,9;645;617,6;-0,900024;27,4;82,991;83,5923;67,9636;3344,23;82,991;82,9224;58,8751;271,934;12,298;670;670,4;65,9449;670;670,4;645;614,2;-0,400024;30,8;65,9449;66,673;2638,94;65,9152;65,9449;215,736;65,7458;48,2621;12,2323;58,0783;670,7;670;670,7;670;645;618,6;-0,700012;26,4;58,0783;58,6513;60,4318;2405,66;58,0783;58,7005;42,9344;192,537;12,4945;670;670,9;51,9975;670;670,9;645;628,9;-0,900024;16,1;51,9975;52,6521;54,795;2106,14;51,9975;52,3444;44,6618;171,651;12,2699;670;670,6;47,3524;670;670,6;645;638,7;-0,599976;6,29999;47,3524;47,459;49,3443;2022,05;47,3524;47,3825;41,8846;155,415;13,0107;670;670,2;40,1461;670;670,2;645;636,5;-0,200012;8,5;40,1461;40,143;43,9131;1646,82;40,1461;39,8242;35,9919;130,726;12,5975
10.10.2025 00:10:44.320000;0;0;670;670,9;82,9849;670;670,9;645;617,4;-0,900024;27,6;82,9849;83,5143;67,9243;3341,52;82,9849;82,745;58,8978;271,352;12,3143;670;670,3;66,0331;670;670,3;645;614,3;-0,299988;30,7;66,0331;66,6735;2637,92;65,9496;66,0331;216,17;65,9015;48,2356;12,203;58,0739;670,7;670;670,7;670;645;618,6;-0,700012;26,4;58,0739;58,7928;60,381;2408,91;58,0739;58,5939;42,9427;192,098;12,54;670;670,9;51,9917;670;670,9;645;628,7;-0,900024;16,3;51,9917;52,3762;54,8525;2096,04;51,9917;52,2027;44,7041;171,122;12,2488;670;670,7;47,258;670;670,7;645;638,7;-0,700012;6,29999;47,258;47,5483;49,3021;2027,94;47,258;47,3662;41,8788;155,348;13,0541;670;670,3;40,0551;670;670,2;645;636,5;-0,200012;8,5;40,0551;40,1668;43,9072;1646,36;40,0551;39,9685;35,9126;131,251;12,5436
10.10.2025 00:10:44.820000;0;0;670;670,9;82,9791;670;670,9;645;617,2;-0,900024;27,8;82,9791;83,5029;67,9461;3341,11;82,9791;82,5979;59,0036;270,921;12,3324;670;670,3;66,0316;670;670,3;645;614,3;-0,299988;30,7;66,0316;66,7244;2632,72;65,8356;66,0316;216,573;66,0125;48,2043;12,1563;58,25;670,5;670;670,5;670;645;618,7;-0,5;26,3;58,25;58,7455;60,3171;2408,88;58,25;58,4346;43,0553;191,627;12,5707;670;670,9;51,9859;670;670,9;645;628,7;-0,900024;16,3;51,9859;52,3993;54,7875;2097,49;51,9859;52,1137;44,7331;170,894;12,2736;670;670,7;47,254;670;670,7;645;638,7;-0,700012;6,29999;47,254;47,623;49,2571;2028,57;47,254;47,3633;41,8816;155,326;13,0601;670;670,2;40,1442;670;670,2;645;636,5;-0,200012;8,5;40,1442;40,1866;43,9128;1647,81;40,1442;40,1887;35,9126;131,845;12,4981
10.10.2025 00:10:45.320000;0;0;670;670,9;82,9733;670;670,9;645;617,2;-0,900024;27,8;82,9733;83,7219;67,8032;3350,89;82,9733;82,5153;59,0555;270,586;12,3838;670;670,3;66,0302;670;670,3;645;614,3;-0,299988;30,7;66,0302;66,8933;2627,11;65,6434;66,0302;216,98;66,1407;48,0567;12,1076;58,4277;670,3;670;670,3;670;645;619;-0,299988;26;58,4277;58,7792;60,2303;2408,99;58,4277;58,2765;43,087;191,057;12,6087;670;670,9;51,9801;670;670,8;645;628,6;-0,799988;16,4;51,9801;52,2961;54,7716;2093,53;51,9801;52,0063;44,7435;170,504;12,2785;670;670,7;47,2497;670;670,7;645;638,7;-0,700012;6,29999;47,2497;47,5661;49,2695;2028,38;47,2497;47,3458;41,8815;155,307;13,0605;670;670,4;39,9625;670;670,4;645;636,5;-0,400024;8,5;39,9625;40,1477;43,9128;1645,9;39,9625;40,1944;35,8556;131,876;12,4806
10.10.2025 00:10:45.820000;0;0;670;670,7;83,1485;670;670,7;645;617,2;-0,700012;27,8;83,1485;83,4181;68,0163;3340,15;83,1485;82,4145;59,1998;270,319;12,3563;670;670,3;66,0287;670;670,3;645;614,2;-0,299988;30,8;66,0287;66,9814;2626,37;65,6289;66,0287;217,345;66,2441;47,9784;12,0839;58,5166;670,2;670;670,2;670;645;619;-0,200012;26;58,5166;58,813;60,2882;2411,17;58,5166;58,1334;43,2121;190,716;12,6427;670;670,8;52,065;670;670,6;645;628,5;-0,599976;16,5;52,065;52,2747;54,8013;2090,07;52,065;51,8987;44,7724;170,163;12,2827;670;670,7;47,2453;670;670,7;645;638,7;-0,700012;6,29999;47,2453;47,5747;49,2531;2029,7;47,2453;47,3362;41,8815;155,276;13,0716;670;670,5;39,8703;670;670,5;645;636,5;-0,5;8,5;39,8703;40,1194;43,9128;1645,21;39,8703;40,1812;35,8507;131,756;12,4869
10.10.2025 00:10:46.320000;0;0;670;670,5;83,3252;670;670,5;645;617,3;-0,5;27,7;83,3252;83,4909;68,0601;3341,05;83,3252;82,4081;59,321;270,283;12,3613;670;670,3;66,0273;670;670,3;645;614,2;-0,299988;30,8;66,0273;66,9366;2635,98;65,8291;66,0273;217,385;66,2892;48,0056;12,1258;58,6064;670,1;670;670,1;670;645;619;-0,0999756;26;58,6064;58,8498;60,305;2413,32;58,6064;58,2179;43,233;190,949;12,6386;670;670,6;52,2412;670;670,6;645;628,4;-0,599976;16,6;52,2412;52,1109;54,8703;2086,21;52,2412;51,8815;44,8065;170,203;12,2572;670;670,8;47,1505;670;670,8;645;638,7;-0,799988;6,29999;47,1505;47,6012;49,2273;2030,52;47,1505;47,3309;41,847;155,213;13,0822;670;670,4;39,9577;670;670,4;645;636,5;-0,400024;8,5;39,9577;40,0763;43,9128;1643,13;39,9577;40,0312;35,8917;131,268;12,5173
10.10.2025 00:10:46.820000;0;0;670;670,4;83,4129;670;670,4;645;617,4;-0,400024;27,6;83,4129;83,5032;68,0916;3343,92;83,4129;82,3726;59,4304;270,156;12,3777;670;670,3;66,0258;670;670,3;645;614,1;-0,299988;30,9;66,0258;66,7903;2642,73;66,0299;66,0258;216,924;66,1745;48,1179;12,1828;58,6064;670;670;670;670;645;619,2;0;25,8;58,6064;58,9907;60,2223;2418,94;58,6064;58,2635;43,2335;191,194;12,6517;670;670,5;52,3276;670;670,5;645;628,4;-0,5;16,6;52,3276;52,2947;54,8551;2095,05;52,3276;51,9386;44,846;170,423;12,2932;670;670,8;47,1454;670;670,8;645;638,7;-0,799988;6,29999;47,1454;47,5859;49,2265;2027,15;47,1454;47,3369;41,8372;155,291;13,0539;670;670,4;39,9555;670;670,4;645;636,5;-0,400024;8,5;39,9555;40,0958;43,9128;1643,29;39,9555;40,0055;35,8917;131,115;12,5332
10.10.2025 00:10:47.320000;0;0;670;670,4;83,4111;670;670,4;645;617,4;-0,400024;27,6;83,4111;83,5122;68,09;3344,06;83,4111;82,3768;59,4782;270,187;12,3768;670;670,4;65,9343;670;670,4;645;614,2;-0,400024;30,8;65,9343;66,6996;2650,69;66,2448;65,9343;216,378;66,0111;48,1365;12,2503;58,6064;670,1;670;670,1;670;645;619,1;-0,0999756;25,9;58,6064;58,8038;60,3045;2408,34;58,6064;58,3511;43,2087;191,433;12,5806;670;670,4;52,4154;670;670,4;645;628,3;-0,400024;16,7;52,4154;52,4393;54,8483;2098,41;52,4154;51,9912;44,8733;170,598;12,3003;670;670,9;47,0511;670;670,9;645;638,7;-0,900024;6,29999;47,0511;47,5372;49,2525;2026,35;47,0511;47,3505;41,7879;155,325;13,0459;670;670,4;39,9538;670;670,4;645;636,5;-0,400024;8,5;39,9538;40,0682;43,9055;1642,3;39,9538;39,8941;35,8917;130,79;12,5568
10.10.2025 00:10:47.820000;0;0;670;670,3;83,4989;670;670,3;645;617,4;-0,299988;27,6;83,4989;83,5209;68,0895;3345,05;83,4989;82,3904;59,5845;270,292;12,3757;670;670,5;65,8413;670;670,5;645;614,2;-0,5;30,8;65,8413;66,6051;2646,78;66,223;65,8413;215,738;65,7932;48,1365;12,2685;58,5157;670,2;670;670,2;670;645;619;-0,200012;26;58,5157;58,4136;60,353;2395,44;58,5157;58,3837;43,1534;191,563;12,5047;670;670,3;52,503;670;670,3;645;628,3;-0,299988;16,7;52,503;52,4562;54,8549;2098,61;52,503;52,0471;44,9258;170,779;12,2884;670;670,9;47,0441;670;670,9;645;638,8;-0,900024;6,20001;47,0441;47,4966;49,2858;2026,08;47,0441;47,3829;41,7547;155,403;13,0376;670;670,4;39,9512;670;670,5;645;636,4;-0,5;8,59998;39,9512;40,0665;43,9044;1643,04;39,9512;39,8793;35,8917;130,727;12,5685
10.10.2025 00:10:48.320000;0;0;670;670,3;83,4978;670;670,4;645;617,5;-0,400024;27,5;83,4978;83,6776;68,0478;3347,64;83,4978;82,4386;59,6168;270,475;12,3769;670;670,6;65,7488;670;670,6;645;614,2;-0,599976;30,8;65,7488;66,7257;2634,78;65,8785;65,7488;215,445;65,7159;48,1367;12,2295;58,5151;670,2;670;670,3;670;645;619;-0,299988;26;58,5151;58,4593;60,3519;2398,75;58,5151;58,4511;43,1534;191,707;12,5126;670;670,3;52,5019;670;670,3;645;628,3;-0,299988;16,7;52,5019;52,4074;54,8549;2096,49;52,5019;52,0988;44,9002;170,935;12,2648;670;670,9;47,0395;670;670,9;645;638,8;-0,900024;6,20001;47,0395;47,5085;49,2666;2026,24;47,0395;47,3601;41,7495;155,315;13,046;670;670,5;39,8589;670;670,5;645;636,4;-0,5;8,59998;39,8589;40,0828;43,8459;1642,43;39,8589;39,7937;35,8917;130,498;12,5859
10.10.2025 00:10:48.820000;0;0;670;670,4;83,4056;670;670,4;645;617,5;-0,400024;27,5;83,4056;83,6844;67,9878;3346,48;83,4056;82,5253;59,6021;270,739;12,3605;670;670,6;65,7452;670;670,6;645;614,1;-0,599976;30,9;65,7452;66,7375;2636,9;65,851;65,7452;215,068;65,591;48,16;12,2608;58,5141;670,2;670;670,2;670;645;619,1;-0,200012;25,9;58,5141;58,5874;60,3516;2402,08;58,5141;58,4515;43,1534;191,741;12,5277;670;670,3;52,5004;670;670,3;645;628,4;-0,299988;16,6;52,5004;52,4508;54,855;2098,58;52,5004;52,1266;44,9197;170,996;12,2727;670;670,9;47,0337;670;670,9;645;638,8;-0,900024;6,20001;47,0337;47,518;49,2703;2025,69;47,0337;47,3839;41,7228;155,428;13,033;670;670,6;39,766;670;670,6;645;636,4;-0,599976;8,59998;39,766;40,0314;43,8651;1640,99;39,766;39,8018;35,8917;130,521;12,5726
10.10.2025 00:10:49.320000;0;0;670;670,4;83,4035;670;670,4;645;617,5;-0,400024;27,5;83,4035;83,5111;68,067;3342,58;83,4035;82,697;59,5797;271,413;12,3155;670;670,6;65,7415;670;670,6;645;614,1;-0,599976;30,9;65,7415;66,7041;2637,1;65,9091;65,7415;214,7;65,477;48,2114;12,2827;58,6041;670,1;670;670,1;670;645;619,1;-0,0999756;25,9;58,6041;58,4973;60,355;2397,91;58,6041;58,5177;43,1534;191,912;12,4948;670;670,3;52,499;670;670,3;645;628,6;-0,299988;16,4;52,499;52,3942;54,8578;2095,86;52,499;52,1536;44,8981;171,077;12,251;670;670,9;47,0279;670;670,9;645;638,8;-0,900024;6,20001;47,0279;47,5633;49,2384;2025,54;47,0279;47,3718;41,7083;155,367;13,0372;670;670,6;39,7623;670;670,5;645;636,4;-0,5;8,59998;39,7623;40,001;43,8253;1639,1;39,7623;39,7115;35,8917;130,241;12,5851
10.10.2025 00:10:49.820000;0;0;670;670,4;83,4013;670;670,4;645;617,6;-0,400024;27,4;83,4013;83,5566;68,0415;3344,79;83,4013;82,9281;59,5195;272,197;12,2881;670;670,6;65,7379;670;670,6;645;614,1;-0,599976;30,9;65,7379;66,7209;2637,12;65,8656;65,7379;214,379;65,383;48,2618;12,3012;58,6041;670,1;670;670,1;670;645;619;-0,0999756;26;58,6041;58,2953;60,46;2387,39;58,6041;58,4863;43,1164;191,887;12,4417;670;670,2;52,588;670;670,2;645;628,7;-0,200012;16,3;52,588;52,3398;54,9343;2094,6;52,588;52,1615;44,8804;171,077;12,2436;670;670,9;47,0221;670;670,9;645;638,8;-0,900024;6,20001;47,0221;47,4969;49,271;2025,11;47,0221;47,3757;41,6882;155,431;13,029;670;670,5;39,8493;670;670,5;645;636,4;-0,5;8,59998;39,8493;39,9582;43,8872;1638,31;39,8493;39,735;35,899;130,267;12,5766
10.10.2025 00:10:50.320000;0;0;670;670,4;83,3991;670;670,4;645;617,6;-0,400024;27,4;83,3991;83,7959;67,9088;3355,16;83,3991;83,2604;59,3996;273,237;12,2793;670;670,5;65,8245;670;670,5;645;614,1;-0,5;30,9;65,8245;66,7323;2630,51;65,7484;65,8245;214,096;65,2924;48,3219;12,2866;58,514;670,2;670;670,2;670;645;619,1;-0,200012;25,9;58,514;58,3616;60,4424;2394,42;58,514;58,5368;43,1115;191,976;12,4725;670;670,2;52,5873;670;670,2;645;628,8;-0,200012;16,2;52,5873;52,2165;55,008;2088,99;52,5873;52,1376;44,8518;171;12,2164;670;671;46,9262;670;671;645;638,7;-1;6,29999;46,9262;47,4416;49,2809;2021,79;46,9262;47,3636;41,6738;155,264;13,0216;670;670,4;39,9369;670;670,4;645;636,3;-0,400024;8,70001;39,9369;39,9478;43,8911;1638,5;39,9369;39,6368;35,9806;130,01;12,6029
10.10.2025 00:10:50.820000;0;0;670;670,3;83,4872;670;670,3;645;617,6;-0,299988;27,4;83,4872;83,8926;67,8951;3355,25;83,4872;83,5098;59,3842;274,066;12,2425;670;670,5;65,8216;670;670,5;645;614,1;-0,5;30,9;65,8216;66,7323;2637,95;65,8743;65,8216;213,966;65,2288;48,4041;12,3288;58,5132;670,2;670;670,3;670;645;619,1;-0,299988;25,9;58,5132;58,3573;60,4016;2391,53;58,5132;58,4733;43,1341;191,821;12,4675;670;670,2;52,5865;670;670;645;628,8;0;16,2;52,5865;52,1674;55,0503;2088,21;52,5865;52,0977;44,8518;170,87;12,221;670;670,9;47,0097;670;670,9;645;638,7;-0,900024;6,29999;47,0097;47,4083;49,2809;2021,81;47,0097;47,3199;41,6328;155,186;13,0283;670;670,4;39,9343;670;670,4;645;636,3;-0,400024;8,70001;39,9343;40,0111;43,8911;1640,46;39,9343;39,672;35,9798;130,124;12,6068
10.10.2025 00:10:51.320000;0;0;670;670,4;83,3953;670;670,4;645;617,6;-0,400024;27,4;83,3953;83,6518;68,0305;3345,07;83,3953;83,7122;59,2925;274,692;12,1775;670;670,4;65,9092;670;670,4;645;614;-0,400024;31;65,9092;66,8312;2629,3;65,6222;65,9092;214,23;65,2945;48,3228;12,2732;58,4219;670,3;670;670,3;670;645;619,1;-0,299988;25,9;58,4219;58,2571;60,4519;2390,94;58,4219;58,496;43,0761;191,841;12,4631;670;670,1;52,6765;670;670,1;645;628,8;-0,0999756;16,2;52,6765;52,2361;55,0811;2091,34;52,6765;52,093;44,8713;170,878;12,2388;670;670,9;47,0039;670;670,9;645;638,6;-0,900024;6,40002;47,0039;47,4486;49,2499;2024,49;47,0039;47,2879;41,6654;155,04;13,0578;670;670,4;39,9321;670;670,4;645;636,3;-0,400024;8,70001;39,9321;40,0535;43,8799;1642,19;39,9321;39,5652;36,0365;129,774;12,6543
10.10.2025 00:10:51.820000;0;0;670;670,4;83,3932;670;670,5;645;617,6;-0,5;27,4;83,3932;83,8981;68,0316;3359,05;83,3932;83,8701;59,2083;275,158;12,2077;670;670,3;65,9972;670;670,3;645;613,9;-0,299988;31,1;65,9972;66,8177;2633,43;65,7454;65,9972;214,618;65,3972;48,3516;12,2703;58,3299;670,4;670;670,4;670;645;619,2;-0,400024;25,8;58,3299;58,3705;60,3852;2392,39;58,3299;58,4459;43,1221;191,715;12,4789;670;670;52,6765;670;670;645;628,9;0;16,1;52,6765;52,3181;55,0568;2093,74;52,6765;52,082;44,9164;170,842;12,2554;670;670,9;46,997;670;670,9;645;638,5;-0,900024;6,5;46,997;47,463;49,2213;2023,82;46,997;47,2611;41,6601;155,016;13,0555;670;670,4;39,93;670;670,4;645;636,2;-0,400024;8,79999;39,93;40,0897;43,8583;1643,68;39,93;39,5814;36,0462;129,827;12,6605
10.10.2025 00:10:52.320000;0;0;670;670,6;83,21;670;670,7;645;617,6;-0,700012;27,4;83,21;84,177;67,9706;3366,71;83,21;83,9596;59,0644;275,346;12,2272;670;670,2;66,0858;670;670,2;645;613,7;-0,200012;31,3;66,0858;66,7441;2640,46;65,9811;66,0858;215,177;65,5612;48,4007;12,2711;58,2372;670,5;670;670,5;670;645;619,2;-0,5;25,8;58,2372;58,4446;60,3852;2396,23;58,2372;58,4494;43,0791;191,67;12,5019;670;670;52,6765;670;670;645;629;0;16;52,6765;52,2749;55,0992;2091,83;52,6765;52,0757;44,9112;170,808;12,2467;670;670,9;46,9903;670;670,9;645;638,5;-0,900024;6,5;46,9903;47,3984;49,228;2021,07;46,9903;47,2194;41,5864;154,88;13,0493;670;670,4;39,9278;670;670,4;645;636,2;-0,400024;8,79999;39,9278;40,097;43,85;1643,98;39,9278;39,4611;36,1145;129,432;12,7014
10.10.2025 00:10:52.820000;0;0;670;670,8;83,0253;670;670,8;645;617,7;-0,799988;27,3;83,0253;84,2738;67,8566;3373,37;83,0253;83,849;58,9889;275,012;12,2663;670;670,3;65,9943;670;670,3;645;613,7;-0,299988;31,3;65,9943;66,7442;2642,87;66,0453;65,9943;215,704;65,7633;48,3425;12,2523;58,1437;670,6;670;670,6;670;645;619;-0,599976;26;58,1437;58,2372;60,4076;2387,73;58,1437;58,381;43,0997;191,49;12,4692;670;670;52,6765;670;670;645;629,2;0;15,8;52,6765;52,3944;55,0543;2097,25;52,6765;52,06;44,9769;170,757;12,2821;670;670,9;46,9845;670;670,9;645;638,4;-0,900024;6,59998;46,9845;47,3991;49,2207;2021,42;46,9845;47,2116;41,6497;154,854;13,0537;670;670,5;39,8351;670;670,5;645;636,2;-0,5;8,79999;39,8351;40,0583;43,8175;1642,23;39,8351;39,4964;36,083;129,535;12,6779
10.10.2025 00:10:53.320000;0;0;670;670,8;83,0192;670;670,8;645;617,7;-0,799988;27,3;83,0192;84,3195;67,7747;3374,13;83,0192;83,7936;58,9523;274,843;12,2766;670;670,4;65,9028;670;670,4;645;613,7;-0,400024;31,3;65,9028;66,7442;2644,77;66,0928;65,9028;216,177;65,9078;48,2934;12,2343;58,0497;670,7;670;670,7;670;645;619;-0,700012;26;58,0497;58,1966;60,4524;2386,06;58,0497;58,4158;42,9995;191,604;12,4531;670;670;52,6765;670;670;645;629,3;0;15,7;52,6765;52,5575;54,9785;2103,14;52,6765;52,0597;45,064;170,756;12,3167;670;670,8;47,0694;670;670,8;645;638,4;-0,799988;6,59998;47,0694;47,4443;49,1843;2023,02;47,0694;47,1995;41,6847;154,814;13,0674;670;670,4;39,9226;670;670,4;645;636,3;-0,400024;8,70001;39,9226;40,0119;43,8738;1640,49;39,9226;39,4138;36,1717;129,316;12,6859
10.10.2025 00:10:53.820000;0;0;670;670,8;83,0152;670;670,9;645;617,7;-0,900024;27,3;83,0152;84,1412;67,7926;3365,12;83,0152;83,6891;58,9587;274,406;12,2633;670;670,5;65,8103;670;670,5;645;613,7;-0,5;31,3;65,8103;66,7435;2644,96;66,0974;65,8103;216,537;66,0174;48,2489;12,2148;58,0458;670,7;670;670,7;670;645;619;-0,700012;26;58,0458;58,2053;60,425;2386,42;58,0458;58,3649;43,0062;191,437;12,4658;670;669,9;52,6765;670;669,9;645;629,2;0,0999756;15,8;52,6765;52,5384;54,989;2101,9;52,6765;52,0597;45,0829;170,768;12,3084;670;670,7;47,1545;670;670,7;645;638,3;-0,700012;6,70001;47,1545;47,4941;49,155;2025,31;47,1545;47,2112;41,6945;154,879;13,0767;670;670,5;39,8298;670;670,5;645;636,3;-0,5;8,70001;39,8298;40,004;43,8337;1640;39,8298;39,5118;36,1151;129,624;12,652
10.10.2025 00:10:54.320000;0;0;670;670,8;83,0098;670;670,9;645;617,7;-0,900024;27,3;83,0098;83,7423;67,9061;3347,07;83,0098;83,5466;58,9771;273,943;12,2181;670;670,6;65,7172;670;670,6;645;613,7;-0,599976;31,3;65,7172;66,7435;2644;66,0735;65,7172;216,989;66,1472;48,1473;12,185;57,9512;670,8;670;670,8;670;645;619;-0,799988;26;57,9512;58,3377;60,3976;2393,13;57,9512;58,3737;42,9486;191,453;12,4998;670;669,9;52,6765;670;669,9;645;629,1;0,0999756;15,9;52,6765;52,4977;55,0128;2101,39;52,6765;52,0374;45,0997;170,663;12,3131;670;670,7;47,1501;670;670,7;645;638,2;-0,700012;6,79999;47,1501;47,4379;49,1687;2022,75;47,1501;47,2049;41,6945;154,812;13,0658;670;670,5;39,8268;670;670,5;645;636,3;-0,5;8,70001;39,8268;40,0276;43,8151;1641,61;39,8268;39,639;36,0745;130,11;12,6171
10.10.2025 00:10:54.820000;0;0;670;670,8;83,0031;670;670,8;645;617,8;-0,799988;27,2;83,0031;83,4791;67,9076;3340,5;83,0031;83,2923;59,0459;273,199;12,2274;670;670,7;65,623;670;670,7;645;613,9;-0,700012;31,1;65,623;66,8206;2639,5;65,9891;65,623;217,321;66,2406;48,0444;12,1457;57,856;670,9;670;670,9;670;645;619,1;-0,900024;25,9;57,856;58,3821;60,3976;2393,19;57,856;58,3218;42,9479;191,296;12,5104;670;669,9;52,6765;670;669,9;645;629;0,0999756;16;52,6765;52,418;55,0595;2096,44;52,6765;52,0166;45,0992;170,627;12,2867;670;670,6;47,236;670;670,6;645;638,1;-0,599976;6,90002;47,236;47,5031;49,1419;2025,37;47,236;47,1838;41,6945;154,776;13,0859;670;670,4;39,9144;670;670,4;645;636,3;-0,400024;8,70001;39,9144;40,0584;43,8585;1642,56;39,9144;39,9543;36,0401;131,089;12,5301
10.10.2025 00:10:55.320000;0;0;670;670,8;82,998;670;670,8;645;617,8;-0,799988;27,2;82,998;83,6221;67,7615;3346,38;82,998;83,1625;59,0871;272,709;12,2709;670;670,9;65,438;670;670,9;645;614;-0,900024;31;65,438;66,9254;2635,82;65,8773;65,438;217,499;66,3067;47,9398;12,1188;57,8502;670,9;670;670,9;670;645;619,1;-0,900024;25,9;57,8502;58,4018;60,3936;2395,75;57,8502;58,294;42,8971;191,153;12,5332;670;670;52,6765;670;670;645;628,9;0;16,1;52,6765;52,178;55,1967;2087,95;52,6765;52,0828;44,989;170,857;12,2205;670;670,6;47,2324;670;670,6;645;638,1;-0,599976;6,90002;47,2324;47,5373;49,1127;2027,31;47,2324;47,1913;41,6945;154,775;13,0985;670;670,4;39,9123;670;670,4;645;636,3;-0,400024;8,70001;39,9123;40,1182;43,8604;1644,69;39,9123;40,0754;36,0143;131,524;12,5048
10.10.2025 00:10:55.820000;0;0;670;670,8;82,993;670;670,8;645;617,9;-0,799988;27,1;82,993;83,8845;67,5356;3357,04;82,993;83,0405;59,1113;272,383;12,3247;670;670,9;65,4322;670;670,9;645;614,1;-0,900024;30,9;65,4322;66,8543;2642,89;66,0497;65,4322;217,428;66,3063;47,8506;12,1552;57,8448;670,9;670;670,9;670;645;619,1;-0,900024;25,9;57,8448;58,5062;60,277;2400,03;57,8448;58,18;42,9254;190,85;12,5755;670;670;52,6765;670;670;645;628,9;0;16,1;52,6765;52,3281;55,1411;2095,4;52,6765;52,1803;45,0107;171,196;12,2398;670;670,7;47,1384;670;670,7;645;638,3;-0,700012;6,70001;47,1384;47,5445;49,0926;2027,14;47,1384;47,2262;41,6945;154,908;13,0861;670;670,4;39,9101;670;670,4;645;636,3;-0,400024;8,70001;39,9101;40,0871;43,9118;1643,73;39,9101;40,2866;35,9169;132,183;12,4352
10.10.2025 00:10:56.320000;0;0;670;670,8;82,9879;670;670,8;645;618;-0,799988;27;82,9879;83,5523;67,6459;3338,15;82,9879;83,0064;59,1113;272,235;12,262;670;671;65,3354;670;671;645;614,2;-1;30,8;65,3354;66,7808;2645,55;66,0924;65,3354;216,935;66,1545;47,8179;12,1951;57,7488;671;670;671;670;645;619,2;-1;25,8;57,7488;58,6259;60,1771;2403,82;57,7488;58,1378;42,8882;190,679;12,6066;670;670,1;52,6765;670;670,1;645;628,9;-0,0999756;16,1;52,6765;52,5268;55,0505;2103,03;52,6765;52,3025;45,0476;171,578;12,257;670;670,8;47,0435;670;670,8;645;638,3;-0,799988;6,70001;47,0435;47,5214;49,0898;2025,99;47,0435;47,223;41,6603;154,891;13,0801;670;670,4;39,9079;670;670,4;645;636,3;-0,400024;8,70001;39,9079;40,0882;43,9364;1643,78;39,9079;40,3224;35,8819;132,283;12,4262
10.10.2025 00:10:56.820000;0;0;670;670,9;82,8927;670;670,9;645;618;-0,900024;27;82,8927;81,9826;68,3386;3277,74;82,8927;82,9974;58,7267;272,244;12,0397;670;671,2;65,1482;670;671,2;645;614,3;-1,20001;30,7;65,1482;66,722;2648,3;66,1532;65,1482;216,226;65,9381;47,8216;12,2479;57,8328;670,9;670;670,9;670;645;619,3;-0,900024;25,7;57,8328;58,5953;60,1178;2401,13;57,8328;58,0429;42,9469;190,381;12,6122;670;670,2;52,5864;670;670,2;645;628,9;-0,200012;16,1;52,5864;52,6515;55,0262;2107,06;52,5864;52,3957;45,0704;171,909;12,2568;670;670,8;47,0384;670;670,8;645;638,3;-0,799988;6,70001;47,0384;47,5516;49,0766;2027,12;47,0384;47,2497;41,6412;154,992;13,0789;670;670,4;39,9057;670;670,3;645;636,3;-0,299988;8,70001;39,9057;40,0929;43,9617;1643,49;39,9057;40,3571;35,8437;132,32;12,4206
10.10.2025 00:10:57.320000;0;0;670;670,9;82,8869;670;670,9;645;618,1;-0,900024;26,9;82,8869;81,2987;68,7652;3251,97;82,8869;83,0058;58,3639;272,285;11,9433;670;671,2;65,1403;670;671,2;645;614,3;-1,20001;30,7;65,1403;66,485;2654,72;66,3296;65,1403;215,341;65,6841;47,8463;12,328;57,827;670,9;670;670,9;670;645;619,4;-0,900024;25,6;57,827;58,4448;60,1709;2397,17;57,827;58,0434;42,9363;190,357;12,593;670;670,3;52,4952;670;670,3;645;629;-0,299988;16;52,4952;52,6853;54,9848;2108,57;52,4952;52,5057;45,0104;172,232;12,2427;670;670,8;47,0334;670;670,8;645;638,3;-0,799988;6,70001;47,0334;47,5027;49,102;2025,67;47,0334;47,2736;41,6219;155,07;13,063;670;670,4;39,9038;670;670,4;645;636,4;-0,400024;8,59998;39,9038;40,113;43,8841;1644,47;39,9038;40,1968;35,8919;131,82;12,4752
10.10.2025 00:10:57.820000;0;0;670;671;82,7906;670;671;645;618,2;-1;26,8;82,7906;80,8996;69,0752;3236,16;82,7906;83,0007;58,0858;272,255;11,8865;670;671,2;65,1323;670;671,2;645;614,2;-1,20001;30,8;65,1323;66,2372;2662,42;66,494;65,1323;214,631;65,4442;47,9175;12,4046;57,9119;670,8;670;670,8;670;645;619,5;-0,799988;25,5;57,9119;58,4283;60,1359;2395,7;57,9119;57,9995;42,9803;190,238;12,5931;670;670,4;52,4032;670;670,4;645;628,9;-0,400024;16,1;52,4032;52,5834;55,0218;2103,7;52,4032;52,5598;44,9867;172,383;12,2036;670;670,8;47,0283;670;670,8;645;638,4;-0,799988;6,59998;47,0283;47,5238;49,1067;2026,41;47,0283;47,3199;41,5906;155,235;13,0539;670;670,5;39,8115;670;670,5;645;636,4;-0,5;8,59998;39,8115;40,1089;43,8841;1644,24;39,8115;40,1767;35,8501;131,715;12,4833
10.10.2025 00:10:58.320000;0;0;670;671;82,7841;670;671;645;618,2;-1;26,8;82,7841;80,641;69,3427;3225,17;82,7841;83,0115;57,8364;272,278;11,8451;670;671,3;65,0341;670;671,3;645;614,2;-1,29999;30,8;65,0341;65,9619;2669,69;66,7062;65,0341;213,984;65,2508;47,9473;12,4761;57,9063;670,8;670;670,8;670;645;619,6;-0,799988;25,4;57,9063;58,192;60,2541;2384,46;57,9063;58,025;42,9333;190,296;12,5302;670;670,5;52,3104;670;670,6;645;628,8;-0,599976;16,2;52,3104;52,495;55,0407;2100,8;52,3104;52,6322;44,9112;172,672;12,1664;670;670,9;46,9331;670;670,9;645;638,4;-0,900024;6,59998;46,9331;47,4724;49,1449;2024,22;46,9331;47,3529;41,5616;155,318;13,0328;670;670,4;39,8986;670;670,4;645;636,4;-0,400024;8,59998;39,8986;40,1038;43,8841;1643,93;39,8986;40,0371;35,8925;131,309;12,5195
10.10.2025 00:10:58.820000;0;0;670;671;82,7775;670;671;645;618,2;-1;26,8;82,7775;80,5734;69,5001;3226,3;82,7775;82,9627;57,671;272,131;11,8557;670;671,1;65,206;670;671,1;645;614,1;-1,09998;30,9;65,206;65,804;2668,92;66,7075;65,206;213,555;65,1162;47,9903;12,4976;57,9913;670,7;670;670,7;670;645;619,5;-0,700012;25,5;57,9913;58,1111;60,2822;2382,38;57,9913;58,0042;42,9748;190,267;12,5213;670;670,6;52,2168;670;670,6;645;628,8;-0,599976;16,2;52,2168;52,5789;55,0526;2104,16;52,2168;52,7329;44,8111;172,964;12,1653;670;670,8;47,0175;670;670,8;645;638,5;-0,799988;6,5;47,0175;47,5024;49,1539;2025,82;47,0175;47,4067;41,516;155,481;13,0294;670;670,5;39,8061;670;670,5;645;636,4;-0,5;8,59998;39,8061;40,0843;43,8841;1643,1;39,8061;40,0206;35,8931;131,229;12,5209
10.10.2025 00:10:59.320000;0;0;670;671,1;82,6804;670;671,1;645;618,3;-1,09998;26,7;82,6804;80,86;69,4601;3234,89;82,6804;82,9046;57,6677;271,863;11,899;670;671,1;65,1987;670;671,1;645;614,1;-1,09998;30,9;65,1987;65,8287;2663,46;66,5728;65,1987;213,663;65,1323;47,9903;12,4657;57,987;670,7;670;670,7;670;645;619,4;-0,700012;25,6;57,987;58,1466;60,2563;2384,97;57,987;57,989;42,9755;190,168;12,5414;670;670,6;52,2132;670;670,6;645;628,7;-0,599976;16,3;52,2132;52,5714;55,0719;2104,02;52,2132;52,7528;44,7728;173,019;12,1606;670;670,8;47,0124;670;670,8;645;638,5;-0,799988;6,5;47,0124;47,4864;49,1532;2024,18;47,0124;47,3914;41,501;155,433;13,0228;670;670,5;39,8032;670;670,5;645;636,5;-0,5;8,5;39,8032;40,107;43,8315;1644,23;39,8032;39,9073;35,9341;130,911;12,5599
10.10.2025 00:10:59.820000;0;0;670;671,1;82,6731;670;671,1;645;618,3;-1,09998;26,7;82,6731;80,3353;69,7571;3213,9;82,6731;82,7088;57,3948;271,195;11,8509;670;671;65,2817;670;671;645;614;-1;31;65,2817;65,8643;2657;66,4323;65,2817;214,174;65,2772;47,9903;12,4058;57,8924;670,8;670;670,8;670;645;619,4;-0,799988;25,6;57,8924;58,1889;60,2038;2385,74;57,8924;57,9381;42,9755;190,075;12,5516;670;670,6;52,2096;670;670,6;645;628,7;-0,599976;16,3;52,2096;52,4882;55,073;2101,01;52,2096;52,6628;44,7804;172,721;12,1642;670;670,9;46,9168;670;670,9;645;638,5;-0,900024;6,5;46,9168;47,5128;49,1086;2025,95;46,9168;47,3287;41,4679;155,213;13,0527;670;670,5;39,8003;670;670,5;645;636,5;-0,5;8,5;39,8003;40,1064;43,8453;1644,47;39,8003;39,9426;35,9164;130,986;12,5546
10.10.2025 00:11:00.320000;0;0;670;671,1;82,6659;670;671,1;645;618,3;-1,09998;26,7;82,6659;80,0316;70,0345;3200,14;82,6659;82,1021;57,3738;268,987;11,897;670;670,9;65,3653;670;670,9;645;613,9;-0,900024;31,1;65,3653;66,0833;2645,84;66,1472;65,3653;215,025;65,5329;47,9615;12,3048;57,8873;670,8;670;670,8;670;645;619,4;-0,799988;25,6;57,8873;58,184;60,2143;2385,87;57,8873;57,9708;42,9755;190,131;12,5485;670;670,6;52,206;670;670,6;645;628,7;-0,599976;16,3;52,206;52,4451;55,0553;2098,96;52,206;52,5782;44,7917;172,444;12,1719;670;671;46,8207;670;671;645;638,6;-1;6,40002;46,8207;47,4313;49,1114;2022,47;46,8207;47,264;41,4351;155,039;13,0449;670;670,5;39,7974;670;670,5;645;636,5;-0,5;8,5;39,7974;40,1;43,8049;1643,78;39,7974;39,8703;35,9326;130,8;12,5671
10.10.2025 00:11:00.820000;0;0;670;671;82,7487;670;671;645;618,3;-1;26,7;82,7487;80,1674;70,124;3210,06;82,7487;80,9783;57,7803;265,244;12,1023;670;670,8;65,4496;670;670,8;645;613,7;-0,799988;31,3;65,4496;66,327;2634,23;65,845;65,4496;216,033;65,826;47,8279;12,1936;57,7919;670,9;670;670,9;670;645;619,4;-0,900024;25,6;57,7919;58,3209;60,1524;2391,64;57,7919;58,005;42,9288;190,291;12,5683;670;670,7;52,1119;670;670,7;645;628,7;-0,700012;16,3;52,1119;52,4411;55,0405;2098,84;52,1119;52,5378;44,7515;172,32;12,1799;670;671;46,8141;670;671;645;638,6;-1;6,40002;46,8141;47,4697;49,0945;2025,23;46,8141;47,2782;41,4037;155,069;13,0602;670;670,4;39,8851;670;670,3;645;636,5;-0,299988;8,5;39,8851;40,0691;43,8486;1642,83;39,8851;39,935;35,9326;130,958;12,5447
10.10.2025 00:11:01.320000;0;0;670;671;82,7421;670;671;645;618,4;-1;26,6;82,7421;80,7975;69,9837;3233,83;82,7421;80,0541;58,323;262,346;12,3266;670;670,7;65,5349;670;670,7;645;613,6;-0,700012;31,4;65,5349;66,327;2641,13;66,0059;65,5349;216,783;66,0688;47,7742;12,1833;57,6957;671;670;671;670;645;619,4;-1;25,6;57,6957;58,3105;60,1826;2389,77;57,6957;58,0755;42,8496;190,475;12,5464;670;670,7;52,1076;670;670,7;645;628,9;-0,700012;16,1;52,1076;52,4336;55,0412;2099;52,1076;52,5104;44,7398;172,234;12,1869;670;671;46,8079;670;671;645;638,6;-1;6,40002;46,8079;47,53;49,0184;2025,24;46,8079;47,2116;41,4085;154,79;13,0838;670;670,3;39,9736;670;670,3;645;636,4;-0,299988;8,59998;39,9736;40,0884;43,8576;1643,79;39,9736;39,9037;35,9326;130,923;12,5554
10.10.2025 00:11:01.820000;0;0;670;670,8;82,916;670;670,8;645;618,3;-0,799988;26,7;82,916;81,0012;70,0807;3241,34;82,916;79,3966;58,7385;260,421;12,4466;670;670,7;65,5305;670;670,7;645;613,6;-0,700012;31,4;65,5305;66,3295;2648,88;66,1955;65,5305;217,403;66,2618;47,6593;12,1842;57,7798;670,9;670;670,9;670;645;619,3;-0,900024;25,7;57,7798;58,0014;60,2479;2377,1;57,7798;58,0809;42,8667;190,531;12,4762;670;670,6;52,1938;670;670,6;645;629;-0,599976;16;52,1938;52,4263;55,0412;2098,71;52,1938;52,4964;44,7632;172,188;12,1884;670;671;46,8014;670;671;645;638,6;-1;6,40002;46,8014;47,416;49,0507;2021,82;46,8014;47,1821;41,3983;154,667;13,072;670;670,4;39,8821;670;670,4;645;636,4;-0,400024;8,59998;39,8821;40,1552;43,8203;1646,52;39,8821;39,9607;35,9326;131,007;12,5682
10.10.2025 00:11:02.320000;0;0;670;670,6;83,0917;670;670,6;645;618,3;-0,599976;26,7;83,0917;81,3273;70,1147;3257,77;83,0917;79,0666;59,12;259,28;12,5647;670;670,6;65,6167;670;670,6;645;613,6;-0,599976;31,4;65,6167;66,3295;2652,49;66,2857;65,6167;217,454;66,3033;47,635;12,1979;57,7736;670,9;670;670,9;670;645;619,2;-0,900024;25,8;57,7736;58,1948;60,2464;2385,51;57,7736;58,0908;42,8064;190,516;12,5213;670;670,7;52,0996;670;670,7;645;629,1;-0,700012;15,9;52,0996;52,4894;55,0412;2100,88;52,0996;52,4591;44,7248;172,057;12,2104;670;671,1;46,7048;670;671,1;645;638,6;-1,09998;6,40002;46,7048;47,3749;49,0081;2019,91;46,7048;47,0781;41,4221;154,407;13,0817;670;670,4;39,88;670;670,4;645;636,4;-0,400024;8,59998;39,88;40,1308;43,7806;1645,2;39,88;39,8838;35,9326;130,847;12,5734
10.10.2025 00:11:02.820000;0;0;670;670,4;83,2687;670;670,4;645;618,2;-0,400024;26,8;83,2687;81,7255;70,0959;3270,88;83,2687;78,9631;59,4865;259,025;12,6277;670;670,7;65,5225;670;670,7;645;613,6;-0,700012;31,4;65,5225;66,3295;2645,62;66,1219;65,5225;216,995;66,1687;47,613;12,1921;57,7678;670,9;670;670,9;670;645;619,2;-0,900024;25,8;57,7678;58,1926;60,2119;2385,74;57,7678;58,0269;42,8531;190,315;12,5357;670;670,7;52,0952;670;670,8;645;629,2;-0,799988;15,8;52,0952;52,5684;55,0101;2104,86;52,0952;52,4071;44,7282;171,889;12,2455;670;671,1;46,6975;670;671,1;645;638,6;-1,09998;6,40002;46,6975;47,386;48,9642;2019,1;46,6975;47,0301;41,3861;154,213;13,0929;670;670,4;39,8778;670;670,4;645;636,4;-0,400024;8,59998;39,8778;40,1195;43,7921;1645,06;39,8778;39,9104;35,9326;130,834;12,5737
10.10.2025 00:11:03.320000;0;0;670;670;83,5381;670;670;645;618,1;0;26,9;83,5381;81,6024;70,3929;3264,39;83,5381;79,0621;59,5691;259,375;12,5856;670;670,8;65,4278;670;670,8;645;613,6;-0,799988;31,4;65,4278;66,2979;2644,78;66,0931;65,4278;216,176;65,9308;47,6395;12,2344;57,762;670,9;670;670,9;670;645;619,1;-0,900024;25,9;57,762;58,1544;60,2194;2383,53;57,762;58,0081;42,8474;190,215;12,5307;670;670,8;52,0003;670;670,8;645;629,4;-0,799988;15,6;52,0003;52,5808;54,9668;2105,8;52,0003;52,3452;44,6981;171,628;12,2696;670;671;46,7805;670;671;645;638,6;-1;6,40002;46,7805;47,3226;48,929;2017,83;46,7805;46,9289;41,4481;153,914;13,1101;670;670,5;39,7855;670;670,5;645;636,3;-0,5;8,70001;39,7855;40,1711;43,7156;1648,45;39,7855;39,8287;35,9326;130,664;12,616
10.10.2025 00:11:03.820000;0;0;670;669,9;83,5381;670;669,9;645;618,1;0,0999756;26,9;83,5381;81,1588;70,7446;3247,73;83,5381;79,2316;59,4652;259,944;12,4939;670;670,8;65,4228;670;670,8;645;613,7;-0,799988;31,3;65,4228;66,2443;2638,19;65,9085;65,4228;215,254;65,6537;47,7305;12,2562;57,8468;670,8;670;670,8;670;645;619,1;-0,799988;25,9;57,8468;58,2335;60,1402;2387,57;57,8468;57,9424;42,9025;190,064;12,562;670;670,8;51,9952;670;670,8;645;629,5;-0,799988;15,5;51,9952;52,8086;54,8111;2113,42;51,9952;52,295;44,7016;171,463;12,3258;670;670,9;46,864;670;670,9;645;638,6;-0,900024;6,40002;46,864;47,2663;48,9279;2015,92;46,864;46,9061;41,4522;153,813;13,1062;670;670,6;39,6921;670;670,6;645;636,3;-0,599976;8,70001;39,6921;40,2367;43,6715;1649,71;39,6921;39,841;35,9114;130,601;12,6316
10.10.2025 00:11:04.320000;0;0;670;669,7;83,7191;670;669,7;645;618,1;0,299988;26,9;83,7191;81,093;71,0182;3245,09;83,7191;79,4314;59,4719;260,61;12,4519;670;670,6;65,5983;670;670,6;645;613,7;-0,599976;31,3;65,5983;66,1852;2633,45;65,8498;65,5983;214,366;65,403;47,782;12,2848;58,0223;670,6;670;670,6;670;645;619,2;-0,599976;25,8;58,0223;58,1719;60,1554;2385,05;58,0223;57,911;42,9025;189,883;12,5606;670;670,7;52,0803;670;670,7;645;629,5;-0,700012;15,5;52,0803;52,8072;54,7528;2111,69;52,0803;52,2323;44,7501;171,295;12,3278;670;670,9;46,8582;670;670,8;645;638,5;-0,799988;6,5;46,8582;47,3043;48,8661;2017,37;46,8582;46,7808;41,4644;153,388;13,1521;670;670,6;39,6885;670;670,5;645;636,4;-0,5;8,59998;39,6885;40,2486;43,5984;1650,35;39,6885;39,7509;35,9301;130,395;12,6565
10.10.2025 00:11:04.820000;0;0;670;669,5;83,9019;670;669,3;645;618,1;0,700012;26,9;83,9019;81,1987;71,2196;3249,75;83,9019;79,5796;59,5565;261,111;12,4459;670;670,7;65,5042;670;670,7;645;613,7;-0,700012;31,3;65,5042;66,3025;2626,77;65,583;65,5042;213,621;65,1754;47,8833;12,2964;58,0187;670,6;670;670,5;670;645;619,2;-0,5;25,8;58,0187;58,1791;60,1914;2386,62;58,0187;57,8166;42,9477;189,651;12,5843;670;670,7;52,0759;670;670,7;645;629,5;-0,700012;15,5;52,0759;52,7598;54,7209;2112,67;52,0759;52,1811;44,7669;171,128;12,3456;670;670,7;47,0333;670;670,7;645;638,4;-0,700012;6,59998;47,0333;47,319;48,9292;2017,67;47,0333;46,71;41,5596;153,106;13,1783;670;670,6;39,6853;670;670,6;645;636,4;-0,599976;8,59998;39,6853;40,2418;43,5797;1649,27;39,6853;39,7546;35,9301;130,305;12,657
10.10.2025 00:11:05.320000;0;0;670;669,3;84,0861;670;669,2;645;618;0,799988;27;84,0861;81,3581;71,4015;3258,66;84,0861;79,6764;59,6804;261,339;12,4691;670;670,8;65,4095;670;670,8;645;613,8;-0,799988;31,2;65,4095;66,1296;2633,85;65,84;65,4095;213,066;64,9904;47,9393;12,3617;58,1959;670,4;670;670,4;670;645;619,2;-0,400024;25,8;58,1959;58,2136;60,2194;2387,08;58,1959;57,7845;43,0432;189,482;12,5979;670;670,6;52,162;670;670,6;645;629,5;-0,599976;15,5;52,162;52,8423;54,6357;2113,42;52,162;52,1216;44,7686;170,92;12,3649;670;670,6;47,1192;670;670,6;645;638,3;-0,599976;6,70001;47,1192;47,2915;48,9747;2017,02;47,1192;46,5996;41,657;152,808;13,1997;670;670,5;39,7721;670;670,5;645;636,4;-0,5;8,59998;39,7721;40,0081;43,6866;1638,57;39,7721;39,6639;35,9337;130,149;12,59
10.10.2025 00:11:05.820000;0;0;670;669,1;84,2712;670;669,1;645;618;0,900024;27;84,2712;81,8816;71,3421;3277,69;84,2712;79,7553;59,9754;261,673;12,5259;670;670,8;65,4045;670;670,8;645;613,8;-0,799988;31,2;65,4045;66,2362;2622,39;65,5895;65,4045;212,706;64,8655;48,013;12,3287;58,1032;670,5;670;670,5;670;645;619,4;-0,5;25,6;58,1032;58,053;60,2194;2380,33;58,1032;57,7457;43,0198;189,469;12,5632;670;670,5;52,2488;670;670,5;645;629,5;-0,5;15,5;52,2488;52,6542;54,7444;2105,41;52,2488;52,1024;44,7891;170,869;12,3218;670;670,5;47,2056;670;670,5;645;638,3;-0,5;6,70001;47,2056;47,2537;48,9879;2013,32;47,2056;46,5647;41,6991;152,705;13,1843;670;670,4;39,8593;670;670,4;645;636,4;-0,400024;8,59998;39,8593;39,825;43,751;1631,55;39,8593;39,7151;35,9302;130,2;12,531
10.10.2025 00:11:06.320000;0;0;670;669,1;84,2758;670;669,1;645;618,1;0,900024;26,9;84,2758;81,8483;71,5198;3273,48;84,2758;79,8269;60,0398;261,878;12,5;670;670,8;65,4004;670;670,8;645;613,7;-0,799988;31,3;65,4004;66,2773;2616,03;65,4337;65,4004;212,706;64,8508;48,0412;12,2988;58,1009;670,5;670;670,5;670;645;619,5;-0,5;25,5;58,1009;58,0138;60,2194;2379,66;58,1009;57,8053;42,9887;189,597;12,5511;670;670,5;52,2465;670;670,5;645;629,5;-0,5;15,5;52,2465;52,549;54,7839;2103,12;52,2465;52,0835;44,7989;170,805;12,313;670;670,5;47,2033;670;670,5;645;638,2;-0,5;6,79999;47,2033;47,1828;49,0064;2011,08;47,2033;46,534;41,767;152,641;13,1752;670;670,3;39,9476;670;670,3;645;636,3;-0,299988;8,70001;39,9476;39,747;43,7566;1629,62;39,9476;39,6217;35,9414;129,982;12,5372
10.10.2025 00:11:06.820000;0;0;670;669;84,372;670;669;645;618,1;1;26,9;84,372;81,831;71,7267;3277,35;84,372;79,8667;60,1404;262,023;12,5079;670;670,8;65,3953;670;670,8;645;613,7;-0,799988;31,3;65,3953;66,2862;2613,75;65,2791;65,3953;213,107;64,9453;47,9774;12,2649;58,0078;670,6;670;670,6;670;645;619,5;-0,599976;25,5;58,0078;58,0729;60,2194;2382,91;58,0078;57,7666;43,0138;189,497;12,5749;670;670,4;52,3341;670;670,4;645;629,5;-0,400024;15,5;52,3341;52,4408;54,875;2099,61;52,3341;52,0487;44,8566;170,704;12,2997;670;670,4;47,2908;670;670,4;645;638,2;-0,400024;6,79999;47,2908;47,1188;49,0445;2009,78;47,2908;46,6441;41,7288;153,144;13,1235;670;670,3;39,9462;670;670,3;645;636,3;-0,299988;8,70001;39,9462;39,8324;43,7619;1633,13;39,9462;39,6572;35,9638;130,074;12,5554
10.10.2025 00:11:07.320000;0;0;670;669;84,3785;670;669;645;618,1;1;26,9;84,3785;82,1227;71,7264;3288,01;84,3785;79,8963;60,3794;262,034;12,548;670;670,8;65,3902;670;670,8;645;613,7;-0,799988;31,3;65,3902;66,2929;2611,82;65,2617;65,3902;213,684;65,1044;47,9186;12,2228;58,0042;670,6;670;670,6;670;645;619,5;-0,599976;25,5;58,0042;58,1323;60,2037;2384,86;58,0042;57,7927;43,0098;189,509;12,5844;670;670,5;52,2414;670;670,5;645;629,5;-0,5;15,5;52,2414;52,4545;54,8168;2098,99;52,2414;52,0201;44,8411;170,626;12,3017;670;670,4;47,2887;670;670,4;645;638,2;-0,400024;6,79999;47,2887;47,0888;49,0629;2006,43;47,2887;46,8349;41,6586;153,747;13,0502;670;670,3;39,9447;670;670,2;645;636,3;-0,200012;8,70001;39,9447;39,8526;43,7551;1634,27;39,9447;39,5506;36,0234;129,713;12,5991
10.10.2025 00:11:07.820000;0;0;670;668,9;84,4751;670;668,9;645;618,1;1,09998;26,9;84,4751;82,5612;71,6335;3308,4;84,4751;79,8655;60,7224;261,959;12,6295;670;670,7;65,4752;670;670,7;645;613,6;-0,700012;31,4;65,4752;66,2785;2618,99;65,4276;65,4752;214,328;65,3125;47,8983;12,2196;58,0006;670,6;670;670,7;670;645;619,6;-0,700012;25,4;58,0006;58,1488;60,1902;2384,1;58,0006;57,7031;43,0551;189,279;12,5957;670;670,5;52,2385;670;670,5;645;629,5;-0,5;15,5;52,2385;52,4302;54,8214;2098,83;52,2385;51,9813;44,8645;170,46;12,3127;670;670,4;47,2865;670;670,4;645;638,1;-0,400024;6,90002;47,2865;47,0101;49,1103;2004,83;47,2865;47,0389;41,5994;154,365;12,9876;670;670,2;40,0339;670;670,2;645;636,4;-0,200012;8,59998;40,0339;39,837;43,8069;1634,11;40,0339;39,5705;36,0228;129,714;12,5978
10.10.2025 00:11:08.320000;0;0;670;668,9;84,4824;670;668,9;645;618;1,09998;27;84,4824;83,0627;71,5246;3325,69;84,4824;79,8661;61,117;261,929;12,6969;670;670,7;65,4709;670;670,7;645;613,6;-0,700012;31,4;65,4709;66,2778;2622,98;65,5731;65,4709;214,761;65,45;47,8984;12,2135;57,8161;670,8;670;670,8;670;645;619,5;-0,799988;25,5;57,8161;58,2036;60,0611;2388,43;57,8161;57,7231;42,9834;189,276;12,6187;670;670,5;52,2356;670;670,5;645;629,4;-0,5;15,6;52,2356;52,5342;54,7587;2102,19;52,2356;51,9151;44,9025;170,239;12,3484;670;670,4;47,2843;670;670,4;645;638,1;-0,400024;6,90002;47,2843;47,0627;49,0914;2007,71;47,2843;47,1293;41,5994;154,658;12,9816;670;670,3;39,9427;670;670,3;645;636,3;-0,299988;8,70001;39,9427;39,9186;43,7606;1635,7;39,9427;39,4376;36,1272;129,365;12,644
10.10.2025 00:11:08.820000;0;0;670;668,9;84,4896;670;668,9;645;618;1,09998;27;84,4896;83,0541;71,613;3325,69;84,4896;79,8532;61,3283;261,957;12,6956;670;670,7;65,4665;670;670,7;645;613,5;-0,700012;31,5;65,4665;66,2957;2617,86;65,4482;65,4665;215,2;65,5822;47,8845;12,1648;57,7207;670,9;670;670,9;670;645;619,4;-0,900024;25,6;57,7207;58,2822;59,9522;2388,93;57,7207;57,6674;42,985;189,175;12,6282;670;670,5;52,2327;670;670,5;645;629,4;-0,5;15,6;52,2327;52,6414;54,6887;2108,12;52,2327;51,8517;44,9438;170,048;12,3972;670;670,3;47,3724;670;670,3;645;638,1;-0,299988;6,90002;47,3724;47,1222;49,1114;2010,25;47,3724;47,2305;41,596;154,942;12,9742;670;670,2;40,0313;670;670,2;645;636,3;-0,200012;8,70001;40,0313;39,8795;43,7606;1635,22;40,0313;39,488;36,1134;129,469;12,6302
10.10.2025 00:11:09.320000;0;0;670;669;84,4065;670;669;645;618;1;27;84,4065;83,2462;71,5489;3327,84;84,4065;79,9813;61,566;262,518;12,6766;670;670,7;65,4626;670;670,7;645;613,6;-0,700012;31,4;65,4626;66,3357;2621,23;65,4806;65,4626;215,466;65,6831;47,851;12,1654;57,805;670,8;670;670,8;670;645;619,5;-0,799988;25,5;57,805;58,3293;59,8953;2390,06;57,805;57,694;42,985;189,185;12,6335;670;670,5;52,2298;670;670,5;645;629,4;-0,5;15,6;52,2298;52,5182;54,7322;2101,43;52,2298;51,8353;44,9685;170,007;12,3608;670;670,2;47,4611;670;670,2;645;638,1;-0,200012;6,90002;47,4611;47,1939;49,1299;2012,35;47,4611;47,2807;41,5992;155,081;12,9761;670;670,1;40,1209;670;670,1;645;636,3;-0,0999756;8,70001;40,1209;39,825;43,8672;1632,82;40,1209;39,3934;36,1553;129,21;12,6369
10.10.2025 00:11:09.820000;0;0;670;669;84,4128;670;669;645;617,9;1;27,1;84,4128;83,1292;71,6371;3328,35;84,4128;80,3243;61,5752;263,706;12,6215;670;670,7;65,4582;670;670,8;645;613,8;-0,799988;31,2;65,4582;66,2889;2629,26;65,6574;65,4582;215,651;65,7398;47,81;12,1922;57,7999;670,8;670;670,7;670;645;619,5;-0,700012;25,5;57,7999;58,2785;59,9404;2387,98;57,7999;57,6056;43,027;188,983;12,6359;670;670,5;52,2269;670;670,5;645;629,4;-0,5;15,6;52,2269;52,4949;54,7306;2101,12;52,2269;51,7859;45,0082;169,844;12,3709;670;670;47,5508;670;670;645;638;0;7;47,5508;47,2129;49,1784;2013,47;47,5508;47,3522;41,5813;155,328;12,9627;670;670;40,1209;670;670;645;636,3;0;8,70001;40,1209;39,7694;43,9091;1630,7;40,1209;39,4217;36,1394;129,239;12,6178
10.10.2025 00:11:10.320000;0;0;670;669;84,4206;670;669;645;618;1;27;84,4206;83,2304;71,7195;3330,55;84,4206;80,7859;61,6331;264,978;12,5692;670;670,9;65,2721;670;670,9;645;613,9;-0,900024;31,1;65,2721;66,3178;2623,95;65,5726;65,2721;215,587;65,7276;47,7558;12,1712;57,975;670,6;670;670,6;670;645;619,5;-0,599976;25,5;57,975;58,2079;60,0454;2386,52;57,975;57,6365;43,0964;189,009;12,6265;670;670,5;52,2234;670;670,5;645;629,4;-0,5;15,6;52,2234;52,4512;54,7395;2098,41;52,2234;51,856;45,0046;170,126;12,3344;670;670;47,5508;670;670;645;638;0;7;47,5508;47,2062;49,1984;2012,87;47,5508;47,3679;41,5674;155,392;12,9535;670;670;40,1209;670;670;645;636,4;0;8,59998;40,1209;39,8627;43,8758;1634,69;40,1209;39,3434;36,2307;129,085;12,6637
10.10.2025 00:11:10.820000;0;0;670;668,9;84,5178;670;668,9;645;618;1,09998;27;84,5178;83,042;71,9393;3322,37;84,5178;81,1221;61,5632;266,08;12,4863;670;670,9;65,2663;670;670,9;645;614;-0,900024;31;65,2663;66,2706;2629,2;65,6876;65,2663;214,917;65,547;47,7719;12,2335;57,9714;670,6;670;670,6;670;645;619,6;-0,599976;25,4;57,9714;58,0449;60,1062;2380,64;57,9714;57,5969;43,1289;188,944;12,5997;670;670,5;52,2205;670;670,5;645;629,3;-0,5;15,7;52,2205;52,4162;54,7494;2097,33;52,2205;51,9379;44,9858;170,395;12,3086;670;669,9;47,5508;670;669,9;645;638;0,0999756;7;47,5508;47,2347;49,1996;2013,93;47,5508;47,4145;41,5541;155,533;12,9486;670;669,8;40,2112;670;669,8;645;636,4;0,200012;8,59998;40,2112;39,9216;43,9001;1636,78;40,2112;39,488;36,2215;129,559;12,6335
10.10.2025 00:11:11.320000;0;0;670;668,8;84,6157;670;668,8;645;618;1,20001;27;84,6157;83,1699;72,0104;3330,36;84,6157;81,3676;61,6321;266,911;12,4774;670;670,9;65,2605;670;670,9;645;614,1;-0,900024;30,9;65,2605;66,1032;2631,02;65,7213;65,2605;214,015;65,2758;47,8393;12,2937;58,1486;670,4;670;670,3;670;645;619,6;-0,299988;25,4;58,1486;58,2011;60,1057;2385,92;58,1486;57,694;43,18;189,249;12,6073;670;670,6;52,1276;670;670,6;645;629,3;-0,599976;15,7;52,1276;52,2761;54,7941;2091,56;52,1276;52,035;44,9543;170,713;12,2519;670;669,9;47,5508;670;669,9;645;638;0,0999756;7;47,5508;47,2486;49,2059;2015,16;47,5508;47,406;41,5583;155,505;12,9588;670;669,7;40,3021;670;669,7;645;636,4;0,299988;8,59998;40,3021;39,9611;43,9363;1638,4;40,3021;39,648;36,1933;130,135;12,59
10.10.2025 00:11:11.820000;0;0;670;668,8;84,6237;670;668,8;645;618;1,20001;27;84,6237;83,363;71,992;3334,73;84,6237;81,4076;61,8165;267,043;12,4876;670;671;65,1642;670;671;645;614,1;-1;30,9;65,1642;65,9595;2634,26;65,8382;65,1642;213,321;65,0524;47,8446;12,3488;58,147;670,4;670;670,4;670;645;619,6;-0,400024;25,4;58,147;58,2348;60,1057;2388,75;58,147;57,7639;43,2113;189,491;12,6061;670;670,7;52,0338;670;670,7;645;629,2;-0,700012;15,8;52,0338;52,3428;54,7298;2095,03;52,0338;52,1203;44,9216;170,967;12,254;670;669,9;47,5508;670;669,9;645;638,1;0,0999756;6,90002;47,5508;47,2711;49,2053;2016,28;47,5508;47,4558;41,5443;155,681;12,9514;670;669,7;40,3035;670;669,7;645;636,4;0,299988;8,59998;40,3035;39,9768;43,9435;1638,41;40,3035;39,9048;36,1135;130,926;12,514
10.10.2025 00:11:12.320000;0;0;670;668,8;84,6317;670;668,8;645;618,1;1,20001;26,9;84,6317;82,8395;72,3484;3316,19;84,6317;81,4622;61,6881;267,209;12,4105;670;671,1;65,0676;670;671,1;645;614;-1,09998;31;65,0676;65,9329;2634,73;65,8178;65,0676;212,732;64,8729;47,9212;12,3852;58,3256;670,2;670;670,2;670;645;619,7;-0,200012;25,3;58,3256;58,3639;60,1034;2393,72;58,3256;57,8589;43,2289;189,777;12,6133;670;670,6;52,1197;670;670,6;645;629;-0,599976;16;52,1197;52,456;54,6853;2098,76;52,1197;52,1685;44,921;171,131;12,2641;670;669,9;47,5508;670;669,9;645;638,1;0,0999756;6,90002;47,5508;47,3206;49,1899;2017,59;47,5508;47,4964;41,5428;155,793;12,9505;670;669,7;40,3051;670;669,7;645;636,4;0,299988;8,59998;40,3051;40,0041;43,9457;1640,17;40,3051;40,0086;36,1135;131,296;12,4921
10.10.2025 00:11:12.820000;0;0;670;668,9;84,5491;670;668,9;645;618,1;1,09998;26,9;84,5491;83,3452;72,1445;3335,94;84,5491;81,4589;61,9908;267,224;12,4837;670;671,1;65,0604;670;671,1;645;613,9;-1,09998;31,1;65,0604;65,8239;2634,6;65,8547;65,0604;212,284;64,7167;47,9563;12,4108;58,4151;670,1;670;670,1;670;645;619,7;-0,0999756;25,3;58,4151;58,4575;60,103;2396,6;58,4151;57,9063;43,27;189,997;12,6139;670;670,6;52,1161;670;670,6;645;628,9;-0,599976;16,1;52,1161;52,2278;54,7733;2089,79;52,1161;52,1768;44,921;171,153;12,2101;670;669,9;47,5508;670;669,9;645;638,2;0,0999756;6,79999;47,5508;47,354;49,1822;2019,49;47,5508;47,5438;41,5293;155,944;12,9502;670;669,6;40,3971;670;669,6;645;636,5;0,400024;8,5;40,3971;39,9964;44,011;1640,17;40,3971;40,1812;36,0775;131,807;12,4437
10.10.2025 00:11:13.320000;0;0;670;669,1;84,3757;670;669,1;645;618,1;0,900024;26,9;84,3757;83,342;72,1236;3333,25;84,3757;81,4845;62,0988;267,269;12,4715;670;671,1;65,0536;670;671,1;645;613,7;-1,09998;31,3;65,0536;65,6926;2642,35;66,0243;65,0536;211,894;64,6096;48,0196;12,4702;58,4151;670,1;670;670,1;670;645;619,6;-0,0999756;25,4;58,4151;58,2079;60,1588;2386,04;58,4151;58,0343;43,1515;190,365;12,534;670;670,5;52,2028;670;670,5;645;628,7;-0,5;16,3;52,2028;52,1807;54,7733;2087,9;52,2028;52,2187;44,921;171,29;12,1893;670;670;47,5508;670;670;645;638,2;0;6,79999;47,5508;47,369;49,1799;2019,97;47,5508;47,5349;41,5344;155,902;12,9567;670;669,6;40,3993;670;669,6;645;636,5;0,400024;8,5;40,3993;40,001;44,0282;1640,04;40,3993;40,2547;36,0433;132,035;12,4212
10.10.2025 00:11:13.820000;0;0;670;669,1;84,3815;670;669,1;645;618,2;0,900024;26,8;84,3815;83,3085;72,2058;3333,19;84,3815;81,4655;62,2066;267,207;12,4742;670;671;65,1368;670;671;645;613,6;-1;31,4;65,1368;65,7096;2639,97;65,9728;65,1368;211,703;64,5356;48,1108;12,4702;58,325;670,2;670;670,2;670;645;619,7;-0,200012;25,3;58,325;58,1217;60,2145;2383,79;58,325;58,1052;43,1231;190,649;12,5035;670;670,5;52,1999;670;670,5;645;628,4;-0,5;16,6;52,1999;51,9956;54,8496;2080,02;52,1999;52,2426;44,8591;171,369;12,1377;670;670;47,5508;670;670;645;638,3;0;6,70001;47,5508;47,3679;49,1976;2019,61;47,5508;47,5744;41,5128;156,044;12,9425;670;669,7;40,3112;670;669,7;645;636,5;0,299988;8,5;40,3112;40,0391;44,0215;1641,76;40,3112;40,3881;35,9906;132,473;12,3932
10.10.2025 00:11:14.320000;0;0;670;669,1;84,3873;670;669,1;645;618,2;0,900024;26,8;84,3873;83,4271;72,2124;3340,82;84,3873;81,4863;62,359;267,224;12,502;670;671;65,1302;670;670,9;645;613,6;-0,900024;31,4;65,1302;65,7414;2632,09;65,8159;65,1302;211,937;64,6032;48,1127;12,4192;58,3242;670,2;670;670,2;670;645;619,6;-0,200012;25,4;58,3242;58,2257;60,1218;2387,89;58,3242;58,2078;43,1231;190,896;12,5089;670;670,5;52,197;670;670,5;645;628,3;-0,5;16,7;52,197;51,759;54,9948;2070,55;52,197;52,2629;44,7385;171,41;12,0796;670;670;47,5508;670;670;645;638,4;0;6,59998;47,5508;47,3567;49,2127;2018,17;47,5508;47,5751;41,4982;156,046;12,9331;670;669,8;40,2225;670;669,8;645;636,5;0,200012;8,5;40,2225;40,0583;44,0216;1642,39;40,2225;40,3809;35,9869;132,488;12,3965
10.10.2025 00:11:14.820000;0;0;670;669,2;84,3026;670;669,2;645;618,3;0,799988;26,7;84,3026;83,7512;72,0496;3351,87;84,3026;81,4393;62,6424;267,121;12,5481;670;670,9;65,2143;670;670,9;645;613,4;-0,900024;31,6;65,2143;65,8247;2626,99;65,6804;65,2143;212,502;64,7598;48,1115;12,3622;58,3235;670,2;670;670,2;670;645;619,4;-0,200012;25,6;58,3235;58,1945;60,1366;2386,93;58,3235;58,1726;43,1231;190,845;12,5072;670;670,6;52,1036;670;670,6;645;628,2;-0,599976;16,8;52,1036;51,6971;55,0535;2069,51;52,1036;52,2629;44,6842;171,422;12,0726;670;670;47,5508;670;670;645;638,4;0;6,59998;47,5508;47,3913;49,2188;2021,41;47,5508;47,6064;41,4913;156,123;12,9475;670;669,8;40,2228;670;669,8;645;636,5;0,200012;8,5;40,2228;40,0735;44,0849;1643,97;40,2228;40,4866;35,9315;132,732;12,3857
10.10.2025 00:11:15.320000;0;0;670;669,3;84,2175;670;669,3;645;618,3;0,700012;26,7;84,2175;83,913;71,95;3358,82;84,2175;81,4657;62,8472;267,2;12,5704;670;670,9;65,2085;670;670,9;645;613,5;-0,900024;31,5;65,2085;65,851;2624,02;65,5863;65,2085;213,146;64,9736;48,0405;12,3109;58,4129;670,1;670;670,1;670;645;619,4;-0,0999756;25,6;58,4129;58,1912;60,1384;2385,22;58,4129;58,1825;43,1231;190,82;12,4998;670;670,5;52,1906;670;670,5;645;628,1;-0,5;16,9;52,1906;51,8095;55,0364;2073,69;52,1906;52,2883;44,6908;171,488;12,0923;670;670,1;47,5508;670;670,1;645;638,5;-0,0999756;6,5;47,5508;47,362;49,2337;2019,83;47,5508;47,5925;41,4775;156,125;12,9373;670;669,9;40,1331;670;669,9;645;636,5;0,0999756;8,5;40,1331;40,1432;44,0387;1646,55;40,1331;40,4333;35,9604;132,617;12,4158
10.10.2025 00:11:15.820000;0;0;670;669,4;84,1316;670;669,4;645;618,3;0,599976;26,7;84,1316;84,2016;71,8542;3371,01;84,1316;81,5255;63,0734;267,493;12,6022;670;670,9;65,2027;670;670,9;645;613,5;-0,900024;31,5;65,2027;65,9481;2618,21;65,3651;65,2027;213,915;65,1828;47,9892;12,2395;58,4129;670;670;670;670;645;619,3;0;25,7;58,4129;58,215;60,1787;2387,02;58,4129;58,1334;43,1231;190,755;12,5136;670;670,4;52,2778;670;670,4;645;628;-0,400024;17;52,2778;52,1214;54,8618;2085,37;52,2778;52,2277;44,8273;171,276;12,1755;670;670,1;47,5508;670;670,1;645;638,5;-0,0999756;6,5;47,5508;47,374;49,252;2018,11;47,5508;47,6221;41,4603;156,222;12,9182;670;670;40,1331;670;670;645;636,5;0;8,5;40,1331;40,2111;43,9777;1649,44;40,1331;40,3613;35,9771;132,253;12,4719
10.10.2025 00:11:16.320000;0;0;670;669,5;84,0447;670;669,5;645;618,3;0,5;26,7;84,0447;84,1302;71,853;3364,63;84,0447;81,7542;63,105;268,449;12,5336;670;671;65,1066;670;671;645;613,5;-1;31,5;65,1066;65,9697;2617,32;65,4385;65,1066;214,397;65,3336;47,9369;12,2078;58,4129;670;670;670;670;645;619,1;0;25,9;58,4129;58,4315;60,1323;2396,65;58,4129;58,1435;43,1941;190,659;12,5703;670;670,4;52,2756;670;670,4;645;627,9;-0,400024;17,1;52,2756;52,2848;54,8606;2094,79;52,2756;52,1361;44,8459;170,929;12,2553;670;670,2;47,4605;670;670,2;645;638,6;-0,200012;6,40002;47,4605;47,346;49,26;2018,36;47,4605;47,5894;41,4512;156,068;12,9326;670;669,9;40,1331;670;669,9;645;636,5;0,0999756;8,5;40,1331;40,2071;43,9529;1648,64;40,1331;40,1722;36,0259;131,726;12,5156
10.10.2025 00:11:16.820000;0;0;670;669,7;83,866;670;669,7;645;618,3;0,299988;26,7;83,866;83,869;71,8529;3351,62;83,866;82,1503;62,9757;269,825;12,4215;670;671;65,1014;670;671;645;613,6;-1;31,4;65,1014;66,0405;2608,8;65,2059;65,1014;214,707;65,4398;47,8824;12,1505;58,4129;670;670;670,1;670;645;619;-0,0999756;26;58,4129;58,4793;60,1323;2397,17;58,4129;58,0813;43,2298;190,507;12,5831;670;670,4;52,2738;670;670,4;645;627,8;-0,400024;17,2;52,2738;52,4409;54,8261;2100,4;52,2738;52,066;44,8775;170,686;12,3056;670;670,3;47,3698;670;670,3;645;638,6;-0,299988;6,40002;47,3698;47,305;49,2565;2017,43;47,3698;47,5271;41,452;155,837;12,9457;670;670;40,1331;670;670;645;636,5;0;8,5;40,1331;40,2813;43,9345;1651,05;40,1331;40,145;36,0259;131,534;12,5523
10.10.2025 00:11:17.320000;0;0;670;669,7;83,8675;670;669,7;645;618,2;0,299988;26,8;83,8675;83,7563;71,8586;3350,47;83,8675;82,7365;62,7796;271,646;12,334;670;671,1;65,0045;670;671,1;645;613,7;-1,09998;31,3;65,0045;66,1104;2608,18;65,1783;65,0045;214,973;65,525;47,7886;12,1325;58,4129;669,9;670;669,9;670;645;619,1;0,0999756;25,9;58,4129;58,3522;60,1323;2388,76;58,4129;58,0765;43,2219;190,44;12,5434;670;670,4;52,2717;670;670,4;645;627,8;-0,400024;17,2;52,2717;52,6971;54,6854;2108,09;52,2717;51,9712;44,9251;170,427;12,3694;670;670,3;47,3683;670;670,3;645;638,7;-0,299988;6,29999;47,3683;47,388;49,1989;2020,81;47,3683;47,4011;41,4972;155,398;13,004;670;670;40,1331;670;670;645;636,5;0;8,5;40,1331;40,3041;43,9139;1652,47;40,1331;39,9604;36,0565;131,032;12,6112
10.10.2025 00:11:17.820000;0;0;670;669,7;83,8689;670;669,7;645;618,2;0,299988;26,8;83,8689;83,8418;71,8557;3359,33;83,8689;83,0435;62,7395;272,527;12,3266;670;671,1;64,9972;670;671,2;645;613,8;-1,20001;31,2;64,9972;66,0917;2612,86;65,3035;64,9972;215,095;65,588;47,7299;12,1475;58,4129;670;670;670;670;645;619,1;0;25,9;58,4129;58,1814;60,2036;2383,84;58,4129;58,0215;43,1812;190,355;12,5231;670;670,5;52,1793;670;670,5;645;627,8;-0,5;17,2;52,1793;52,6747;54,6301;2107,51;52,1793;51,9237;44,9217;170,278;12,3769;670;670,4;47,2765;670;670,4;645;638,7;-0,400024;6,29999;47,2765;47,3331;49,1989;2018,76;47,2765;47,271;41,4972;154,953;13,0282;670;670,1;40,1331;670;670,1;645;636,5;-0,0999756;8,5;40,1331;40,3427;43,8897;1654,85;40,1331;39,9434;36,0686;130,92;12,6402
10.10.2025 00:11:18.320000;0;0;670;669,7;83,8704;670;669,8;645;618,3;0,200012;26,7;83,8704;83,8199;71,8529;3352,06;83,8704;83,1965;62,7116;272,938;12,2814;670;671,2;64,8993;670;671,2;645;613,9;-1,20001;31,1;64,8993;66,1231;2609,01;65,2112;64,8993;214,877;65,5343;47,6763;12,1419;58,3228;670,2;670;670,2;670;645;619,1;-0,200012;25,9;58,3228;58,142;60,2344;2384,3;58,3228;58,0974;43,1577;190,561;12,512;670;670,4;52,2666;670;670,4;645;627,8;-0,400024;17,2;52,2666;52,6822;54,6448;2105,25;52,2666;51,9136;44,9724;170,291;12,3627;670;670,5;47,1842;670;670,5;645;638,7;-0,5;6,29999;47,1842;47,3259;49,1989;2018,61;47,1842;47,1045;41,5264;154,414;13,0728;670;670,2;40,0428;670;670,2;645;636,4;-0,200012;8,59998;40,0428;40,382;43,8144;1655,5;40,0428;39,832;36,0853;130,65;12,6713
10.10.2025 00:11:18.820000;0;0;670;669,7;83,8713;670;669,7;645;618,3;0,299988;26,7;83,8713;83,8864;71,8502;3357,76;83,8713;83,2302;62,7128;273,021;12,2985;670;671,3;64,8013;670;671,3;645;614;-1,29999;31;64,8013;66,0577;2611,43;65,2518;64,8013;214,458;65,4226;47,686;12,1769;58,3221;670,2;670;670,3;670;645;619,1;-0,299988;25,9;58,3221;58,0378;60,2486;2380,85;58,3221;58,0795;43,1577;190,616;12,4903;670;670,4;52,2644;670;670,4;645;627,8;-0,400024;17,2;52,2644;52,4654;54,7399;2099,78;52,2644;51,9151;44,988;170,307;12,3293;670;670,4;47,2717;670;670,4;645;638,7;-0,400024;6,29999;47,2717;47,3863;49,1899;2020,39;47,2717;47,0471;41,5517;154,302;13,0938;670;670,2;40,0419;670;670,2;645;636,4;-0,200012;8,59998;40,0419;40,2966;43,8414;1651,84;40,0419;39,888;36,0682;130,794;12,6293
10.10.2025 00:11:19.320000;0;0;670;669,9;83,6921;670;669,9;645;618,4;0,0999756;26,6;83,6921;83,8012;71,8529;3351,31;83,6921;83,3504;62,6938;273,496;12,2536;670;671,3;64,7925;670;671,3;645;614;-1,29999;31;64,7925;66,023;2614,3;65,3313;64,7925;213,931;65,2572;47,684;12,2203;58,2304;670,3;670;670,3;670;645;619;-0,299988;26;58,2304;58,0688;60,2354;2377,34;58,2304;58,2009;43,1098;190,899;12,4534;670;670,3;52,3525;670;670,3;645;627,7;-0,299988;17,3;52,3525;52,3925;54,7867;2096,54;52,3525;51,966;45,0248;170,449;12,3001;670;670,5;47,1786;670;670,5;645;638,7;-0,5;6,29999;47,1786;47,3826;49,1412;2020,39;47,1786;46,9609;41,5597;154,032;13,1167;670;670,3;39,9505;670;670,3;645;636,4;-0,299988;8,59998;39,9505;40,2613;43,8016;1650,71;39,9505;39,8371;36,0543;130,666;12,6331
10.10.2025 00:11:19.820000;0;0;670;670;83,6921;670;670;645;618,4;0;26,6;83,6921;83,7654;71,8527;3351,79;83,6921;83,4393;62,6353;273,724;12,2451;670;671,4;64,6936;670;671,4;645;614;-1,40002;31;64,6936;65,9417;2617,2;65,3399;64,6936;213,379;65,0839;47,6949;12,2655;58,1383;670,4;670;670,4;670;645;618,9;-0,400024;26,1;58,1383;57,9121;60,2649;2374,4;58,1383;58,1936;43,0716;190,875;12,4395;670;670,4;52,2598;670;670,4;645;627,7;-0,400024;17,3;52,2598;52,3729;54,731;2095,75;52,2598;51,9865;44,9538;170,516;12,2907;670;670,4;47,2657;670;670,4;645;638,7;-0,400024;6,29999;47,2657;47,4382;49,1037;2022,92;47,2657;46,9661;41,5645;154,049;13,1317;670;670,2;40,0396;670;670,2;645;636,4;-0,200012;8,59998;40,0396;40,227;43,853;1648,83;40,0396;39,8975;36,0668;130,799;12,6058
10.10.2025 00:11:20.320000;0;0;670;670,1;83,6921;670;670,1;645;618,5;-0,0999756;26,5;83,6921;83,8764;71,8087;3356,4;83,6921;83,5228;62,6102;273,955;12,2517;670;671,4;64,6823;670;671,4;645;614,1;-1,40002;30,9;64,6823;65,6759;2626;65,6238;64,6823;212,862;64,8969;47,7495;12,3366;58,1361;670,4;670;670,4;670;645;619;-0,400024;26;58,1361;58,0181;60,2442;2378,74;58,1361;58,2353;43,0851;191,012;12,4534;670;670,4;52,2576;670;670,4;645;627,8;-0,400024;17,2;52,2576;52,2716;54,7816;2091,7;52,2576;51,9849;45,0001;170,51;12,2673;670;670,4;47,2635;670;670,4;645;638,7;-0,400024;6,29999;47,2635;47,5213;49,0993;2026,79;47,2635;46,9054;41,6385;153,837;13,1749;670;670,2;40,039;670;670,2;645;636,4;-0,200012;8,59998;40,039;40,2035;43,8615;1648,66;40,039;39,8404;36,0967;130,702;12,6139
10.10.2025 00:11:20.820000;0;0;670;670,3;83,5116;670;670,3;645;618,5;-0,299988;26,5;83,5116;84,0315;71,6513;3357,01;83,5116;83,5698;62,5851;274,109;12,247;670;671,3;64,7631;670;671,3;645;614,1;-1,29999;30,9;64,7631;65,5398;2628,69;65,6862;64,7631;212,399;64,7755;47,7907;12,3762;58,224;670,3;670;670,3;670;645;618,9;-0,299988;26,1;58,224;58,1463;60,188;2384,48;58,224;58,1844;43,1296;190,858;12,4935;670;670,4;52,2554;670;670,4;645;627,9;-0,400024;17,1;52,2554;52,1997;54,7816;2088,03;52,2554;52,0084;44,9774;170,6;12,2393;670;670,4;47,2614;670;670,4;645;638,6;-0,400024;6,40002;47,2614;47,5177;49,0885;2026,31;47,2614;46,9211;41,6478;153,875;13,1685;670;670,1;40,1288;670;670,1;645;636,3;-0,0999756;8,70001;40,1288;40,1516;43,8914;1646,22;40,1288;39,8796;36,1241;130,779;12,5877
10.10.2025 00:11:21.320000;0;0;670;670,4;83,4194;670;670,4;645;618,6;-0,400024;26,4;83,4194;83,6523;71,8257;3345,51;83,4194;83,6258;62,5382;274,28;12,1974;670;671,3;64,7544;670;671,3;645;614;-1,29999;31;64,7544;65,3203;2640,62;65,989;64,7544;211,991;64,6432;47,796;12,4562;58,2226;670,3;670;670,3;670;645;618,8;-0,299988;26,2;58,2226;58,2956;60,188;2390,44;58,2226;58,2009;43,1296;190,873;12,5237;670;670,4;52,2532;670;670,4;645;628;-0,400024;17;52,2532;52,1629;54,7823;2087,99;52,2532;52,0365;44,953;170,654;12,2352;670;670,5;47,1688;670;670,5;645;638,6;-0,5;6,40002;47,1688;47,4792;49,051;2024,67;47,1688;46,8552;41,6537;153,659;13,1764;670;670,1;40,1288;670;670,1;645;636,3;-0,0999756;8,70001;40,1288;40,1406;43,8914;1645,6;40,1288;39,8136;36,1642;130,64;12,5965
10.10.2025 00:11:21.820000;0;0;670;670,6;83,2364;670;670,6;645;618,6;-0,599976;26,4;83,2364;83,4877;71,8328;3340,89;83,2364;83,5984;62,4654;274,206;12,1839;670;671,3;64,7457;670;671,3;645;614,1;-1,29999;30,9;64,7457;65,2646;2638,76;65,9506;64,7457;211,65;64,5375;47,8387;12,4676;58,2216;670,3;670;670,3;670;645;618,8;-0,299988;26,2;58,2216;58,414;60,1412;2394,49;58,2216;58,1617;43,1317;190,789;12,5505;670;670,3;52,3415;670;670,3;645;628,3;-0,299988;16,7;52,3415;52,2698;54,7823;2091,79;52,3415;52,0287;45,0059;170,635;12,2588;670;670,6;47,0756;670;670,6;645;638,7;-0,599976;6,29999;47,0756;47,5475;48,9523;2026,63;47,0756;46,8513;41,631;153,654;13,1896;670;670;40,1288;670;670;645;636,3;0;8,70001;40,1288;40,1277;43,8914;1644,92;40,1288;39,8567;36,1585;130,7;12,5855
10.10.2025 00:11:22.320000;0;0;670;670,6;83,2323;670;670,6;645;618,6;-0,599976;26,4;83,2323;83,9225;71,7237;3357,94;83,2323;83,6204;62,4331;274,262;12,2436;670;671,3;64,7369;670;671,3;645;614;-1,29999;31;64,7369;65,115;2644,25;66,0917;64,7369;211,407;64,4611;47,8757;12,5079;58,3107;670,2;670;670,2;670;645;618,9;-0,200012;26,1;58,3107;58,3368;60,1862;2391,81;58,3107;58,1869;43,1419;190,827;12,5339;670;670,2;52,4303;670;670,2;645;628,6;-0,200012;16,4;52,4303;52,2626;54,8174;2091,18;52,4303;52,0145;45,0187;170,62;12,2563;670;670,6;47,072;670;670,6;645;638,7;-0,599976;6,29999;47,072;47,4269;48,9915;2022,6;47,072;46,7861;41,6663;153,458;13,1802;670;670,1;40,1288;670;670,1;645;636,4;-0,0999756;8,59998;40,1288;40,0844;43,8914;1644,42;40,1288;39,7952;36,1783;130,541;12,597
10.10.2025 00:11:22.820000;0;0;670;670,7;83,138;670;670,7;645;618,6;-0,700012;26,4;83,138;84,1078;71,5992;3365,5;83,138;83,5899;62,3853;274,162;12,2756;670;671,3;64,7282;670;671,3;645;614;-1,29999;31;64,7282;65,1846;2632,2;65,8067;64,7282;211,245;64,3961;47,912;12,4604;58,31;670,2;670;670,2;670;645;618,9;-0,200012;26,1;58,31;58,2658;60,1862;2389,06;58,31;58,1339;43,1467;190,705;12,5275;670;670,2;52,4296;670;670,2;645;628,7;-0,200012;16,3;52,4296;52,1956;54,8537;2087,54;52,4296;52,0205;45,0001;170,627;12,2345;670;670,5;47,159;670;670,5;645;638,7;-0,5;6,29999;47,159;47,3563;49,0589;2019,27;47,159;46,804;41,7094;153,466;13,1578;670;670,1;40,1288;670;670,1;645;636,4;-0,0999756;8,59998;40,1288;40,1555;43,8914;1646,54;40,1288;39,8446;36,189;130,678;12,6
10.10.2025 00:11:23.320000;0;0;670;670,7;83,1337;670;670,7;645;618,7;-0,700012;26,3;83,1337;84,1208;71,552;3366,02;83,1337;83,5631;62,3715;274,1;12,2803;670;671,3;64,7195;670;671,3;645;613,9;-1,29999;31,1;64,7195;65,1758;2628,84;65,7028;64,7195;211,439;64,4513;47,9004;12,4331;58,219;670,3;670;670,3;670;645;618,9;-0,299988;26,1;58,219;58,2686;60,1862;2389,81;58,219;58,1539;43,1343;190,719;12,5305;670;670,2;52,4289;670;670,2;645;628,8;-0,200012;16,2;52,4289;52,2197;54,8508;2089,94;52,4289;52,0444;45,0036;170,705;12,243;670;670,5;47,1561;670;670,5;645;638,7;-0,5;6,29999;47,1561;47,2898;49,0861;2016,76;47,1561;46,7573;41,746;153,377;13,149;670;670;40,1288;670;670;645;636,4;0;8,59998;40,1288;40,0814;43,8914;1643,02;40,1288;39,7979;36,202;130,563;12,5841
10.10.2025 00:11:23.820000;0;0;670;670,7;83,1293;670;670,7;645;618,7;-0,700012;26,3;83,1293;83,806;71,6554;3351,34;83,1293;83,4971;62,3755;273,858;12,2375;670;671,3;64,7108;670;671,3;645;613,9;-1,29999;31,1;64,7108;65,0641;2632,54;65,7993;64,7108;211,941;64,5928;47,847;12,4211;58,2175;670,3;670;670,3;670;645;619;-0,299988;26;58,2175;58,3752;60,1568;2393,54;58,2175;58,0994;43,1424;190,579;12,5593;670;670,2;52,4282;670;670,2;645;628,9;-0,200012;16,1;52,4282;52,1886;54,8748;2088,54;52,4282;52,1035;44,9755;170,925;12,219;670;670,4;47,2432;670;670,4;645;638,6;-0,400024;6,40002;47,2432;47,286;49,0839;2015,8;47,2432;46,7576;41,7645;153,339;13,146;670;670;40,1288;670;670;645;636,4;0;8,59998;40,1288;40,097;43,8914;1643,82;40,1288;39,8531;36,1951;130,665;12,5804
10.10.2025 00:11:24.320000;0;0;670;670,8;83,0349;670;670,8;645;618,7;-0,799988;26,3;83,0349;83,2567;71,7881;3330,32;83,0349;83,4209;62,3891;273,608;12,1719;670;671,3;64,7021;670;671,3;645;613,9;-1,29999;31,1;64,7021;65,0962;2630,41;65,6979;64,7021;212,579;64,7911;47,8392;12,3738;58,3065;670,2;670;670,2;670;645;619;-0,200012;26;58,3065;58,422;60,1745;2395,62;58,3065;58,0864;43,187;190,434;12,5798;670;670,3;52,3374;670;670,3;645;629;-0,299988;16;52,3374;52,2685;54,8397;2090,14;52,3374;52,1611;44,9795;171,101;12,2158;670;670,4;47,241;670;670,4;645;638,6;-0,400024;6,40002;47,241;47,2515;49,0998;2013,84;47,241;46,7214;41,8407;153,259;13,1401;670;670,1;40,1288;670;670;645;636,3;0;8,70001;40,1288;40,0823;43,8914;1643,7;40,1288;39,7817;36,2308;130,548;12,5907
10.10.2025 00:11:24.820000;0;0;670;670,8;83,0298;670;670,8;645;618,8;-0,799988;26,2;83,0298;83,3891;71,7581;3338,02;83,0298;83,3161;62,378;273,277;12,2148;670;671,4;64,6027;670;671,4;645;613,9;-1,40002;31,1;64,6027;65,1667;2628,52;65,6628;64,6027;213,175;64,9807;47,7186;12,3303;58,2158;670,3;670;670,3;670;645;619,1;-0,299988;25,9;58,2158;58,4224;60,1734;2396,28;58,2158;58,0178;43,2254;190,311;12,5914;670;670,2;52,426;670;670,2;645;629,1;-0,200012;15,9;52,426;52,2297;54,8146;2092,9;52,426;52,1827;44,9766;171,172;12,2269;670;670,4;47,2389;670;670,4;645;638,6;-0,400024;6,40002;47,2389;47,2998;49,0998;2017,64;47,2389;46,7863;41,8402;153,536;13,1411;670;670;40,1288;670;670;645;636,4;0;8,59998;40,1288;40,0595;43,8914;1642,76;40,1288;39,7998;36,2257;130,441;12,5939
10.10.2025 00:11:25.320000;0;0;670;670,9;82,9345;670;670,9;645;618,8;-0,900024;26,2;82,9345;83,6475;71,5949;3347,24;82,9345;83,2474;62,3566;273,026;12,2598;670;671,4;64,5933;670;671,4;645;613,9;-1,40002;31,1;64,5933;65,1779;2628,77;65,709;64,5933;213,604;65,1152;47,6378;12,3068;58,3947;670,1;670;670,1;670;645;619,2;-0,0999756;25,8;58,3947;58,3941;60,1757;2394,96;58,3947;58,0034;43,2743;190,2;12,5918;670;670,3;52,3351;670;670,3;645;629,2;-0,299988;15,8;52,3351;52,3824;54,8119;2097,57;52,3351;52,2034;44,9918;171,24;12,2493;670;670,4;47,2367;670;670,3;645;638,5;-0,299988;6,5;47,2367;47,2656;49,0998;2016,04;47,2367;46,9126;41,8083;154,015;13,09;670;670;40,1288;670;670;645;636,4;0;8,59998;40,1288;40,1021;43,8914;1644,03;40,1288;39,7224;36,2896;130,315;12,6158
10.10.2025 00:11:25.820000;0;0;670;670,9;82,9291;670;670,9;645;618,9;-0,900024;26,1;82,9291;83,7518;71,4938;3354,61;82,9291;83,1914;62,368;272,842;12,2951;670;671,4;64,5838;670;671,5;645;613,9;-1,5;31,1;64,5838;65,3866;2615,82;65,3814;64,5838;214,012;65,2357;47,5537;12,2228;58,3947;669,9;670;669,9;670;645;619,1;0,0999756;25,9;58,3947;58,3947;60,1757;2393,86;58,3947;57,9516;43,317;190,146;12,5896;670;670,2;52,4238;670;670,2;645;629,3;-0,200012;15,7;52,4238;52,4432;54,8119;2101,76;52,4238;52,2027;45,0301;171,225;12,2749;670;670,3;47,3252;670;670,3;645;638,4;-0,299988;6,59998;47,3252;47,2392;49,0998;2014,41;47,3252;47,1273;41,7322;154,667;13,0242;670;670;40,1288;670;670;645;636,4;0;8,59998;40,1288;40,1298;43,8914;1645;40,1288;39,7962;36,2876;130,557;12,5998
10.10.2025 00:11:26.320000;0;0;670;671;82,833;670;671;645;619,1;-1;25,9;82,833;83,957;71,3203;3358,02;82,833;83,1284;62,3437;272,597;12,3186;670;671,5;64,4838;670;671,5;645;613,8;-1,5;31,2;64,4838;65,4089;2616,7;65,3554;64,4838;214,175;65,309;47,4405;12,2176;58,4851;669,8;670;669,8;670;645;619,2;0,200012;25,8;58,4851;58,2547;60,2425;2387,8;58,4851;58,0364;43,2437;190,334;12,5454;670;670,3;52,3327;670;670,3;645;629,7;-0,299988;15,3;52,3327;52,6511;54,6989;2108,64;52,3327;52,2167;44,994;171,271;12,3118;670;670,3;47,3237;670;670,3;645;638,4;-0,299988;6,59998;47,3237;47,2793;49,0998;2016,64;47,3237;47,2586;41,7275;155,111;13,0013;670;670;40,1288;670;670,1;645;636,4;-0,0999756;8,59998;40,1288;40,1688;43,8914;1646,6;40,1288;39,9154;36,2528;131,102;12,5596
10.10.2025 00:11:26.820000;0;0;670;671;82,8278;670;671;645;619,1;-1;25,9;82,8278;83,6813;71,3811;3343,45;82,8278;83,042;62,3678;272,326;12,2774;670;671,5;64,4756;670;671,6;645;613,8;-1,59998;31,2;64,4756;65,3856;2614,28;65,388;64,4756;213,869;65,2431;47,4264;12,2237;58,4857;669,8;670;669,8;670;645;619,2;0,200012;25,8;58,4857;58,1067;60,3271;2382,53;58,4857;58,0413;43,1993;190,44;12,5107;670;670,3;52,3316;670;670,3;645;629,7;-0,299988;15,3;52,3316;52,7072;54,657;2109,58;52,3316;52,214;44,9956;171,249;12,3188;670;670,2;47,4129;670;670,2;645;638,4;-0,200012;6,59998;47,4129;47,2565;49,1286;2015,34;47,4129;47,3933;41,7125;155,488;12,9613;670;670;40,1288;670;670;645;636,4;0;8,59998;40,1288;40,181;43,8914;1647,26;40,1288;40,0779;36,209;131,494;12,5273
10.10.2025 00:11:27.320000;0;0;670;671;82,8212;670;671;645;619,2;-1;25,8;82,8212;83,1557;71,6065;3323,64;82,8212;82,998;62,3768;272,208;12,21;670;671,5;64,4652;670;671,6;645;613,8;-1,59998;31,2;64,4652;65,2899;2616,64;65,4052;64,4652;213,337;65,0809;47,4454;12,2653;58,577;669,7;670;669,7;670;645;619,2;0,299988;25,8;58,577;57,996;60,4519;2376,88;58,577;58,1648;43,171;190,819;12,4562;670;670,2;52,4205;670;670,2;645;630;-0,200012;15;52,4205;52,7072;54,6856;2106,73;52,4205;52,2159;45,0334;171,281;12,2999;670;670,2;47,4122;670;670,2;645;638,4;-0,200012;6,59998;47,4122;47,2495;49,1572;2014,72;47,4122;47,4537;41,6807;155,712;12,9387;670;670,1;40,1288;670;670,1;645;636,5;-0,0999756;8,5;40,1288;40,1542;43,8914;1646,48;40,1288;40,1342;36,209;131,781;12,4941
10.10.2025 00:11:27.820000;0;0;670;671;82,8134;670;671;645;619,3;-1;25,7;82,8134;82,9987;71,635;3323,2;82,8134;82,9712;62,379;272,12;12,2123;670;671,6;64,3622;670;671,6;645;613,8;-1,59998;31,2;64,3622;65,0788;2623,09;65,511;64,3622;212,427;64,819;47,473;12,3482;58,4884;669,8;670;669,8;670;645;619,1;0,200012;25,9;58,4884;57,9834;60,4494;2377,64;58,4884;58,22;43,1354;191,026;12,4467;670;670,4;52,2383;670;670,4;645;630;-0,400024;15;52,2383;52,5338;54,6678;2100,44;52,2383;52,2241;44,9949;171,295;12,2621;670;670,2;47,4107;670;670,2;645;638,4;-0,200012;6,59998;47,4107;47,1868;49,2639;2012,2;47,4107;47,5794;41,592;156,125;12,8884;670;670,1;40,1288;670;670,2;645;636,5;-0,200012;8,5;40,1288;40,1178;43,9625;1643,87;40,1288;40,3538;36,1506;132,373;12,4185
10.10.2025 00:11:28.320000;0;0;670;670,9;82,8985;670;670,9;645;619,2;-0,900024;25,8;82,8985;83,0893;71,632;3323,45;82,8985;82,9832;62,3997;272,198;12,2097;670;671,5;64,4436;670;671,5;645;613,9;-1,5;31,1;64,4436;64,8835;2627,45;65,6445;64,4436;211,891;64,64;47,5272;12,4;58,489;669,8;670;669,8;670;645;619,2;0,200012;25,8;58,489;58,214;60,3502;2390,13;58,489;58,2762;43,1855;191,146;12,5042;670;670,4;52,2365;670;670,4;645;630;-0,400024;15;52,2365;52,4318;54,7111;2098,11;52,2365;52,2297;44,9949;171,365;12,2435;670;670,3;47,3198;670;670,3;645;638,3;-0,299988;6,70001;47,3198;47,1829;49,3041;2012,04;47,3198;47,6243;41,5556;156,233;12,8784;670;670,2;40,0383;670;670,2;645;636,5;-0,200012;8,5;40,0383;40,035;44,0322;1639,84;40,0383;40,3912;36,0917;132,56;12,3705
10.10.2025 00:11:28.820000;0;0;670;670,8;82,9828;670;670,8;645;619,2;-0,799988;25,8;82,9828;83,1612;71,6067;3328,02;82,9828;83,0061;62,3946;272,273;12,2231;670;671,5;64,4334;670;671,5;645;613,9;-1,5;31,1;64,4334;64,714;2626,27;65,6794;64,4334;211,35;64,4633;47,5985;12,4262;58,4897;669,8;670;669,8;670;645;619,2;0,200012;25,8;58,4897;58,3066;60,3094;2391,69;58,4897;58,2367;43,1855;191,042;12,5192;670;670,4;52,2344;670;670,4;645;630;-0,400024;15;52,2344;52,2732;54,7565;2092,72;52,2344;52,2881;44,9949;171,518;12,2012;670;670,4;47,2283;670;670,4;645;638,3;-0,400024;6,70001;47,2283;47,1566;49,3647;2011,41;47,2283;47,671;41,5006;156,361;12,8639;670;670,3;39,9471;670;670,3;645;636,6;-0,299988;8,40002;39,9471;39,9524;44,14;1638,53;39,9471;40,477;35,997;132,7;12,3476
10.10.2025 00:11:29.320000;0;0;670;670,8;82,9777;670;670,8;645;619,2;-0,799988;25,8;82,9777;83,5469;71,4327;3347,21;82,9777;83,0664;62,3994;272,475;12,2844;670;671,5;64,4232;670;671,4;645;614;-1,40002;31;64,4232;64,6753;2625,35;65,5796;64,4232;210,882;64,3069;47,6059;12,4494;58,4002;669,9;670;669,9;670;645;619,1;0,0999756;25,9;58,4002;58,4283;60,2697;2394,6;58,4002;58,2718;43,1982;191,126;12,5289;670;670,4;52,2322;670;670,4;645;630,1;-0,400024;14,9;52,2322;52,2928;54,7565;2090,95;52,2322;52,3385;44,9925;171,729;12,1758;670;670,6;47,0457;670;670,6;645;638,2;-0,599976;6,79999;47,0457;47,2289;49,3355;2015,79;47,0457;47,6388;41,4437;156,187;12,9063;670;670,3;39,9453;670;670,3;645;636,6;-0,299988;8,40002;39,9453;40,0194;44,0437;1641,12;39,9453;40,3062;36,0374;132,204;12,4135
10.10.2025 00:11:29.820000;0;0;670;670,8;82,9726;670;670,8;645;619,2;-0,799988;25,8;82,9726;83,4672;71,4777;3339,65;82,9726;83,1272;62,3764;272,711;12,2461;670;671,4;64,5037;670;671,4;645;614,2;-1,40002;30,8;64,5037;64,6972;2619,74;65,4913;64,5037;210,654;64,2429;47,6715;12,4362;58,31;670,2;670;670,2;670;645;619,2;-0,200012;25,8;58,31;58,5118;60,2183;2399,46;58,31;58,2548;43,1887;191,129;12,5542;670;670,5;52,14;670;670,5;645;630,1;-0,5;14,9;52,14;52,3031;54,7566;2093,6;52,14;52,4;44,9645;171,886;12,1802;670;670,5;47,132;670;670,5;645;638,3;-0,5;6,70001;47,132;47,3125;49,2755;2017,4;47,132;47,5715;41,4728;156,035;12,9292;670;670,3;39,944;670;670,3;645;636,6;-0,299988;8,40002;39,944;40,0306;44,0277;1641,25;39,944;40,2637;36,0378;132,065;12,4276
10.10.2025 00:11:30.320000;0;0;670;670,8;82,9676;670;670,8;645;619,2;-0,799988;25,8;82,9676;83,2195;71,5921;3327,87;82,9676;83,22;62,3306;272,987;12,1906;670;671,3;64,5848;670;671,3;645;614,3;-1,29999;30,7;64,5848;64,8811;2604,7;65,1195;64,5848;210,495;64,1754;47,7472;12,3742;58,3093;670,2;670;670,2;670;645;619,3;-0,200012;25,7;58,3093;58,6908;60,1241;2406,8;58,3093;58,3206;43,1887;191,304;12,581;670;670,6;52,0469;670;670,6;645;630,2;-0,599976;14,8;52,0469;52,2398;54,7979;2090,59;52,0469;52,4188;44,8724;171,972;12,1566;670;670,5;47,1291;670;670,5;645;638,3;-0,5;6,70001;47,1291;47,3399;49,2016;2019,21;47,1291;47,406;41,5207;155,466;12,9881;670;670,3;39,9426;670;670,3;645;636,6;-0,299988;8,40002;39,9426;40,0708;43,9634;1643,38;39,9426;40,1336;36,0805;131,625;12,4853
10.10.2025 00:11:30.820000;0;0;670;670,8;82,9625;670;670,8;645;619,3;-0,799988;25,7;82,9625;83,1668;71,5923;3326,56;82,9625;83,2468;62,3065;273,05;12,183;670;671,3;64,5761;670;671,3;645;614,4;-1,29999;30,6;64,5761;64,8946;2601,81;65,0351;64,5761;210,789;64,2454;47,7346;12,3432;58,3084;670,2;670;670,2;670;645;619,4;-0,200012;25,6;58,3084;58,773;60,0497;2410,01;58,3084;58,2888;43,1887;191,187;12,6055;670;670,6;52,0425;670;670,6;645;630,4;-0,599976;14,6;52,0425;52,1906;54,8426;2088,46;52,0425;52,4419;44,8378;172,01;12,1415;670;670,5;47,1262;670;670,5;645;638,2;-0,5;6,79999;47,1262;47,3843;49,1996;2020,47;47,1262;47,2804;41,5623;155,08;13,0286;670;670,3;39,9411;670;670,3;645;636,6;-0,299988;8,40002;39,9411;40,1608;43,9634;1647,07;39,9411;40,1137;36,0816;131,534;12,522
10.10.2025 00:11:31.320000;0;0;670;670,7;83,0475;670;670,7;645;619,3;-0,700012;25,7;83,0475;82,9864;71,6879;3321,58;83,0475;83,2619;62,2854;273,113;12,1619;670;671,3;64,5674;670;671,3;645;614,4;-1,29999;30,6;64,5674;64,945;2593,43;64,8856;64,5674;211,299;64,3937;47,6825;12,2737;58,3077;670,2;670;670,2;670;645;619,5;-0,200012;25,5;58,3077;58,7763;60,0412;2408,39;58,3077;58,3031;43,1887;191,196;12,5965;670;670,6;52,0389;670;670,6;645;630,5;-0,599976;14,5;52,0389;52,0299;54,943;2081,87;52,0389;52,452;44,808;172,043;12,1009;670;670,5;47,1233;670;670,5;645;638,2;-0,5;6,79999;47,1233;47,3613;49,1349;2020,29;47,1233;47,1375;41,5832;154,534;13,0734;670;670,2;40,0297;670;670,2;645;636,6;-0,200012;8,40002;40,0297;40,1755;43,9359;1647,04;40,0297;40,0254;36,1092;131,296;12,5444
10.10.2025 00:11:31.820000;0;0;670;670,8;82,9519;670;670,8;645;619,3;-0,799988;25,7;82,9519;83,0096;71,6724;3321,71;82,9519;83,2296;62,2819;272,993;12,1677;670;671,2;64,6471;670;671,2;645;614,4;-1,20001;30,6;64,6471;65,0292;2592,51;64,7868;64,6471;212,015;64,6389;47,6535;12,2279;58,2159;670,3;670;670,3;670;645;619,6;-0,299988;25,4;58,2159;58,6276;60,0507;2403,73;58,2159;58,2474;43,1875;191,052;12,5816;670;670,6;52,0352;670;670,6;645;630,5;-0,599976;14,5;52,0352;51,9654;54,9833;2078,01;52,0352;52,4239;44,7699;171,925;12,0867;670;670,4;47,2104;670;670,4;645;638,1;-0,400024;6,90002;47,2104;47,3946;49,0989;2020,43;47,2104;47,0389;41,5832;154,236;13,0996;670;670,2;40,029;670;670,2;645;636,6;-0,200012;8,40002;40,029;40,1708;43,9402;1647,48;40,029;40,0326;36,1092;131,256;12,5517
10.10.2025 00:11:32.320000;0;0;670;670,8;82,9468;670;670,8;645;619,3;-0,799988;25,7;82,9468;83,3213;71,6051;3334,18;82,9468;83,2065;62,2779;272,917;12,2168;670;671,1;64,7298;670;671,1;645;614,3;-1,09998;30,7;64,7298;64,9265;2608,51;65,1426;64,7298;212,597;64,8162;47,6535;12,2697;58,0337;670,5;670;670,5;670;645;619,5;-0,5;25,5;58,0337;58,4681;60,1193;2396,23;58,0337;58,2527;43,1381;191,056;12,542;670;670,5;52,1222;670;670,5;645;630,4;-0,5;14,6;52,1222;52,0933;54,9421;2084,89;52,1222;52,4294;44,7975;171,969;12,1237;670;670,4;47,2082;670;670,4;645;638,1;-0,400024;6,90002;47,2082;47,327;49,1724;2017,86;47,2082;46,8685;41,6899;153,703;13,1283;670;670,2;40,0282;670;670,2;645;636,7;-0,200012;8,29999;40,0282;40,1655;43,9374;1646,63;40,0282;39,9173;36,1138;130,942;12,5753
10.10.2025 00:11:32.820000;0;0;670;670,9;82,8513;670;670,9;645;619,4;-0,900024;25,6;82,8513;83,3612;71,575;3335,78;82,8513;83,1881;62,2352;272,857;12,2254;670;671;64,8131;670;671;645;614;-1;31;64,8131;64,9172;2610,75;65,2427;64,8131;212,96;64,9268;47,6478;12,2594;57,9403;670,6;670;670,6;670;645;619,5;-0,599976;25,5;57,9403;58,3624;60,1543;2393,34;57,9403;58,2223;43,1038;190,969;12,5326;670;670,3;52,2995;670;670,3;645;630,2;-0,299988;14,8;52,2995;52,2211;54,8941;2090,16;52,2995;52,438;44,7898;172,01;12,1514;670;670,3;47,2965;670;670,3;645;638;-0,299988;7;47,2965;47,3501;49,1812;2019,17;47,2965;46,83;41,7591;153,564;13,1487;670;670,1;40,1176;670;670,1;645;636,6;-0,0999756;8,40002;40,1176;40,1889;43,9224;1648,54;40,1176;39,9101;36,1166;130,841;12,5996
10.10.2025 00:11:33.320000;0;0;670;670,9;82,8455;670;670,9;645;619,4;-0,900024;25,6;82,8455;83,8176;71,319;3355,32;82,8455;83,1673;62,2259;272,802;12,2995;670;670,9;64,8967;670;670,9;645;613,9;-0,900024;31,1;64,8967;64,9685;2609,68;65,2078;64,8967;213,278;65,012;47,6435;12,236;57,9367;670,6;670;670,6;670;645;619,7;-0,599976;25,3;57,9367;58,3922;60,1387;2393,44;57,9367;58,2292;43,0868;190,966;12,5333;670;670,2;52,3881;670;670,2;645;630;-0,200012;15;52,3881;52,2262;54,8953;2089,56;52,3881;52,4333;44,8272;171,943;12,1527;670;670,4;47,2046;670;670,4;645;638;-0,400024;7;47,2046;47,4141;49,1243;2021,9;47,2046;46,7393;41,7846;153,292;13,1899;670;670,2;40,0272;670;670,2;645;636,7;-0,200012;8,29999;40,0272;40,2437;43,8921;1649,83;40,0272;39,8077;36,1671;130,601;12,6326
10.10.2025 00:11:33.820000;0;0;670;670,9;82,8397;670;670,9;645;619,2;-0,900024;25,8;82,8397;83,7428;71,3067;3350,25;82,8397;83,1368;62,2215;272,715;12,2848;670;670,8;64,9816;670;670,8;645;613,9;-0,799988;31,1;64,9816;65,0117;2609,08;65,1929;64,9816;213,573;65,098;47,6422;12,2163;58,0233;670,5;670;670,5;670;645;619,8;-0,5;25,2;58,0233;58,3174;60,1369;2390,05;58,0233;58,1621;43,1387;190,785;12,5275;670;670,1;52,4776;670;670,1;645;629,8;-0,0999756;15,2;52,4776;51,9988;55,0432;2080,94;52,4776;52,3972;44,7382;171,876;12,1073;670;670,2;47,3833;670;670,2;645;638;-0,200012;7;47,3833;47,4894;49,1704;2025,27;47,3833;46,7498;41,8815;153,339;13,2078;670;670,1;40,1169;670;670,1;645;636,7;-0,0999756;8,29999;40,1169;40,2471;43,9302;1650,31;40,1169;39,8296;36,2014;130,602;12,6361
10.10.2025 00:11:34.320000;0;0;670;670,9;82,8339;670;670,9;645;619,2;-0,900024;25,8;82,8339;83,5989;71,3461;3345,13;82,8339;83,1272;62,2098;272,657;12,2686;670;670,6;65,1573;670;670,6;645;613,8;-0,599976;31,2;65,1573;64,9209;2618,86;65,4492;65,1573;213,825;65,1788;47,6471;12,2477;57,8398;670,7;670;670,7;670;645;619,7;-0,700012;25,3;57,8398;58,1367;60,1642;2382,8;57,8398;58,1374;43,1058;190,652;12,4982;670;670,1;52,4776;670;670,1;645;629,7;-0,0999756;15,3;52,4776;52,164;54,98;2088,35;52,4776;52,3843;44,7942;171,795;12,1561;670;670,2;47,3826;670;670,2;645;637,9;-0,200012;7,09998;47,3826;47,4182;49,1733;2022,07;47,3826;46,8584;41,8709;153,747;13,1519;670;670,1;40,1169;670;670,2;645;636,7;-0,200012;8,29999;40,1169;40,2667;43,9174;1651,25;40,1169;39,7347;36,2566;130,368;12,666
10.10.2025 00:11:34.820000;0;0;670;670,9;82,8281;670;670,9;645;619;-0,900024;26;82,8281;83,3743;71,4053;3335,83;82,8281;83,0594;62,2234;272,422;12,2451;670;670,5;65,244;670;670,5;645;613,8;-0,5;31,2;65,244;65,0039;2605,36;65,1399;65,244;213,976;65,2327;47,6471;12,1759;57,7449;670,8;670;670,8;670;645;619,7;-0,799988;25,3;57,7449;58,1428;60,1642;2384,65;57,7449;58,0778;43,043;190,495;12,5182;670;670,1;52,4776;670;670,1;645;629,5;-0,0999756;15,5;52,4776;52,4199;54,8779;2098,76;52,4776;52,3483;44,8407;171,651;12,2269;670;670,2;47,3819;670;670,2;645;638;-0,200012;7;47,3819;47,4026;49,1733;2021,09;47,3819;47,081;41,8024;154,49;13,0823;670;670,4;39,8461;670;670,4;645;636,7;-0,400024;8,29999;39,8461;40,2856;43,855;1651,74;39,8461;39,8007;36,2056;130,546;12,6525
10.10.2025 00:11:35.320000;0;0;670;670,9;82,8223;670;670,9;645;618,9;-0,900024;26,1;82,8223;83,3674;71,3849;3334,11;82,8223;83,0323;62,2237;272,307;12,2439;670;670,4;65,3314;670;670,4;645;613,7;-0,400024;31,3;65,3314;65,1523;2598,19;64,9447;65,3314;214,038;65,2595;47,5553;12,1389;57,7398;670,8;670;670,8;670;645;619,6;-0,799988;25,4;57,7398;58,1365;60,1642;2383,9;57,7398;58,0572;43,0335;190,376;12,522;670;670,2;52,3871;670;670,2;645;629,5;-0,200012;15,5;52,3871;52,6122;54,8119;2105,82;52,3871;52,2844;44,8434;171,467;12,2812;670;670,2;47,3811;670;670,2;645;638;-0,200012;7;47,3811;47,2711;49,1785;2015;47,3811;47,24;41,7284;154,986;13,0012;670;670,3;39,9343;670;670,4;645;636,7;-0,400024;8,29999;39,9343;40,2432;43,8129;1649,81;39,9343;39,8967;36,1562;130,951;12,5987
10.10.2025 00:11:35.820000;0;0;670;670,8;82,9066;670;670,8;645;618,8;-0,799988;26,2;82,9066;82,7794;71,5596;3310,9;82,9066;82,9962;62,214;272,189;12,164;670;670,3;65,4198;670;670,3;645;613,6;-0,299988;31,4;65,4198;65,2388;2597,01;64,9033;65,4198;214,142;65,2793;47,5149;12,1275;57,6441;670,9;670;670,9;670;645;619,5;-0,900024;25,5;57,6441;58,21;60,0859;2385,8;57,6441;57,9638;43,0178;190,147;12,5471;670;670,1;52,4769;670;670,1;645;629,5;-0,0999756;15,5;52,4769;52,7593;54,7744;2112;52,4769;52,2461;44,8994;171,367;12,3244;670;670,2;47,3804;670;670,2;645;638;-0,200012;7;47,3804;47,2939;49,1743;2017,57;47,3804;47,39;41,7284;155,452;12,9787;670;670,5;39,7519;670;670,5;645;636,7;-0,5;8,29999;39,7519;40,2002;43,9064;1647,89;39,7519;40,0902;36,0556;131,496;12,5319
10.10.2025 00:11:36.320000;0;0;670;670,7;82,9916;670;670,7;645;618,8;-0,700012;26,2;82,9916;82,6603;71,6108;3308,53;82,9916;82,957;62,1701;272,086;12,1599;670;670,2;65,5084;670;670,2;645;613,5;-0,200012;31,5;65,5084;65,2805;2596,51;64,8747;65,5084;214,129;65,2832;47,4809;12,1259;57,6383;670,9;670;670,9;670;645;619,4;-0,900024;25,6;57,6383;58,3361;59,9948;2391,65;57,6383;57,9364;43,0116;189,993;12,5881;670;670,1;52,4769;670;670,1;645;629,4;-0,0999756;15,6;52,4769;52,7473;54,7683;2111,05;52,4769;52,2265;44,9166;171,303;12,3235;670;670,2;47,3797;670;670,2;645;638,1;-0,200012;6,90002;47,3797;47,2748;49,2139;2015,8;47,3797;47,4527;41,6965;155,696;12,947;670;670,6;39,659;670;670,6;645;636,7;-0,599976;8,29999;39,659;40,1885;43,9114;1647,57;39,659;40,1764;36,0024;131,843;12,4965
10.10.2025 00:11:36.820000;0;0;670;670,7;82,9872;670;670,7;645;618,6;-0,700012;26,4;82,9872;82,6419;71,6509;3307;82,9872;82,9214;62,1641;272,008;12,1577;670;670,2;65,5077;670;670,2;645;613,5;-0,200012;31,5;65,5077;65,2186;2607,19;65,1378;65,5077;214,164;65,2899;47,5706;12,1738;57,6325;670,9;670;670,8;670;645;619,4;-0,799988;25,6;57,6325;58,3454;59,9355;2392,37;57,6325;57,8684;43,0257;189,821;12,6033;670;670,2;52,3868;670;670,2;645;629,4;-0,200012;15,6;52,3868;52,6713;54,7961;2107,21;52,3868;52,2014;44,938;171,233;12,3061;670;670,2;47,379;670;670,2;645;638,1;-0,200012;6,90002;47,379;47,3463;49,2423;2019,01;47,379;47,5683;41,6721;156,024;12,9404;670;670,6;39,6555;670;670,6;645;636,7;-0,599976;8,29999;39,6555;40,2197;43,9116;1649,01;39,6555;40,3113;35,8788;132,208;12,4728
10.10.2025 00:11:37.320000;0;0;670;670,6;83,0731;670;670,6;645;618,5;-0,599976;26,5;83,0731;82,6603;71,7009;3307,57;83,0731;82,9335;62,1536;272,009;12,1598;670;670,2;65,5069;670;670,2;645;613,5;-0,200012;31,5;65,5069;65,1964;2609,05;65,2082;65,5069;214,129;65,2753;47,5909;12,1845;57,7173;670,8;670;670,8;670;645;619,3;-0,799988;25,7;57,7173;58,3024;59,9307;2389,96;57,7173;57,8581;43,0583;189,762;12,5946;670;670,2;52,3861;670;670,2;645;629,4;-0,200012;15,6;52,3861;52,6628;54,7451;2106,55;52,3861;52,2109;44,9041;171,252;12,3009;670;670,4;47,1978;670;670,4;645;638,1;-0,400024;6,90002;47,1978;47,3876;49,2577;2020,61;47,1978;47,625;41,5806;156,236;12,9331;670;670,6;39,6519;670;670,6;645;636,7;-0,599976;8,29999;39,6519;40,2275;43,9116;1649,33;39,6519;40,2664;35,8603;132,1;12,4855
10.10.2025 00:11:37.820000;0;0;670;670,6;83,0695;670;670,6;645;618,4;-0,599976;26,6;83,0695;82,5596;71,7747;3304,78;83,0695;82,9236;62,1001;272,028;12,1487;670;670,2;65,5062;670;670,2;645;613,7;-0,200012;31,3;65,5062;65,2349;2607,81;65,1571;65,5062;214,223;65,3003;47,573;12,1733;57,7123;670,8;670;670,8;670;645;619,3;-0,799988;25,7;57,7123;58,2682;59,9034;2387,4;57,7123;57,8123;43,0735;189,663;12,5876;670;670,2;52,3853;670;670,2;645;629,4;-0,200012;15,6;52,3853;52,5801;54,7769;2103,56;52,3853;52,2433;44,8946;171,358;12,2758;670;670,3;47,2863;670;670,3;645;638,2;-0,299988;6,79999;47,2863;47,2784;49,36;2016,59;47,2863;47,6926;41,5647;156,419;12,8922;670;670,7;39,558;670;670,7;645;636,8;-0,700012;8,20001;39,558;40,2619;43,9116;1650,42;39,558;40,1733;35,8261;131,679;12,5337
10.10.2025 00:11:38.320000;0;0;670;670,6;83,0658;670;670,6;645;618,3;-0,599976;26,7;83,0658;82,8867;71,6254;3320,44;83,0658;82,9829;62,1961;272,199;12,1986;670;670,3;65,415;670;670,3;645;613,9;-0,299988;31,1;65,415;65,3215;2597,39;64,9281;65,415;214,381;65,3556;47,4492;12,1158;57,7977;670,7;670;670,7;670;645;619,3;-0,700012;25,7;57,7977;58,0177;60,0495;2377,29;57,7977;57,8754;43,0726;189,833;12,5231;670;670,3;52,2944;670;670,3;645;629,4;-0,299988;15,6;52,2944;52,6428;54,6945;2106,87;52,2944;52,2555;44,88;171,399;12,2922;670;670,2;47,3752;670;670,2;645;638,3;-0,200012;6,70001;47,3752;47,2114;49,377;2012,61;47,3752;47,6225;41,5461;156,164;12,8878;670;670,7;39,5536;670;670,6;645;636,8;-0,599976;8,20001;39,5536;40,1771;43,8755;1647,1;39,5536;40,0091;35,862;131,244;12,5499
10.10.2025 00:11:38.820000;0;0;670;670,5;83,1526;670;670,5;645;618,1;-0,5;26,9;83,1526;83,5567;71,4252;3345,21;83,1526;83,0176;62,2113;272,298;12,2851;670;670,3;65,4135;670;670,4;645;614,1;-0,400024;30,9;65,4135;65,3737;2595,29;64,872;65,4135;214,544;65,4021;47,3838;12,0968;57,8837;670,6;670;670,7;670;645;619,3;-0,700012;25,7;57,8837;57,9247;60,0704;2375,39;57,8837;57,871;43,0726;189,856;12,5116;670;670,3;52,293;670;670,3;645;629,3;-0,299988;15,7;52,293;52,6796;54,658;2108,51;52,293;52,2942;44,88;171,538;12,2918;670;670,2;47,3745;670;670,2;645;638,4;-0,200012;6,59998;47,3745;47,2295;49,3636;2013,71;47,3745;47,579;41,5522;156,021;12,9067;670;670,7;39,5496;670;670,6;645;636,9;-0,599976;8,09998;39,5496;40,1145;43,8786;1644,38;39,5496;39,9579;35,8598;130,985;12,5539
10.10.2025 00:11:39.320000;0;0;670;670,5;83,1497;670;670,5;645;617,9;-0,5;27,1;83,1497;83,7464;71,299;3350,89;83,1497;83,0275;62,2081;272,356;12,3033;670;670,4;65,3214;670;670,4;645;614,1;-0,400024;30,9;65,3214;65,541;2587,22;64,656;65,3214;214,707;65,4594;47,2356;12,05;57,7894;670,7;670;670,7;670;645;619,4;-0,700012;25,6;57,7894;58,0173;60,0619;2379,03;57,7894;57,9011;43,0675;189,916;12,5268;670;670,3;52,2915;670;670,3;645;629;-0,299988;16;52,2915;52,5431;54,7458;2102,4;52,2915;52,3558;44,88;171,753;12,2409;670;670,2;47,3737;670;670,2;645;638,4;-0,200012;6,59998;47,3737;47,1905;49,3227;2013;47,3737;47,4331;41,5816;155,542;12,9419;670;670,6;39,6359;670;670,6;645;636,9;-0,599976;8,09998;39,6359;40,1144;43,8066;1645,33;39,6359;39,8317;35,934;130,661;12,5924
10.10.2025 00:11:39.820000;0;0;670;670,6;83,0563;670;670,6;645;617,7;-0,599976;27,3;83,0563;83,5434;71,339;3343,16;83,0563;83,0808;62,1993;272,553;12,2661;670;670,5;65,2286;670;670,5;645;614,2;-0,5;30,8;65,2286;65,4662;2593,52;64,8307;65,2286;214,517;65,4025;47,2845;12,09;57,7846;670,7;670;670,7;670;645;619,4;-0,700012;25,6;57,7846;57,7897;60,082;2369,54;57,7846;57,9145;43,056;189,983;12,4724;670;670,4;52,1995;670;670,4;645;628,9;-0,400024;16,1;52,1995;52,3307;54,7873;2092,95;52,1995;52,3965;44,8383;171,871;12,1774;670;670,2;47,373;670;670,2;645;638,4;-0,200012;6,59998;47,373;47,2436;49,2826;2015,59;47,373;47,3953;41,6122;155,429;12,9679;670;670,5;39,7223;670;670,5;645;636,9;-0,5;8,09998;39,7223;40,1116;43,785;1644,57;39,7223;39,8094;35,9348;130,522;12,6
10.10.2025 00:11:40.320000;0;0;670;670,5;83,1431;670;670,5;645;617,7;-0,5;27,3;83,1431;83,5603;71,359;3343,16;83,1431;83,176;62,1993;272,843;12,2531;670;670,7;65,0451;670;670,7;645;614,2;-0,700012;30,8;65,0451;65,5759;2583,74;64,5433;65,0451;214,01;65,2625;47,1871;12,073;57,6902;670,8;670;670,8;670;645;619,4;-0,799988;25,6;57,6902;57,7856;60,1274;2367,77;57,6902;57,9937;43,0171;190,207;12,4484;670;670,4;52,1973;670;670,4;645;628,7;-0,400024;16,3;52,1973;52,2693;54,8286;2091,45;52,1973;52,4442;44,8099;172,004;12,1593;670;670,2;47,3723;670;670,2;645;638,5;-0,200012;6,5;47,3723;47,3298;49,2571;2019,1;47,3723;47,3137;41,6325;155,189;13,0106;670;670,4;39,8096;670;670,4;645;636,9;-0,400024;8,09998;39,8096;40,1071;43,7713;1644,23;39,8096;39,7121;35,9648;130,281;12,6206
10.10.2025 00:11:40.820000;0;0;670;670,4;83,2309;670;670,4;645;617,6;-0,400024;27,4;83,2309;83,2598;71,4918;3330,61;83,2309;83,2004;62,1993;272,936;12,2029;670;670,7;65,0407;670;670,7;645;614,3;-0,700012;30,7;65,0407;65,4915;2584,46;64,5795;65,0407;213,36;65,0643;47,246;12,1131;57,6851;670,8;670;670,8;670;645;619,4;-0,799988;25,6;57,6851;57,6385;60,2032;2363,18;57,6851;57,972;42,9546;190,187;12,4256;670;670,4;52,1952;670;670,4;645;628,6;-0,400024;16,4;52,1952;52,2418;54,8599;2090,51;52,1952;52,4658;44,7898;172,101;12,147;670;670,2;47,3716;670;670,2;645;638,5;-0,200012;6,5;47,3716;47,3479;49,2571;2017,81;47,3716;47,2572;41,6325;154,965;13,0211;670;670,3;39,8978;670;670,4;645;636,8;-0,400024;8,20001;39,8978;40,1001;43,8085;1644,74;39,8978;39,7302;35,993;130,199;12,6325
10.10.2025 00:11:41.320000;0;0;670;670,4;83,2287;670;670,4;645;617,6;-0,400024;27,4;83,2287;82,8817;71,6352;3316,12;83,2287;83,2592;62,0833;273,111;12,142;670;670,7;65,0364;670;670,7;645;614,4;-0,700012;30,6;65,0364;65,3992;2594,27;64,7708;65,0364;212,261;64,7745;47,3889;12,2221;57,7702;670,7;670;670,7;670;645;619,5;-0,700012;25,5;57,7702;57,627;60,2484;2365,11;57,7702;58,0151;42,9137;190,257;12,4311;670;670,4;52,193;670;670,4;645;628,5;-0,400024;16,5;52,193;52,2298;54,8952;2090,35;52,193;52,505;44,7607;172,196;12,1394;670;670,3;47,2806;670;670,3;645;638,6;-0,299988;6,40002;47,2806;47,3219;49,2571;2018,57;47,2806;47,1867;41,6338;154,79;13,0407;670;670,4;39,8057;670;670,4;645;636,8;-0,400024;8,20001;39,8057;40,086;43,759;1644,32;39,8057;39,6519;35,9917;130,139;12,6351
10.10.2025 00:11:41.820000;0;0;670;670,5;83,1365;670;670,5;645;617,5;-0,5;27,5;83,1365;82,6473;71,8036;3305,45;83,1365;83,3152;61,9424;273,3;12,0946;670;670,8;64,9416;670;670,8;645;614,5;-0,799988;30,5;64,9416;65,3194;2599,16;64,9491;64,9416;211,436;64,5013;47,5342;12,2929;57,9466;670,5;670;670,5;670;645;619,4;-0,5;25,6;57,9466;57,8996;60,1122;2375,32;57,9466;57,9925;43,0205;190,228;12,4867;670;670,5;52,1006;670;670,5;645;628,4;-0,5;16,6;52,1006;52,1741;54,9506;2085,24;52,1006;52,5331;44,6969;172,322;12,1009;670;670,2;47,3697;670;670,2;645;638,6;-0,200012;6,40002;47,3697;47,3281;49,2571;2018,06;47,3697;47,1952;41,6488;154,813;13,0354;670;670,5;39,713;670;670,5;645;636,8;-0,5;8,20001;39,713;40,0975;43,6916;1643,68;39,713;39,6995;35,9709;130,124;12,6316
10.10.2025 00:11:42.320000;0;0;670;670,5;83,1335;670;670,5;645;617,5;-0,5;27,5;83,1335;82,8175;71,7735;3312,91;83,1335;83,3577;61,9574;273,413;12,1168;670;670,9;64,8464;670;670,9;645;614,6;-0,900024;30,4;64,8464;65,3194;2602,09;65,0343;64,8464;210,908;64,3129;47,637;12,3376;58,1242;670,3;670;670,3;670;645;619,4;-0,299988;25,6;58,1242;58,1179;60,1122;2384,59;58,1242;57,9685;43,0205;190,085;12,5449;670;670,5;52,0977;670;670,5;645;628,4;-0,5;16,6;52,0977;52,0103;55,063;2079,81;52,0977;52,5484;44,6294;172,359;12,0667;670;670,2;47,3689;670;670,2;645;638,6;-0,200012;6,40002;47,3689;47,3355;49,2571;2017,91;47,3689;47,1596;41,668;154,658;13,0476;670;670,5;39,7101;670;670,5;645;636,8;-0,5;8,20001;39,7101;40,0259;43,7101;1639,78;39,7101;39,6326;35,9709;130,059;12,608
10.10.2025 00:11:42.820000;0;0;670;670,6;83,0406;670;670,6;645;617,4;-0,599976;27,6;83,0406;83,0698;71,6718;3324,12;83,0406;83,364;62,0331;273,434;12,1569;670;671;64,7502;670;671;645;614,7;-1;30,3;64,7502;65,1307;2609,93;65,2061;64,7502;210,798;64,2717;47,6085;12,3812;58,2131;670,2;670;670,2;670;645;619,3;-0,200012;25,7;58,2131;58,1217;60,1122;2382,19;58,2131;57,8958;43,0776;189,885;12,5454;670;670,4;52,1852;670;670,4;645;628,4;-0,400024;16,6;52,1852;52,0268;55,0785;2082,7;52,1852;52,5382;44,6093;172,3;12,0877;670;670,2;47,3682;670;670,2;645;638,6;-0,200012;6,40002;47,3682;47,3214;49,2571;2017,8;47,3682;47,161;41,6655;154,688;13,0443;670;670,6;39,6169;670;670,7;645;636,7;-0,700012;8,29999;39,6169;39,9405;43,7131;1637,4;39,6169;39,6533;35,9709;129,934;12,6018
10.10.2025 00:11:43.320000;0;0;670;670,6;83,037;670;670,6;645;617,3;-0,599976;27,7;83,037;82,9648;71,7319;3319,76;83,037;83,3498;61,9808;273,379;12,1434;670;671,1;64,6535;670;671,1;645;614,7;-1,09998;30,3;64,6535;65,1533;2599,22;65,0225;64,6535;211,27;64,3755;47,5503;12,3028;58,3024;670,1;670;670,1;670;645;619,2;-0,0999756;25,8;58,3024;58,0238;60,1585;2378,66;58,3024;57,8824;43,0496;189,767;12,5346;670;670,5;52,0926;670;670,5;645;628,5;-0,5;16,5;52,0926;52,0509;55,0518;2083,35;52,0926;52,4662;44,625;172,014;12,1115;670;670,2;47,3675;670;670,2;645;638,6;-0,200012;6,40002;47,3675;47,2914;49,2571;2017,15;47,3675;47,1283;41,6719;154,635;13,0446;670;670,6;39,6127;670;670,6;645;636,7;-0,599976;8,29999;39,6127;39,8919;43,6874;1635,41;39,6127;39,5817;35,9709;129,907;12,5891
10.10.2025 00:11:43.820000;0;0;670;670,6;83,0341;670;670,6;645;617,2;-0,599976;27,8;83,0341;82,8747;71,7742;3319,2;83,0341;83,314;61,9429;273,227;12,1481;670;671,1;64,6477;670;671,2;645;614,8;-1,20001;30,2;64,6477;65,2111;2595,84;64,8829;64,6477;211,841;64,5474;47,4845;12,2537;58,3024;670,1;670;670,1;670;645;619,2;-0,0999756;25,8;58,3024;57,9495;60,2507;2375,92;58,3024;57,8036;43,0542;189,58;12,5325;670;670,5;52,0903;670;670,5;645;628,4;-0,5;16,6;52,0903;51,9992;55,0301;2081,3;52,0903;52,3444;44,6388;171,61;12,1281;670;670,3;47,2766;670;670,3;645;638,6;-0,299988;6,40002;47,2766;47,3448;49,2571;2020,06;47,2766;47,1476;41,6613;154,629;13,0639;670;670,6;39,6098;670;670,5;645;636,7;-0,5;8,29999;39,6098;39,8887;43,6946;1635,6;39,6098;39,6088;35,9709;129,838;12,5972
10.10.2025 00:11:44.320000;0;0;670;670,6;83,0304;670;670,6;645;617,2;-0,599976;27,8;83,0304;83,0787;71,6715;3325,98;83,0304;83,2905;62,0016;273,167;12,1756;670;671,3;64,4594;670;671,3;645;614,9;-1,29999;30,1;64,4594;65,2518;2595,45;64,8675;64,4594;212,435;64,7275;47,4145;12,2176;58,3024;670,1;670;670,1;670;645;619,2;-0,0999756;25,8;58,3024;58,0433;60,2171;2378,9;58,3024;57,8115;43,0939;189,549;12,5503;670;670,5;52,0874;670;670,5;645;628,4;-0,5;16,6;52,0874;51,9609;55,0144;2080,07;52,0874;52,2504;44,6481;171,308;12,1423;670;670,2;47,3656;670;670,2;645;638,7;-0,200012;6,29999;47,3656;47,4169;49,2568;2021,7;47,3656;47,1084;41,7191;154,468;13,0882;670;670,5;39,6968;670;670,5;645;636,6;-0,5;8,40002;39,6968;39,8414;43,7549;1633,66;39,6968;39,507;36,0103;129,637;12,6018
10.10.2025 00:11:44.820000;0;0;670;670,6;83,0261;670;670,6;645;617;-0,599976;28;83,0261;83,1837;71,6206;3334,76;83,0261;83,276;61,9936;273,116;12,21;670;671,4;64,3586;670;671,4;645;615;-1,40002;30;64,3586;65,2535;2604,05;65,0591;64,3586;213,013;64,9243;47,271;12,2248;58,3024;670;670;670;670;645;619,1;0;25,9;58,3024;58,0341;60,2373;2377;58,3024;57,7418;43,129;189,442;12,5474;670;670,4;52,1746;670;670,4;645;628,4;-0,400024;16,6;52,1746;52,0689;54,9281;2081,83;52,1746;52,118;44,7184;170,868;12,1839;670;670,1;47,4554;670;670,1;645;638,7;-0,0999756;6,29999;47,4554;47,401;49,2573;2022,14;47,4554;47,0542;41,7699;154,361;13,1;670;670,4;39,7839;670;670,4;645;636,6;-0,400024;8,40002;39,7839;39,932;43,7507;1637,53;39,7839;39,5428;36,039;129,66;12,6294
10.10.2025 00:11:45.320000;0;0;670;670,6;83,0232;670;670,6;645;617;-0,599976;28;83,0232;83,4911;71,5377;3337,16;83,0232;83,233;62,0027;272,945;12,2265;670;671,4;64,351;670;671,4;645;615;-1,40002;30;64,351;65,2701;2606,09;65,0595;64,351;213,138;64,987;47,2158;12,2272;58,3024;670;670;670;670;645;619,2;0;25,8;58,3024;58,0025;60,2636;2378,42;58,3024;57,8045;43,0977;189,645;12,5415;670;670,4;52,1728;670;670,3;645;628,4;-0,299988;16,6;52,1728;52,1119;54,9265;2085,95;52,1728;52,0632;44,7184;170,711;12,2192;670;670,2;47,3653;670;670,2;645;638,6;-0,200012;6,40002;47,3653;47,4226;49,2573;2020,82;47,3653;47,0151;41,8093;154,154;13,1091;670;670,3;39,8723;670;670,3;645;636,6;-0,299988;8,40002;39,8723;39,9317;43,7474;1636,4;39,8723;39,4684;36,0776;129,491;12,6372
10.10.2025 00:11:45.820000;0;0;670;670,6;83,0195;670;670,6;645;617;-0,599976;28;83,0195;83,3358;71,5949;3334,41;83,0195;83,1989;62,0091;272,889;12,2189;670;671,4;64,3416;670;671,4;645;615,1;-1,40002;29,9;64,3416;65,2187;2601,97;65,0978;64,3416;212,757;64,9056;47,2107;12,2298;58,3024;670;670;670;670;645;619,3;0;25,7;58,3024;58,1425;60,2028;2386,88;58,3024;57,821;43,1562;189,737;12,58;670;670,3;52,2613;670;670,2;645;628,4;-0,200012;16,6;52,2613;52,1608;54,927;2087,43;52,2613;51,9856;44,7511;170,442;12,2471;670;670,1;47,455;670;670,1;645;638,6;-0,0999756;6,40002;47,455;47,3668;49,2573;2019,24;47,455;47,0119;41,8059;154,243;13,0913;670;670,4;39,7804;670;670,3;645;636,6;-0,299988;8,40002;39,7804;39,8782;43,7716;1635,16;39,7804;39,5355;36,0651;129,63;12,6141
10.10.2025 00:11:46.320000;0;0;670;670,7;82,9255;670;670,7;645;616,9;-0,700012;28,1;82,9255;83,0921;71,623;3326,04;82,9255;83,2128;61,9588;272,925;12,1866;670;671,4;64,3321;670;671,4;645;615,1;-1,40002;29,9;64,3321;65,1728;2598,11;64,9428;64,3321;212,012;64,6693;47,2781;12,2545;58,3024;670,1;670;670,1;670;645;619,3;-0,0999756;25,7;58,3024;58,4184;60,1652;2397,07;58,3024;57,9215;43,1984;190,008;12,6156;670;670,1;52,4406;670;670,1;645;628,4;-0,0999756;16,6;52,4406;52,1961;54,9563;2087,24;52,4406;51,9101;44,8057;170,239;12,2606;670;670,2;47,3647;670;670,2;645;638,5;-0,200012;6,5;47,3647;47,3598;49,2578;2020,54;47,3647;47,0069;41,8202;154,157;13,107;670;670,3;39,869;670;670,3;645;636,6;-0,299988;8,40002;39,869;39,8822;43,7715;1634,69;39,869;39,4524;36,1505;129,468;12,6262
10.10.2025 00:11:46.820000;0;0;670;670,7;82,9212;670;670,7;645;616,9;-0,700012;28,1;82,9212;82,9272;71,7122;3315,57;82,9212;83,2167;61,943;272,938;12,1477;670;671,4;64,3227;670;671,4;645;615,2;-1,40002;29,8;64,3227;65,0624;2598,43;64,9306;64,3227;211,267;64,4656;47,3465;12,2993;58,3024;670,1;670;670,1;670;645;619,2;-0,0999756;25,8;58,3024;58,4072;60,1673;2393,58;58,3024;57,9959;43,1856;190,329;12,576;670;670,1;52,4406;670;670,1;645;628,6;-0,0999756;16,4;52,4406;52,0768;55,073;2084,7;52,4406;51,8983;44,772;170,188;12,2494;670;670,2;47,364;670;670,2;645;638,4;-0,200012;6,59998;47,364;47,3105;49,2578;2018,27;47,364;47,0382;41,8034;154,298;13,0803;670;670,4;39,777;670;670,4;645;636,5;-0,400024;8,5;39,777;39,8978;43,7611;1635,97;39,777;39,5778;36,0778;129,879;12,5961
10.10.2025 00:11:47.320000;0;0;670;670,8;82,8262;670;670,8;645;616,9;-0,799988;28,1;82,8262;82,9334;71,7131;3320,11;82,8262;83,1932;61,8965;272,843;12,1686;670;671,4;64,3128;670;671,4;645;615,1;-1,40002;29,9;64,3128;64,9038;2600,59;64,9662;64,3128;210,618;64,2424;47,3627;12,3474;58,3024;670,1;670;670,1;670;645;619,2;-0,0999756;25,8;58,3024;58,3568;60,1697;2391,19;58,3024;58,1369;43,1377;190,72;12,5377;670;670,1;52,4406;670;670,1;645;628,7;-0,0999756;16,3;52,4406;52,2161;55,0153;2091,24;52,4406;51,8827;44,8448;170,154;12,2902;670;670,2;47,3633;670;670,2;645;638,3;-0,200012;6,70001;47,3633;47,3368;49,2578;2019,61;47,3633;47,0147;41,8369;154,226;13,0951;670;670,4;39,7739;670;670,4;645;636,5;-0,400024;8,5;39,7739;40,0146;43,6921;1640,6;39,7739;39,7708;36,0409;130,448;12,5766
10.10.2025 00:11:47.820000;0;0;670;670,8;82,8207;670;670,9;645;616,9;-0,900024;28,1;82,8207;83,1872;71,6363;3330,87;82,8207;83,1399;61,8956;272,686;12,215;670;671,4;64,3034;670;671,3;645;615,1;-1,29999;29,9;64,3034;64,861;2605,33;65,0379;64,3034;210,092;64,0839;47,4144;12,4009;58,3024;670,1;670;670,1;670;645;619,2;-0,0999756;25,8;58,3024;58,2756;60,1697;2387,86;58,3024;58,1666;43,1185;190,825;12,5134;670;670,1;52,4406;670;670,1;645;628,8;-0,0999756;16,2;52,4406;52,3003;54,9769;2093,01;52,4406;51,8459;44,9141;170,029;12,3097;670;670,2;47,3626;670;670,2;645;638,2;-0,200012;6,79999;47,3626;47,4468;49,2578;2023,64;47,3626;47,0173;41,862;154,255;13,1188;670;670,5;39,6817;670;670,5;645;636,5;-0,5;8,5;39,6817;39,8943;43,7765;1635,82;39,6817;40,0231;35,9766;131,297;12,459
10.10.2025 00:11:48.320000;0;0;670;670,9;82,7249;670;670,8;645;616,8;-0,799988;28,2;82,7249;83,1685;71,6363;3327,91;82,7249;83,1525;61,833;272,753;12,2012;670;671,3;64,3846;670;671,3;645;615;-1,29999;30;64,3846;64,7804;2612,54;65,1954;64,3846;209,706;63,9466;47,5185;12,4581;58,2123;670,2;670;670,2;670;645;619,2;-0,200012;25,8;58,2123;58,2433;60,1697;2387,5;58,2123;58,2444;43,115;191,029;12,4981;670;670,1;52,4406;670;670,1;645;628,9;-0,0999756;16,1;52,4406;52,4154;54,9576;2100,17;52,4406;51,8254;44,9957;170,026;12,3521;670;670,1;47,4521;670;670,1;645;638,2;-0,0999756;6,79999;47,4521;47,3754;49,2578;2020,08;47,4521;46,9926;41,8935;154,072;13,1113;670;670,4;39,7691;670;670,4;645;636,5;-0,400024;8,5;39,7691;39,8978;43,8308;1636,13;39,7691;40,1272;35,9177;131,681;12,4249
10.10.2025 00:11:48.820000;0;0;670;670,8;82,8098;670;670,8;645;616,9;-0,799988;28,1;82,8098;83,3643;71,5763;3339,9;82,8098;83,1468;61,8517;272,714;12,2469;670;671,2;64,4664;670;671,2;645;614,9;-1,20001;30,1;64,4664;64,7255;2614,69;65,2919;64,4664;209,542;63,8865;47,6031;12,4781;58,1213;670,3;670;670,3;670;645;619,3;-0,299988;25,7;58,1213;58,1577;60,1697;2384,47;58,1213;58,2414;43,1069;191,032;12,482;670;670;52,4406;670;670;645;628,9;0;16,1;52,4406;52,6549;54,8969;2107,04;52,4406;51,8815;45,0221;170,171;12,3819;670;670,3;47,2718;670;670,3;645;638,1;-0,299988;6,90002;47,2718;47,3418;49,2589;2018,66;47,2718;46,9667;41,9118;154,051;13,1038;670;670,6;39,5861;670;670,6;645;636,6;-0,599976;8,40002;39,5861;39,8943;43,9173;1635,19;39,5861;40,2701;35,7591;132,086;12,3797
10.10.2025 00:11:49.320000;0;0;670;670,8;82,8047;670;670,8;645;617,1;-0,799988;27,9;82,8047;83,6145;71,427;3343,2;82,8047;83,1357;61,8389;272,634;12,2626;670;671,1;64,549;670;671;645;614,7;-1;30,3;64,549;64,7745;2611,18;65,1902;64,549;209,628;63,8791;47,6748;12,4563;58,1201;670,3;670;670,4;670;645;619,3;-0,400024;25,7;58,1201;58,2598;60,1697;2388,17;58,1201;58,2944;43,0822;191,169;12,4925;670;670;52,4406;670;670;645;628,9;0;16,1;52,4406;52,7496;54,8425;2111,47;52,4406;51,95;45,0176;170,423;12,3896;670;670,3;47,2706;670;670,3;645;638,1;-0,299988;6,90002;47,2706;47,4082;49,2397;2021,95;47,2706;46,9097;41,9189;153,852;13,1422;670;670,6;39,5832;670;670,7;645;636,6;-0,700012;8,40002;39,5832;39,9329;43,9133;1638,69;39,5832;40,2754;35,7249;132,194;12,396
10.10.2025 00:11:49.820000;0;0;670;670,7;82,8897;670;670,7;645;617,4;-0,700012;27,6;82,8897;83,5461;71,4006;3343,18;82,8897;83,0543;61,8563;272,367;12,2746;670;671;64,6323;670;670,9;645;614,6;-0,900024;30,4;64,6323;64,7365;2611,08;65,2789;64,6323;210,132;64,0374;47,6819;12,4259;58,0275;670,4;670;670,4;670;645;619,2;-0,400024;25,8;58,0275;58,1;60,1702;2383,22;58,0275;58,2258;43,0647;190,98;12,4789;670;670;52,4406;670;670;645;628,9;0;16,1;52,4406;52,6095;54,9002;2105,22;52,4406;51,9716;45,0394;170,467;12,3497;670;670,3;47,2689;670;670,3;645;638,2;-0,299988;6,79999;47,2689;47,3328;49,2562;2018,43;47,2689;46,9198;41,9347;153,858;13,1188;670;670,6;39,5784;670;670,5;645;636,6;-0,5;8,40002;39,5784;39,9955;43,9341;1640,3;39,5784;40,3406;35,641;132,266;12,4015
10.10.2025 00:11:50.320000;0;0;670;670,7;82,8853;670;670,6;645;617,6;-0,599976;27,4;82,8853;83,4995;71,3805;3337,96;82,8853;83,0221;61,8999;272,303;12,2583;670;670,9;64,7153;670;670,9;645;614,4;-0,900024;30,6;64,7153;64,8038;2607,87;65,1706;64,7153;210,955;64,3154;47,6378;12,3622;57,8445;670,6;670;670,6;670;645;619,3;-0,599976;25,7;57,8445;58,2721;60,1702;2389,16;57,8445;58,2453;42,971;191,045;12,5057;670;670;52,4406;670;670;645;628,9;0;16,1;52,4406;52,5417;54,9307;2102,67;52,4406;52,0343;45,0368;170,698;12,3181;670;670,3;47,2674;670;670,3;645;638,2;-0,299988;6,79999;47,2674;47,4348;49,2208;2022,78;47,2674;46,8923;41,9628;153,833;13,1492;670;670,6;39,5749;670;670,6;645;636,6;-0,599976;8,40002;39,5749;40,0493;43,818;1642,18;39,5749;40,133;35,6867;131,598;12,4788
10.10.2025 00:11:50.820000;0;0;670;670,6;82,9709;670;670,6;645;617,7;-0,599976;27,3;82,9709;83,0186;71,5578;3322,07;82,9709;82,9778;61,9136;272,167;12,206;670;670,7;64,8904;670;670,7;645;614,3;-0,700012;30,7;64,8904;64,8762;2607,5;65,1615;64,8904;211,717;64,5479;47,6311;12,316;57,8409;670,6;670;670,6;670;645;619,4;-0,599976;25,6;57,8409;58,3568;60,146;2393,75;57,8409;58,2113;42,9649;190,946;12,5362;670;670,1;52,4406;670;670,1;645;628,9;-0,0999756;16,1;52,4406;52,61;54,8944;2106,04;52,4406;52,0511;45,0501;170,74;12,3348;670;670,3;47,266;670;670,3;645;638,2;-0,299988;6,79999;47,266;47,3258;49,2523;2018,45;47,266;47,0265;41,9231;154,337;13,0782;670;670,6;39,5713;670;670,6;645;636,6;-0,599976;8,40002;39,5713;40,0722;43,818;1642,48;39,5713;39,985;35,7178;131,048;12,5334
10.10.2025 00:11:51.320000;0;0;670;670,7;82,8769;670;670,7;645;617,7;-0,700012;27,3;82,8769;82,979;71,5578;3321,28;82,8769;82,9874;61,9095;272,199;12,2017;670;670,7;64,886;670;670,7;645;614,3;-0,700012;30,7;64,886;64,9593;2593,57;64,7973;64,886;212,351;64,7137;47,5437;12,2136;57,7472;670,7;670;670,7;670;645;619,5;-0,700012;25,5;57,7472;58,4509;60,0973;2395,53;57,7472;58,2165;42,9425;190,912;12,5478;670;670,1;52,4406;670;670,1;645;628,9;-0,0999756;16,1;52,4406;52,614;54,8859;2104,92;52,4406;52,0953;45,0502;170,86;12,3196;670;670,4;47,174;670;670,4;645;638,2;-0,400024;6,79999;47,174;47,2889;49,2512;2016,4;47,174;47,1998;41,8704;154,854;13,0213;670;670,6;39,5677;670;670,6;645;636,6;-0,599976;8,40002;39,5677;40,0676;43,6881;1642,93;39,5677;39,7235;35,8101;130,28;12,6108
10.10.2025 00:11:51.820000;0;0;670;670,6;82,9631;670;670,6;645;617,8;-0,599976;27,2;82,9631;83,1175;71,5362;3326,03;82,9631;82,9763;61,9133;272,162;12,2208;670;670,7;64,8817;670;670,7;645;614,4;-0,700012;30,6;64,8817;64,9683;2591,63;64,7649;64,8817;212,764;64,8669;47,5429;12,1808;57,7428;670,7;670;670,7;670;645;619,7;-0,700012;25,3;57,7428;58,2673;60,149;2390,4;57,7428;58,1425;42,9133;190,72;12,5335;670;670;52,4406;670;670;645;628,9;0;16,1;52,4406;52,7024;54,8347;2108,14;52,4406;52,1113;45,0601;170,938;12,3328;670;670,4;47,1718;670;670,4;645;638,2;-0,400024;6,79999;47,1718;47,2745;49,2622;2016,58;47,1718;47,396;41,8183;155,536;12,9654;670;670,6;39,5641;670;670,6;645;636,6;-0,599976;8,40002;39,5641;40,1185;43,6121;1644,7;39,5641;39,6572;35,8294;129,986;12,6529
10.10.2025 00:11:52.320000;0;0;670;670,6;82,9594;670;670,6;645;617,9;-0,599976;27,1;82,9594;83,1657;71,5204;3327,8;82,9594;82,998;61,9133;272,285;12,2218;670;670,7;64,8773;670;670,7;645;614,4;-0,700012;30,6;64,8773;65,0566;2589,41;64,6974;64,8773;213,132;64,9752;47,464;12,1494;57,7384;670,7;670;670,7;670;645;619,7;-0,700012;25,3;57,7384;58,3373;60,0821;2391,67;57,7384;58,0864;42,9151;190,472;12,5565;670;670;52,4406;670;670;645;628,8;0;16,2;52,4406;52,6383;54,8603;2107,01;52,4406;52,1572;45,0556;171,088;12,3153;670;670,4;47,1696;670;670,4;645;638,3;-0,400024;6,70001;47,1696;47,2708;49,3277;2015,47;47,1696;47,5164;41,7566;155,905;12,9275;670;670,5;39,6511;670;670,5;645;636,5;-0,5;8,5;39,6511;40,0474;43,624;1641,31;39,6511;39,4919;35,855;129,533;12,671
10.10.2025 00:11:52.820000;0;0;670;670,6;82,9558;670;670,6;645;618;-0,599976;27;82,9558;83,1359;71,5459;3326,45;82,9558;83,0266;61,9133;272,353;12,2137;670;670,6;64,9632;670;670,6;645;614,4;-0,599976;30,6;64,9632;65,1008;2591,27;64,7199;64,9632;213,43;65,0623;47,4254;12,1411;57,7341;670,7;670;670,7;670;645;619,7;-0,700012;25,3;57,7341;58,3989;59,9731;2393,71;57,7341;57,962;42,9514;190,084;12,5929;670;670;52,4406;670;670;645;628,7;0;16,3;52,4406;52,6386;54,854;2106,73;52,4406;52,2088;45,0454;171,253;12,3018;670;670,5;47,0768;670;670,5;645;638,4;-0,5;6,59998;47,0768;47,3015;49,386;2016,94;47,0768;47,6385;41,6456;156,275;12,9063;670;670,5;39,6477;670;670,5;645;636,5;-0,5;8,5;39,6477;40,0199;43,5709;1641,01;39,6477;39,4298;35,8447;129,262;12,6952
10.10.2025 00:11:53.320000;0;0;670;670,6;82,9522;670;670,6;645;618;-0,599976;27;82,9522;82,9422;71,5515;3319,33;82,9522;83,0441;61,9125;272,359;12,1874;670;670,6;64,9596;670;670,6;645;614,4;-0,599976;30,6;64,9596;65,0641;2595,25;64,8673;64,9596;213,563;65,1146;47,4519;12,1522;57,8203;670,6;670;670,6;670;645;619,6;-0,599976;25,4;57,8203;58,3178;59,967;2390,39;57,8203;57,9084;42,9984;189,901;12,5876;670;670;52,4406;670;669,9;645;628,7;0,0999756;16,3;52,4406;52,6679;54,8324;2107,83;52,4406;52,2296;45,0453;171,339;12,3021;670;670,6;46,9839;670;670,6;645;638,5;-0,599976;6,5;46,9839;47,3996;49,3906;2021,44;46,9839;47,7139;41,5805;156,514;12,9153;670;670,5;39,6448;670;670,5;645;636,4;-0,5;8,59998;39,6448;40,0138;43,5994;1640,25;39,6448;39,321;35,9352;128,973;12,7178
10.10.2025 00:11:53.820000;0;0;670;670,7;82,8585;670;670,7;645;618,1;-0,700012;26,9;82,8585;82,8023;71,6152;3312,94;82,8585;83,0266;61,8609;272,34;12,1647;670;670,6;64,9559;670;670,6;645;614,5;-0,599976;30,5;64,9559;65,0158;2597,01;64,8993;64,9559;213,327;65,0388;47,4891;12,1738;57,9068;670,5;670;670,5;670;645;619,6;-0,5;25,4;57,9068;58,2249;59,9927;2386,42;57,9068;57,8327;42,9984;189,691;12,5806;670;670;52,4406;670;670;645;628,7;0;16,3;52,4406;52,7659;54,7721;2111,97;52,4406;52,2715;45,0344;171,476;12,3164;670;670,7;46,89;670;670,7;645;638,5;-0,700012;6,5;46,89;47,337;49,4415;2018,61;46,89;47,7207;41,4616;156,511;12,8975;670;670,5;39,6419;670;670,5;645;636,4;-0,5;8,59998;39,6419;39,8921;43,6458;1635,57;39,6419;39,3045;35,9549;128,867;12,6919
10.10.2025 00:11:54.320000;0;0;670;670,8;82,7641;670;670,8;645;618,2;-0,799988;26,8;82,7641;83,281;71,4883;3335,77;82,7641;83,0489;61,8662;272,408;12,2455;670;670,6;64,9523;670;670,6;645;614,5;-0,599976;30,5;64,9523;64,9963;2600,69;65,0151;64,9523;212,971;64,936;47,5046;12,2115;57,9941;670,4;670;670,4;670;645;619,5;-0,400024;25,5;57,9941;58,3139;59,9772;2390,93;57,9941;57,8123;43,0319;189,617;12,6093;670;670;52,4406;670;670;645;628,7;0;16,3;52,4406;52,7836;54,7472;2112,03;52,4406;52,3177;45,019;171,633;12,3055;670;670,8;46,7953;670;670,8;645;638,6;-0,799988;6,40002;46,7953;47,4227;49,3783;2022,74;46,7953;47,6534;41,4027;156,295;12,9418;670;670,4;39,7295;670;670,4;645;636,4;-0,400024;8,59998;39,7295;39,8377;43,7118;1633,19;39,7295;39,2295;36,0426;128,728;12,6871
10.10.2025 00:11:54.820000;0;0;670;670,8;82,759;670;670,8;645;618,3;-0,799988;26,7;82,759;83,4872;71,4;3343,54;82,759;83,1076;61,7911;272,619;12,2645;670;670,5;65,0389;670;670,5;645;614,6;-0,5;30,4;65,0389;65,0144;2595,43;64,9037;65,0389;212,412;64,7833;47,5137;12,2188;58,0824;670,3;670;670,3;670;645;619,5;-0,299988;25,5;58,0824;58,1642;60,0777;2383,62;58,0824;57,781;43,0887;189,534;12,5762;670;670,1;52,4406;670;670,1;645;628,9;-0,0999756;16,1;52,4406;52,7173;54,7651;2109,21;52,4406;52,3647;45,0102;171,756;12,2803;670;671;46,6095;670;671;645;638,8;-1;6,20001;46,6095;47,4819;49,3169;2024,95;46,6095;47,5751;41,3074;155,944;12,9851;670;670,3;39,8179;670;670,3;645;636,4;-0,299988;8,59998;39,8179;39,8264;43,7155;1633,2;39,8179;39,4331;36,0194;129,405;12,6209
10.10.2025 00:11:55.320000;0;0;670;670,9;82,6635;670;670,9;645;618,3;-0,900024;26,7;82,6635;83,4501;71,4145;3337,42;82,6635;83,1423;61,7195;272,732;12,237;670;670,5;65,036;670;670,5;645;614,6;-0,5;30,4;65,036;65,042;2595,07;64,8549;65,036;211,871;64,6105;47,5681;12,2484;58,1712;670,2;670;670,2;670;645;619,4;-0,200012;25,6;58,1712;57,986;60,1219;2378,4;58,1712;57,7923;43,0557;189,533;12,5487;670;670,1;52,4406;670;670,1;645;629,2;-0,0999756;15,8;52,4406;52,7609;54,7317;2111,44;52,4406;52,3996;45,0102;171,858;12,286;670;671;46,6029;670;671;645;638,9;-1;6,09998;46,6029;47,5124;49,2773;2024,97;46,6029;47,3359;41,3508;155,262;13,0423;670;670,2;39,9067;670;670,3;645;636,3;-0,299988;8,70001;39,9067;39,8299;43,7155;1633,67;39,9067;39,6952;35,9309;130,316;12,5362
10.10.2025 00:11:55.820000;0;0;670;671;82,5674;670;671;645;618,4;-1;26,6;82,5674;82,8023;71,6628;3310,86;82,5674;83,1893;61,6335;272,899;12,1322;670;670,5;65,0331;670;670,5;645;614,4;-0,5;30,6;65,0331;65,0786;2591,01;64,7893;65,0331;211,499;64,5009;47,5988;12,2507;58,2606;670,1;670;670,1;670;645;619,4;-0,0999756;25,6;58,2606;58,0102;60,1139;2378,39;58,2606;57,7571;43,0889;189,443;12,5547;670;670,2;52,3502;670;670,2;645;629,5;-0,200012;15,5;52,3502;52,7194;54,7263;2109,78;52,3502;52,4153;45,0102;171,935;12,2708;670;671;46,5964;670;671;645;638,9;-1;6,09998;46,5964;47,4207;49,2283;2021,54;46,5964;47,1596;41,3819;154,607;13,0754;670;670,3;39,8154;670;670,3;645;636,3;-0,299988;8,70001;39,8154;39,8639;43,7163;1634,1;39,8154;39,9655;35,8968;131,125;12,4621
10.10.2025 00:11:56.320000;0;0;670;671;82,5608;670;671;645;618,5;-1;26,5;82,5608;82,2237;72,0037;3290,6;82,5608;83,2152;61,4407;272,959;12,0553;670;670,4;65,1204;670;670,4;645;614,3;-0,400024;30,7;65,1204;65,1889;2588,17;64,6863;65,1204;211,196;64,4009;47,6084;12,2548;58,2606;670;670;670;670;645;619,5;0;25,5;58,2606;57,8454;60,2555;2371,79;58,2606;57,7666;43,0321;189,449;12,5194;670;670,3;52,259;670;670,3;645;629,7;-0,299988;15,3;52,259;52,5898;54,8077;2104,43;52,259;52,4638;44,9654;172,081;12,2293;670;670,9;46,6804;670;670,9;645;638,9;-0,900024;6,09998;46,6804;47,4504;49,0814;2023,76;46,6804;46,9299;41,4872;153,866;13,1528;670;670,4;39,7237;670;670,4;645;636,3;-0,400024;8,70001;39,7237;39,802;43,824;1632,04;39,7237;40,1076;35,7956;131,656;12,3963
10.10.2025 00:11:56.820000;0;0;670;670,9;82,6449;670;670,9;645;618,5;-0,900024;26,5;82,6449;82,541;71,9072;3304,73;82,6449;83,2414;61,5049;273,057;12,1027;670;670,4;65,1182;670;670,4;645;614,3;-0,400024;30,7;65,1182;65,1203;2594,4;64,8501;65,1182;211,026;64,3373;47,7205;12,2942;58,2606;670;670;670;670;645;619,7;0;25,3;58,2606;57,9104;60,2413;2374,49;58,2606;57,7422;43,0612;189,407;12,5364;670;670,3;52,2575;670;670,3;645;629,7;-0,299988;15,3;52,2575;52,6777;54,7647;2107,79;52,2575;52,4748;44,9528;172,13;12,2453;670;670,8;46,7652;670;670,8;645;638,9;-0,799988;6,09998;46,7652;47,5239;48,928;2025,78;46,7652;46,7295;41,5443;153,221;13,2213;670;670,5;39,6315;670;670,5;645;636,3;-0,5;8,70001;39,6315;39,7577;43,9565;1630,39;39,6315;40,2872;35,6961;132,155;12,3369
10.10.2025 00:11:57.320000;0;0;670;670,9;82,6391;670;670,9;645;618,7;-0,900024;26,3;82,6391;82,8793;71,7772;3319,06;82,6391;83,2676;61,4987;273,131;12,1519;670;670,3;65,2061;670;670,3;645;614,2;-0,299988;30,8;65,2061;65,0415;2603,57;65,0473;65,2061;210,818;64,2816;47,8573;12,3499;58,2606;669,9;670;669,9;670;645;619,7;0,0999756;25,3;58,2606;57,869;60,2792;2373,43;58,2606;57,7727;43,0356;189,482;12,5259;670;670,3;52,2561;670;670,2;645;629,7;-0,200012;15,3;52,2561;52,6258;54,7897;2105,55;52,2561;52,4818;44,9412;172,153;12,2307;670;670,7;46,8506;670;670,7;645;639;-0,700012;6;46,8506;47,5088;48,9413;2025,78;46,8506;46,6231;41,6003;152,911;13,2481;670;670,5;39,6286;670;670,5;645;636,4;-0,5;8,59998;39,6286;39,7504;43,9864;1630,09;39,6286;40,2866;35,623;132,166;12,3337
10.10.2025 00:11:57.820000;0;0;670;671,1;82,4523;670;671,1;645;618,8;-1,09998;26,2;82,4523;83,1121;71,6531;3325,97;82,4523;83,2363;61,396;273,015;12,1824;670;670,3;65,2047;670;670,3;645;614,2;-0,299988;30,8;65,2047;65,1075;2598,87;64,9817;65,2047;210,695;64,2267;47,8979;12,3347;58,2606;670;670;669,9;670;645;619,7;0,0999756;25,3;58,2606;57,8686;60,2962;2371,98;58,2606;57,7492;43,0458;189,436;12,5213;670;670,2;52,3453;670;670,2;645;629,7;-0,200012;15,3;52,3453;52,6023;54,8049;2104,61;52,3453;52,4936;44,9674;172,171;12,224;670;670,7;46,8463;670;670,6;645;639;-0,599976;6;46,8463;47,5169;48,9004;2026,6;46,8463;46,7171;41,5674;153,249;13,2242;670;670,5;39,6257;670;670,5;645;636,5;-0,5;8,5;39,6257;39,8836;43,914;1635,23;39,6257;40,2279;35,608;131,874;12,3999
10.10.2025 00:11:58.320000;0;0;670;671;82,5356;670;671;645;618,8;-1;26,2;82,5356;83,3726;71,6112;3336,56;82,5356;83,214;61,3961;272,942;12,2244;670;670,2;65,2934;670;670,2;645;614,1;-0,200012;30,9;65,2934;65,1868;2599,44;64,9405;65,2934;210,795;64,2551;47,907;12,3316;58,2606;669,9;670;669,9;670;645;619,8;0,0999756;25,2;58,2606;58,0504;60,2195;2380,71;58,2606;57,7305;43,1315;189,343;12,5735;670;670,1;52,4346;670;670,1;645;629,6;-0,0999756;15,4;52,4346;52,5627;54,8091;2103,19;52,4346;52,4983;44,9617;172,182;12,215;670;670,6;46,9326;670;670,6;645;638,9;-0,599976;6,09998;46,9326;47,4491;48,9473;2021,95;46,9326;46,7961;41,574;153,555;13,1676;670;670,5;39,6223;670;670,6;645;636,5;-0,599976;8,5;39,6223;39,926;43,7979;1637,44;39,6223;39,9974;35,6347;131,114;12,4887
10.10.2025 00:11:58.820000;0;0;670;671,2;82,3486;670;671,2;645;618,8;-1,20001;26,2;82,3486;83,4563;71,5556;3341,35;82,3486;83,1938;61,3255;272,888;12,2444;670;670,1;65,3832;670;670,1;645;614;-0,0999756;31;65,3832;65,2652;2597,3;64,914;65,3832;211,256;64,3995;47,8714;12,2946;58,2606;670;670;670;670;645;620;0;25;58,2606;58,1319;60,1843;2384,21;58,2606;57,7105;43,1897;189,329;12,5929;670;670,2;52,3444;670;670,2;645;629,5;-0,200012;15,5;52,3444;52,5327;54,8091;2104,07;52,3444;52,4822;44,9675;172,116;12,2247;670;670,6;46,929;670;670,6;645;638,8;-0,599976;6,20001;46,929;47,2652;49,0183;2015,05;46,929;46,9172;41,5594;153,927;13,091;670;670,6;39,5288;670;670,6;645;636,7;-0,599976;8,29999;39,5288;39,9903;43,7463;1639,6;39,5288;39,7895;35,6988;130,266;12,5866
10.10.2025 00:11:59.320000;0;0;670;671,2;82,3406;670;671,3;645;618,8;-1,29999;26,2;82,3406;83,5043;71,5046;3340,07;82,3406;83,167;61,2488;272,771;12,245;670;670;65,3832;670;670;645;613,9;0;31,1;65,3832;65,4919;2581,68;64,5279;65,3832;212,115;64,6506;47,7084;12,1711;58,2606;670,1;670;670,1;670;645;620,1;-0,0999756;24,9;58,2606;58,1042;60,2011;2381,63;58,2606;57,8088;43,1561;189,649;12,5581;670;670,2;52,3437;670;670,2;645;629,4;-0,200012;15,6;52,3437;52,6011;54,7928;2104,89;52,3437;52,4709;44,9701;172,115;12,2295;670;670,6;46,9254;670;670,6;645;638,7;-0,599976;6,29999;46,9254;47,1669;49,0756;2010,1;46,9254;46,9684;41,5594;154,106;13,0436;670;670,6;39,5254;670;670,6;645;636,7;-0,599976;8,29999;39,5254;40,0593;43,609;1642,43;39,5254;39,5509;35,7602;129,661;12,6671
10.10.2025 00:11:59.820000;0;0;670;671,2;82,332;670;671,2;645;618,8;-1,20001;26,2;82,332;83,1489;71,6198;3327,29;82,332;83,1143;61,1792;272,615;12,2051;670;669,9;65,3832;670;669,9;645;613,8;0,0999756;31,2;65,3832;65,5413;2582,06;64,5279;65,3832;212,872;64,8842;47,6025;12,1297;58,2606;670,1;670;670,2;670;645;620,3;-0,200012;24,7;58,2606;58,1598;60,1755;2384,23;58,2606;57,9055;43,1513;190,033;12,5464;670;670,3;52,2526;670;670,3;645;629,2;-0,299988;15,8;52,2526;52,4334;54,8076;2098,81;52,2526;52,4462;44,9404;172,011;12,2016;670;670,6;46,9217;670;670,6;645;638,7;-0,599976;6,29999;46,9217;47,1488;49,1086;2010,91;46,9217;47,0222;41,5594;154,194;13,0414;670;670,5;39,612;670;670,5;645;636,6;-0,5;8,40002;39,612;40,051;43,5851;1642,25;39,612;39,3934;35,8086;129,018;12,7289
10.10.2025 00:12:00.320000;0;0;670;671,2;82,324;670;671,2;645;618,7;-1,20001;26,3;82,324;82,955;71,6523;3318,89;82,324;83,1182;61,164;272,615;12,1743;670;669,8;65,4734;670;669,8;645;613,8;0,200012;31,2;65,4734;65,5721;2587,8;64,6449;65,4734;212,974;64,939;47,6113;12,1507;58,1699;670,2;670;670,2;670;645;620,4;-0,200012;24,6;58,1699;58,0666;60,177;2382,33;58,1699;58,019;43,0936;190,302;12,5186;670;670,3;52,2512;670;670,3;645;629,2;-0,299988;15,8;52,2512;52,4134;54,8076;2097,21;52,2512;52,4384;44,937;171,985;12,1942;670;670,6;46,9181;670;670,6;645;638,8;-0,599976;6,20001;46,9181;47,1343;49,1113;2010,92;46,9181;47,0183;41,5594;154,22;13,0393;670;670,5;39,6091;670;670,5;645;636,6;-0,5;8,40002;39,6091;40,041;43,5677;1641,2;39,6091;39,2172;35,8937;128,684;12,7538
10.10.2025 00:12:00.820000;0;0;670;671,1;82,4062;670;671,1;645;618,7;-1,09998;26,3;82,4062;82,8367;71,7215;3314,79;82,4062;83,1233;61,1122;272,621;12,159;670;669,7;65,5642;670;669,7;645;613,8;0,299988;31,2;65,5642;65,5214;2592,8;64,8236;65,5642;212,619;64,8342;47,6851;12,1946;58,0787;670,3;670;670,3;670;645;620,4;-0,299988;24,6;58,0787;58,0939;60,1753;2383,29;58,0787;58,0629;43,0936;190,499;12,5107;670;670,3;52,2497;670;670,3;645;629,3;-0,299988;15,7;52,2497;52,3483;54,8076;2095,89;52,2497;52,4157;44,9401;171,873;12,1944;670;670,6;46,9145;670;670,5;645;638,8;-0,5;6,20001;46,9145;47,1116;49,1187;2009,36;46,9145;47,066;41,5373;154,403;13,0137;670;670,5;39,6062;670;670,5;645;636,5;-0,5;8,5;39,6062;39,9317;43,6033;1636,56;39,6062;39,3157;35,8697;129,021;12,6845
10.10.2025 00:12:01.320000;0;0;670;671,1;82,3989;670;671,1;645;618,6;-1,09998;26,4;82,3989;82,8758;71,6864;3318,44;82,3989;83,073;61,1253;272,467;12,1792;670;669,7;65,5657;670;669,7;645;613,9;0,299988;31,1;65,5657;65,6124;2595,71;64,8108;65,5657;211,938;64,6584;47,7078;12,2475;58,1678;670,2;670;670,2;670;645;620,5;-0,200012;24,5;58,1678;58,2471;60,1753;2387,65;58,1678;58,1378;43,0936;190,689;12,5212;670;670,3;52,2483;670;670,3;645;629,3;-0,299988;15,7;52,2483;52,4037;54,8076;2096,19;52,2483;52,3886;44,9475;171,806;12,2009;670;670,5;47,0015;670;670,5;645;638,8;-0,5;6,20001;47,0015;47,1045;49,1187;2008,85;47,0015;47,0507;41,5565;154,35;13,015;670;670,5;39,6033;670;670,5;645;636,6;-0,5;8,40002;39,6033;39,9118;43,5992;1635,9;39,6033;39,4687;35,8159;129,635;12,6193